pedido_id,id_cliente,id_produto,data_pedido,id_vendedor,quantidade,valor_frete,total_pedido,municipio,estado,regiao
1,218,SKU-231,2025-02-12,6,1,18.59,1994.03,Piracicaba,SP,Sudeste
2,2,SKU-171,2026-01-17,14,3,17.47,6014.64,Sorocaba,SP,Sudeste
3,337,SKU-035,2025-04-09,9,1,22.79,2777.19,Quixada,CE,Nordeste
4,1489,SKU-186,2025-12-15,4,1,23.75,273.82,Sorocaba,SP,Sudeste
5,159,SKU-211,2026-03-12,5,3,6.17,2894.76,Rio de Janeiro,RJ,Sudeste
6,676,SKU-036,2025-09-22,14,4,34.98,1517.92,Foz do Iguacu,PR,Sul
7,269,SKU-020,2026-01-08,1,1,19.95,581.57,Guarapuava,PR,Sul
8,3,SKU-073,2025-12-02,10,2,26.35,2062.22,Pocos de Caldas,MG,Sudeste
9,553,SKU-026,2026-01-07,6,1,7.85,2399.56,Foz do Iguacu,PR,Sul
10,1190,SKU-047,2025-08-06,14,1,11.95,223.57,Cascavel,PR,Sul
11,878,SKU-194,2025-03-23,15,3,32.19,7546.32,Londrina,PR,Sul
12,258,SKU-239,2025-02-11,11,3,32.57,677.91,Jaboatao dos Guararapes,PE,Nordeste
13,179,SKU-190,2025-02-23,2,2,7.06,3457.66,Brasilia,DF,Centro-Oeste
14,1198,SKU-011,2026-04-26,3,3,17.18,6413.91,Duque de Caxias,RJ,Sudeste
15,538,SKU-144,2025-09-11,12,1,15.02,77.64,Uberaba,MG,Sudeste
16,1134,SKU-162,2025-01-18,12,4,11.55,7448.48,Juiz de Fora,MG,Sudeste
17,1377,SKU-222,2026-06-06,15,2,34.69,1749.84,Osasco,SP,Sudeste
18,124,SKU-204,2025-07-12,4,4,21.43,3921.0,Sao Bernardo do Campo,SP,Sudeste
19,578,SKU-100,2025-07-17,7,3,15.33,6687.45,Serra Talhada,PE,Nordeste
20,1249,SKU-074,2025-10-03,5,2,23.49,3130.96,Campos dos Goytacazes,RJ,Sudeste
21,644,SKU-128,2025-01-02,12,1,17.17,398.69,Santa Maria,RS,Sul
22,31,SKU-048,2025-05-03,4,2,8.97,2443.88,Sao Jose dos Campos,SP,Sudeste
23,843,SKU-188,2025-03-15,2,4,8.99,144.8,Santa Maria,RS,Sul
24,509,SKU-167,2025-08-04,2,1,29.9,1463.51,Sao Bernardo do Campo,SP,Sudeste
25,188,SKU-115,2025-05-28,6,2,26.73,3455.64,Volta Redonda,RJ,Sudeste
26,1434,SKU-097,2025-10-09,7,4,24.89,4320.2,Contagem,MG,Sudeste
27,200,SKU-223,2025-09-06,1,4,19.67,9975.08,Guarapuava,PR,Sul
28,106,SKU-111,2026-04-20,9,2,6.84,4741.14,Guarulhos,SP,Sudeste
29,137,SKU-106,2025-04-24,7,3,9.22,1429.95,Maringa,PR,Sul
30,898,SKU-122,2025-03-08,4,4,15.44,1802.6,Passo Fundo,RS,Sul
31,723,SKU-071,2026-05-04,8,4,13.09,6479.24,Maracanau,CE,Nordeste
32,1233,SKU-005,2025-08-29,11,4,16.54,4200.24,Autazes,AM,Norte
33,1312,SKU-029,2025-10-02,14,3,20.66,2336.7,Duque de Caxias,RJ,Sudeste
34,663,SKU-205,2025-11-14,4,4,5.61,1576.72,Ceilandia,DF,Centro-Oeste
35,1217,SKU-065,2025-09-08,3,2,23.83,5450.6,Manaus,AM,Norte
36,1381,SKU-084,2026-03-06,2,3,5.04,4405.5,Pelotas,RS,Sul
37,816,SKU-185,2026-03-12,4,3,25.88,1508.4,Sao Jose dos Pinhais,PR,Sul
38,607,SKU-172,2026-01-01,15,1,16.4,1793.74,Samambaia,DF,Centro-Oeste
39,101,SKU-012,2025-12-11,6,3,19.14,7542.93,Bento Goncalves,RS,Sul
40,379,SKU-111,2025-01-17,7,1,8.1,2370.57,Contagem,MG,Sudeste
41,1133,SKU-053,2026-04-24,11,4,21.05,8990.12,Niteroi,RJ,Sudeste
42,1471,SKU-141,2026-03-28,6,2,11.62,4840.74,Canoas,RS,Sul
43,19,SKU-066,2025-01-12,15,4,8.61,10477.84,Sao Jose dos Pinhais,PR,Sul
44,318,SKU-054,2025-04-06,2,3,32.71,7111.86,Ceilandia,DF,Centro-Oeste
45,982,SKU-203,2025-09-04,3,1,19.28,473.5,Colombo,PR,Sul
46,661,SKU-179,2025-01-07,15,4,29.51,3000.84,Novo Hamburgo,RS,Sul
47,177,SKU-023,2026-05-31,7,2,32.74,2287.0,Curitiba,PR,Sul
48,740,SKU-240,2026-01-01,12,4,21.69,1466.84,Belo Horizonte,MG,Sudeste
49,20,SKU-161,2025-01-22,12,3,10.78,6527.85,Contagem,MG,Sudeste
50,6,SKU-046,2025-07-20,1,2,10.93,2873.52,Paranagua,PR,Sul
51,670,SKU-058,2025-05-18,11,1,8.54,1181.94,Gravatai,RS,Sul
52,869,SKU-195,2025-11-03,8,4,9.62,891.52,Petropolis,RJ,Sudeste
53,228,SKU-044,2026-01-19,2,1,20.99,1503.55,Jaboatao dos Guararapes,PE,Nordeste
54,887,SKU-055,2025-03-16,12,2,17.45,3211.28,Caruaru,PE,Nordeste
55,999,SKU-069,2025-12-04,11,4,9.72,7739.84,Sobradinho,DF,Centro-Oeste
56,497,SKU-245,2026-04-05,6,4,10.16,11894.44,Sobral,CE,Nordeste
57,113,SKU-055,2025-01-21,8,2,17.17,3211.28,Gravata,PE,Nordeste
58,1294,SKU-224,2025-04-29,14,2,32.02,5018.72,Bento Goncalves,RS,Sul
59,25,SKU-123,2026-02-09,15,2,6.58,2492.22,Pocos de Caldas,MG,Sudeste
60,91,SKU-033,2025-09-04,15,1,20.25,2592.27,Sobradinho,DF,Centro-Oeste
61,13,SKU-138,2025-03-27,5,3,20.75,4247.58,Duque de Caxias,RJ,Sudeste
62,178,SKU-035,2025-07-02,13,1,17.83,2777.19,Pelotas,RS,Sul
63,946,SKU-179,2025-04-02,12,2,23.75,1500.42,Campos dos Goytacazes,RJ,Sudeste
64,616,SKU-021,2025-11-26,1,4,9.94,5496.88,Foz do Iguacu,PR,Sul
65,4,SKU-003,2025-01-28,6,1,30.89,2885.32,Campinas,SP,Sudeste
66,49,SKU-191,2025-03-25,8,1,25.64,326.91,Caucaia,CE,Nordeste
67,931,SKU-138,2026-01-16,12,1,28.62,1415.86,Brasilia,DF,Centro-Oeste
68,41,SKU-091,2025-11-17,13,4,25.17,3840.12,Coari,AM,Norte
69,140,SKU-041,2025-03-29,8,2,23.01,4117.22,Sobradinho,DF,Centro-Oeste
70,136,SKU-134,2025-03-20,10,2,10.27,1519.98,Colombo,PR,Sul
71,942,SKU-081,2026-01-24,1,4,6.21,6298.92,Igarassu,PE,Nordeste
72,6,SKU-013,2025-01-03,11,3,31.57,5942.91,Paulista,PE,Nordeste
73,188,SKU-093,2025-10-09,4,2,17.16,698.32,Ceilandia,DF,Centro-Oeste
74,270,SKU-205,2025-10-03,6,2,34.72,788.36,Salvador,BA,Nordeste
75,157,SKU-044,2026-01-20,1,1,21.58,1503.55,Guarulhos,SP,Sudeste
76,262,SKU-062,2026-02-25,13,4,23.54,9956.36,Piracicaba,SP,Sudeste
77,621,SKU-241,2025-07-09,15,2,6.94,785.26,Curitiba,PR,Sul
78,29,SKU-101,2025-09-16,5,1,31.71,314.18,Manaus,AM,Norte
79,601,SKU-067,2025-07-01,4,4,19.95,9304.4,Bento Goncalves,RS,Sul
80,228,SKU-196,2025-07-12,11,1,16.99,2334.94,Pelotas,RS,Sul
81,10,SKU-179,2026-02-14,11,3,26.78,2250.63,Presidente Figueiredo,AM,Norte
82,685,SKU-188,2025-11-11,15,4,13.93,144.8,Sao Jose dos Campos,SP,Sudeste
83,278,SKU-184,2025-05-14,4,3,26.67,7658.61,Tefe,AM,Norte
84,22,SKU-246,2025-09-15,5,1,18.86,2564.91,Sao Bernardo do Campo,SP,Sudeste
85,1344,SKU-162,2026-02-04,14,2,15.64,3724.24,Ilheus,BA,Nordeste
86,1151,SKU-048,2026-02-17,9,2,26.63,2443.88,Juazeiro,BA,Nordeste
87,713,SKU-076,2025-07-16,5,1,25.06,2724.44,Iguatu,CE,Nordeste
88,268,SKU-072,2025-10-25,4,1,28.16,1478.73,Volta Redonda,RJ,Sudeste
89,478,SKU-129,2025-07-02,10,3,14.95,1684.2,Ipatinga,MG,Sudeste
90,1046,SKU-016,2025-12-15,4,1,13.69,31.77,Ribeirao Preto,SP,Sudeste
91,72,SKU-056,2025-08-02,10,3,10.83,8293.71,Coari,AM,Norte
92,161,SKU-182,2025-05-06,2,4,26.85,11258.6,Uberlandia,MG,Sudeste
93,19,SKU-154,2026-04-11,1,4,26.64,11906.16,Cabo Frio,RJ,Sudeste
94,565,SKU-051,2025-09-04,4,1,23.93,228.45,Passo Fundo,RS,Sul
95,34,SKU-165,2025-11-27,12,2,6.18,3309.52,Recife,PE,Nordeste
96,13,SKU-022,2026-06-02,2,4,27.75,4907.64,Porto Seguro,BA,Nordeste
97,334,SKU-129,2026-02-21,14,1,5.32,561.4,Contagem,MG,Sudeste
98,3,SKU-208,2025-01-31,9,1,15.04,2563.61,Jaboatao dos Guararapes,PE,Nordeste
99,31,SKU-153,2025-01-14,11,2,25.65,2153.74,Teixeira de Freitas,BA,Nordeste
100,753,SKU-068,2025-10-18,15,1,33.81,1698.21,Recife,PE,Nordeste
101,592,SKU-055,2026-02-06,15,3,23.29,4816.92,Vitoria da Conquista,BA,Nordeste
102,9,SKU-080,2025-03-14,2,1,31.13,1642.04,Planaltina,DF,Centro-Oeste
103,450,SKU-058,2025-08-25,10,4,20.9,4727.76,Salvador,BA,Nordeste
104,36,SKU-105,2025-07-19,10,2,29.45,656.18,Contagem,MG,Sudeste
105,557,SKU-038,2025-03-17,7,2,18.54,711.46,Juazeiro,BA,Nordeste
106,13,SKU-066,2025-02-07,12,3,8.9,7858.38,Tefe,AM,Norte
107,6,SKU-094,2025-01-22,7,3,12.13,6208.71,Garanhuns,PE,Nordeste
108,1403,SKU-191,2025-02-17,13,1,8.5,326.91,Governador Valadares,MG,Sudeste
109,1083,SKU-241,2025-02-13,15,2,31.24,785.26,Osasco,SP,Sudeste
110,71,SKU-100,2026-02-12,3,1,29.55,2229.15,Sao Bernardo do Campo,SP,Sudeste
111,716,SKU-019,2025-11-25,5,2,8.0,1194.58,Contagem,MG,Sudeste
112,1214,SKU-092,2025-02-23,10,4,20.27,9639.44,Governador Valadares,MG,Sudeste
113,24,SKU-161,2026-05-12,4,4,27.89,8703.8,Uberaba,MG,Sudeste
114,1454,SKU-213,2025-09-28,4,3,27.49,4428.24,Campinas,SP,Sudeste
115,151,SKU-142,2025-01-06,4,4,28.41,3665.48,Ilheus,BA,Nordeste
116,356,SKU-171,2025-05-20,10,4,6.38,8019.52,Gravatai,RS,Sul
117,798,SKU-014,2025-04-15,14,3,18.55,3725.28,Piracicaba,SP,Sudeste
118,6,SKU-095,2025-03-08,12,3,13.57,1082.85,Belo Horizonte,MG,Sudeste
119,1487,SKU-066,2025-06-19,11,4,27.69,10477.84,Recanto das Emas,DF,Centro-Oeste
120,280,SKU-160,2026-01-20,12,3,29.91,8402.55,Recanto das Emas,DF,Centro-Oeste
121,810,SKU-174,2026-04-13,9,1,31.67,2919.1,Maringa,PR,Sul
122,931,SKU-149,2026-01-29,5,2,9.41,5760.14,Ceilandia,DF,Centro-Oeste
123,2,SKU-129,2025-11-14,3,2,33.6,1122.8,Caxias do Sul,RS,Sul
124,1064,SKU-207,2025-08-17,10,3,28.42,3571.98,Garanhuns,PE,Nordeste
125,484,SKU-241,2025-02-26,8,4,23.67,1570.52,Osasco,SP,Sudeste
126,44,SKU-164,2025-05-01,3,4,27.91,2420.72,Guarulhos,SP,Sudeste
127,853,SKU-080,2025-08-22,11,2,14.77,3284.08,Gama,DF,Centro-Oeste
128,100,SKU-244,2025-05-22,15,1,30.08,512.01,Curitiba,PR,Sul
129,191,SKU-105,2025-05-01,7,2,32.07,656.18,Recanto das Emas,DF,Centro-Oeste
130,188,SKU-141,2025-05-31,11,4,22.72,9681.48,Camacari,BA,Nordeste
131,40,SKU-170,2025-09-30,7,1,28.51,1688.95,Serra Talhada,PE,Nordeste
132,191,SKU-162,2025-03-16,2,2,5.45,3724.24,Iguatu,CE,Nordeste
133,690,SKU-176,2025-05-30,6,2,29.22,4713.86,Lauro de Freitas,BA,Nordeste
134,1444,SKU-193,2025-05-04,9,3,30.3,7433.55,Guarapuava,PR,Sul
135,41,SKU-151,2025-11-15,14,3,23.78,7860.54,Sao Paulo,SP,Sudeste
136,1383,SKU-123,2025-08-18,10,1,5.2,1246.11,Tefe,AM,Norte
137,243,SKU-227,2026-02-03,9,1,34.95,1364.27,Campos dos Goytacazes,RJ,Sudeste
138,71,SKU-021,2025-07-17,2,3,29.71,4122.66,Sao Paulo,SP,Sudeste
139,225,SKU-015,2025-10-13,14,1,13.79,1942.39,Ceilandia,DF,Centro-Oeste
140,828,SKU-014,2026-04-10,14,4,28.21,4967.04,Manacapuru,AM,Norte
141,523,SKU-114,2026-02-26,11,2,6.51,4203.64,Itabuna,BA,Nordeste
142,129,SKU-005,2026-05-23,3,4,18.28,4200.24,Guarapuava,PR,Sul
143,9,SKU-242,2026-04-05,10,2,26.78,4746.66,Olinda,PE,Nordeste
144,35,SKU-005,2025-04-05,15,4,26.75,4200.24,Iguatu,CE,Nordeste
145,6,SKU-042,2025-03-10,5,3,5.68,6333.96,Autazes,AM,Norte
146,11,SKU-050,2025-07-23,15,2,18.62,3979.58,Petropolis,RJ,Sudeste
147,161,SKU-184,2025-06-25,8,2,15.34,5105.74,Jaboatao dos Guararapes,PE,Nordeste
148,459,SKU-021,2026-04-21,2,1,11.15,1374.22,Uberlandia,MG,Sudeste
149,559,SKU-001,2026-01-24,14,1,11.57,1223.28,Caruaru,PE,Nordeste
150,410,SKU-172,2025-11-22,6,2,19.03,3587.48,Presidente Figueiredo,AM,Norte
151,226,SKU-049,2025-08-12,5,4,7.23,406.4,Coari,AM,Norte
152,116,SKU-013,2025-06-22,9,3,6.43,5942.91,Petrolina,PE,Nordeste
153,6,SKU-210,2025-04-07,8,4,13.26,1698.88,Sao Jose dos Campos,SP,Sudeste
154,73,SKU-065,2025-04-15,15,4,19.11,10901.2,Petropolis,RJ,Sudeste
155,336,SKU-203,2026-05-27,14,2,32.46,947.0,Rio de Janeiro,RJ,Sudeste
156,47,SKU-024,2026-05-19,9,2,8.07,3711.94,Santa Maria,RS,Sul
157,1303,SKU-108,2025-06-25,8,3,27.04,7125.24,Itapipoca,CE,Nordeste
158,93,SKU-110,2025-08-26,9,2,31.3,918.42,Itacoatiara,AM,Norte
159,709,SKU-082,2026-02-23,12,1,15.15,763.67,Guara,DF,Centro-Oeste
160,3,SKU-202,2026-03-15,8,4,25.42,7101.68,Angra dos Reis,RJ,Sudeste
161,747,SKU-104,2026-05-24,14,2,32.01,5173.72,Itacoatiara,AM,Norte
162,951,SKU-094,2025-01-03,3,4,21.22,8278.28,Petropolis,RJ,Sudeste
163,85,SKU-090,2025-12-02,1,2,7.59,5891.28,Paulista,PE,Nordeste
164,916,SKU-139,2026-04-04,3,1,25.6,1828.39,Serra Talhada,PE,Nordeste
165,816,SKU-134,2025-06-28,10,1,34.45,759.99,Montes Claros,MG,Sudeste
166,251,SKU-117,2025-02-10,9,3,12.06,3192.72,Recanto das Emas,DF,Centro-Oeste
167,137,SKU-140,2025-01-17,13,2,8.81,1553.5,Sorocaba,SP,Sudeste
168,4,SKU-155,2025-08-24,9,4,34.25,413.24,Planaltina,DF,Centro-Oeste
169,1411,SKU-166,2025-05-14,9,3,31.47,8920.05,Lauro de Freitas,BA,Nordeste
170,474,SKU-017,2025-03-28,8,3,15.4,1376.22,Autazes,AM,Norte
171,1392,SKU-193,2025-02-06,15,4,7.75,9911.4,Contagem,MG,Sudeste
172,458,SKU-115,2026-02-04,15,4,10.88,6911.28,Belo Horizonte,MG,Sudeste
173,582,SKU-071,2026-01-25,8,1,33.91,1619.81,Angra dos Reis,RJ,Sudeste
174,573,SKU-127,2026-01-29,9,2,30.71,4650.64,Aguas Claras,DF,Centro-Oeste
175,385,SKU-217,2025-06-07,8,2,14.6,76.26,Samambaia,DF,Centro-Oeste
176,1483,SKU-010,2025-11-22,6,1,16.96,2805.48,Contagem,MG,Sudeste
177,7,SKU-069,2025-01-31,12,3,27.67,5804.88,Garanhuns,PE,Nordeste
178,589,SKU-176,2026-04-13,5,1,5.92,2356.93,Petropolis,RJ,Sudeste
179,1220,SKU-046,2025-12-17,7,3,13.05,4310.28,Pocos de Caldas,MG,Sudeste
180,333,SKU-101,2025-07-20,3,2,15.59,628.36,Planaltina,DF,Centro-Oeste
181,624,SKU-163,2025-05-17,9,3,28.69,2788.92,Canoas,RS,Sul
182,1386,SKU-237,2025-04-16,11,3,17.15,8981.16,Londrina,PR,Sul
183,707,SKU-084,2025-07-11,15,3,26.67,4405.5,Juazeiro do Norte,CE,Nordeste
184,1343,SKU-100,2025-06-21,14,2,17.11,4458.3,Samambaia,DF,Centro-Oeste
185,736,SKU-088,2026-01-14,9,1,11.71,2806.21,Parintins,AM,Norte
186,769,SKU-095,2026-01-10,5,1,33.55,360.95,Caninde,CE,Nordeste
187,1374,SKU-244,2025-11-29,14,1,23.3,512.01,Sobral,CE,Nordeste
188,114,SKU-002,2025-07-18,14,3,23.84,7344.78,Cabo Frio,RJ,Sudeste
189,513,SKU-238,2025-04-26,4,4,22.97,11795.84,Belo Horizonte,MG,Sudeste
190,422,SKU-181,2025-12-08,14,2,13.07,2627.08,Campinas,SP,Sudeste
191,212,SKU-101,2025-11-11,6,1,14.76,314.18,Caucaia,CE,Nordeste
192,1036,SKU-052,2025-04-20,15,2,26.87,3384.42,Lauro de Freitas,BA,Nordeste
193,79,SKU-108,2026-05-03,14,1,12.14,2375.08,Igarassu,PE,Nordeste
194,164,SKU-005,2025-09-30,13,2,25.91,2100.12,Duque de Caxias,RJ,Sudeste
195,952,SKU-010,2025-12-29,2,2,18.7,5610.96,Sobradinho,DF,Centro-Oeste
196,739,SKU-135,2026-04-30,1,1,23.15,1931.2,Ipatinga,MG,Sudeste
197,122,SKU-034,2025-08-29,9,3,17.07,4563.48,Montes Claros,MG,Sudeste
198,991,SKU-208,2026-03-15,9,4,6.75,10254.44,Lauro de Freitas,BA,Nordeste
199,273,SKU-194,2026-04-06,8,4,13.39,10061.76,Juiz de Fora,MG,Sudeste
200,760,SKU-131,2025-12-12,7,3,21.24,7336.56,Lauro de Freitas,BA,Nordeste
201,1398,SKU-204,2025-11-21,10,3,10.33,2940.75,Betim,MG,Sudeste
202,1249,SKU-248,2025-03-26,15,4,34.56,7498.36,Santos,SP,Sudeste
203,1094,SKU-226,2025-02-10,11,1,9.68,818.14,Foz do Iguacu,PR,Sul
204,89,SKU-166,2025-08-26,13,1,33.75,2973.35,Uberlandia,MG,Sudeste
205,172,SKU-082,2025-03-12,1,2,5.17,1527.34,Teixeira de Freitas,BA,Nordeste
206,423,SKU-163,2026-03-12,5,2,25.46,1859.28,Cascavel,PR,Sul
207,1094,SKU-135,2026-01-28,8,4,22.59,7724.8,Juazeiro do Norte,CE,Nordeste
208,1394,SKU-177,2025-08-16,11,4,18.47,11121.48,Sobral,CE,Nordeste
209,270,SKU-192,2025-01-07,15,2,15.99,61.26,Itacoatiara,AM,Norte
210,218,SKU-054,2025-03-13,13,2,29.16,4741.24,Pocos de Caldas,MG,Sudeste
211,1008,SKU-189,2025-05-17,10,2,30.09,2238.6,Contagem,MG,Sudeste
212,38,SKU-216,2025-01-08,12,3,23.72,3304.08,Sao Bernardo do Campo,SP,Sudeste
213,1,SKU-024,2025-09-08,12,4,12.87,7423.88,Contagem,MG,Sudeste
214,473,SKU-089,2025-01-25,12,2,28.01,3430.68,Gravata,PE,Nordeste
215,16,SKU-117,2025-07-01,6,2,32.0,2128.48,Quixada,CE,Nordeste
216,113,SKU-250,2026-01-07,14,3,19.52,6958.17,Olinda,PE,Nordeste
217,504,SKU-009,2025-11-30,7,2,23.56,3291.34,Maues,AM,Norte
218,1220,SKU-142,2025-09-04,12,1,16.77,916.37,Itacoatiara,AM,Norte
219,304,SKU-031,2026-04-26,8,2,6.9,1977.86,Canoas,RS,Sul
220,939,SKU-187,2025-08-11,3,2,33.7,2605.54,Sorocaba,SP,Sudeste
221,53,SKU-148,2025-08-08,13,4,31.45,5646.64,Campos dos Goytacazes,RJ,Sudeste
222,173,SKU-219,2025-03-19,4,3,12.09,3571.05,Itacoatiara,AM,Norte
223,1212,SKU-084,2026-01-08,6,2,28.68,2937.0,Manacapuru,AM,Norte
224,478,SKU-079,2025-10-01,4,4,8.66,9266.52,Quixada,CE,Nordeste
225,47,SKU-101,2025-10-24,5,2,33.26,628.36,Gama,DF,Centro-Oeste
226,1130,SKU-148,2026-05-26,14,1,10.41,1411.66,Itapipoca,CE,Nordeste
227,1086,SKU-150,2026-03-26,2,1,10.6,1140.89,Ipatinga,MG,Sudeste
228,47,SKU-085,2025-09-10,4,4,27.79,4175.84,Caucaia,CE,Nordeste
229,375,SKU-230,2025-12-01,4,2,22.39,3625.46,Autazes,AM,Norte
230,32,SKU-008,2025-04-11,9,2,28.8,4177.7,Recife,PE,Nordeste
231,62,SKU-010,2025-02-15,13,3,27.83,8416.44,Itapipoca,CE,Nordeste
232,1328,SKU-227,2026-04-22,11,4,15.48,5457.08,Gravatai,RS,Sul
233,411,SKU-048,2025-08-31,1,4,32.73,4887.76,Sao Jose dos Campos,SP,Sudeste
234,128,SKU-078,2025-08-30,6,4,24.36,7221.4,Recanto das Emas,DF,Centro-Oeste
235,24,SKU-018,2025-12-22,1,2,33.62,4549.46,Ceilandia,DF,Centro-Oeste
236,920,SKU-165,2025-06-21,4,3,24.92,4964.28,Duque de Caxias,RJ,Sudeste
237,357,SKU-168,2026-06-08,10,2,6.7,2991.28,Porto Alegre,RS,Sul
238,273,SKU-121,2025-03-26,10,2,25.6,530.78,Caucaia,CE,Nordeste
239,1406,SKU-038,2026-02-12,4,1,24.0,355.73,Uberlandia,MG,Sudeste
240,45,SKU-222,2026-04-17,2,4,19.0,3499.68,Belo Horizonte,MG,Sudeste
241,564,SKU-191,2025-04-02,3,1,8.38,326.91,Jaboatao dos Guararapes,PE,Nordeste
242,1256,SKU-011,2025-05-04,13,1,18.39,2137.97,Camacari,BA,Nordeste
243,301,SKU-064,2025-07-22,7,2,6.11,4375.38,Samambaia,DF,Centro-Oeste
244,231,SKU-054,2025-01-14,2,2,18.66,4741.24,Colombo,PR,Sul
245,41,SKU-201,2025-10-16,13,2,8.01,2800.04,Curitiba,PR,Sul
246,482,SKU-102,2025-05-24,3,3,30.8,5521.59,Gama,DF,Centro-Oeste
247,41,SKU-074,2026-01-20,12,2,5.51,3130.96,Samambaia,DF,Centro-Oeste
248,1083,SKU-248,2025-12-25,13,4,30.19,7498.36,Rio de Janeiro,RJ,Sudeste
249,1303,SKU-184,2025-12-20,14,2,28.38,5105.74,Guara,DF,Centro-Oeste
250,2,SKU-025,2025-08-23,7,4,8.56,3917.24,Ponta Grossa,PR,Sul
251,1316,SKU-141,2025-12-01,14,3,16.62,7261.11,Contagem,MG,Sudeste
252,3,SKU-242,2025-03-18,7,2,5.77,4746.66,Fortaleza,CE,Nordeste
253,29,SKU-158,2025-06-15,1,4,11.92,9130.88,Sobral,CE,Nordeste
254,50,SKU-159,2025-03-04,7,4,26.57,9378.16,Campos dos Goytacazes,RJ,Sudeste
255,1122,SKU-006,2026-02-27,11,2,8.9,2089.4,Colombo,PR,Sul
256,1343,SKU-028,2025-12-17,4,3,12.83,3475.5,Belo Horizonte,MG,Sudeste
257,750,SKU-222,2025-10-20,10,1,12.49,874.92,Rio de Janeiro,RJ,Sudeste
258,211,SKU-232,2026-02-20,7,4,21.93,6781.76,Crato,CE,Nordeste
259,1202,SKU-079,2025-03-08,5,3,18.28,6949.89,Juazeiro,BA,Nordeste
260,285,SKU-045,2025-09-10,14,3,19.39,4769.31,Petropolis,RJ,Sudeste
261,993,SKU-119,2026-03-21,13,1,8.32,137.79,Manaus,AM,Norte
262,27,SKU-201,2025-05-06,4,1,11.22,1400.02,Gravata,PE,Nordeste
263,21,SKU-103,2025-10-10,1,1,19.67,348.94,Gravata,PE,Nordeste
264,459,SKU-133,2025-04-10,1,3,18.43,7767.63,Uberaba,MG,Sudeste
265,1138,SKU-028,2025-12-17,1,1,18.9,1158.5,Bento Goncalves,RS,Sul
266,264,SKU-027,2025-09-10,2,1,18.86,2075.12,Gravatai,RS,Sul
267,1410,SKU-209,2025-10-22,5,3,34.1,5955.72,Paranagua,PR,Sul
268,69,SKU-103,2025-06-29,10,1,26.12,348.94,Sao Paulo,SP,Sudeste
269,298,SKU-090,2025-12-30,5,4,17.78,11782.56,Serra Talhada,PE,Nordeste
270,384,SKU-053,2025-05-04,7,1,15.01,2247.53,Erechim,RS,Sul
271,45,SKU-208,2026-03-27,14,3,30.15,7690.83,Garanhuns,PE,Nordeste
272,41,SKU-091,2025-03-07,1,2,29.92,1920.06,Fortaleza,CE,Nordeste
273,9,SKU-069,2026-02-17,11,4,17.77,7739.84,Foz do Iguacu,PR,Sul
274,535,SKU-194,2025-03-11,11,1,6.52,2515.44,Guara,DF,Centro-Oeste
275,342,SKU-234,2025-09-16,4,1,5.59,91.45,Sao Jose dos Pinhais,PR,Sul
276,458,SKU-242,2025-03-11,11,3,22.23,7119.99,Itabuna,BA,Nordeste
277,1493,SKU-017,2025-11-21,9,2,6.27,917.48,Recanto das Emas,DF,Centro-Oeste
278,5,SKU-151,2025-11-01,9,4,32.88,10480.72,Serra Talhada,PE,Nordeste
279,1470,SKU-164,2025-08-18,11,1,10.96,605.18,Guara,DF,Centro-Oeste
280,28,SKU-107,2026-01-27,3,3,8.06,4912.68,Jaboatao dos Guararapes,PE,Nordeste
281,80,SKU-074,2025-02-20,4,4,19.4,6261.92,Ponta Grossa,PR,Sul
282,1044,SKU-196,2025-11-27,10,4,10.49,9339.76,Presidente Figueiredo,AM,Norte
283,137,SKU-146,2025-04-27,3,4,29.21,9549.88,Duque de Caxias,RJ,Sudeste
284,1177,SKU-218,2025-05-23,8,1,11.43,468.98,Osasco,SP,Sudeste
285,1017,SKU-139,2025-06-25,11,1,7.67,1828.39,Santos,SP,Sudeste
286,677,SKU-008,2025-09-23,4,1,30.49,2088.85,Parintins,AM,Norte
287,218,SKU-180,2026-06-01,8,4,32.02,3849.8,Niteroi,RJ,Sudeste
288,1392,SKU-188,2026-05-31,14,3,32.83,108.6,Manaus,AM,Norte
289,1018,SKU-019,2026-02-13,13,3,14.12,1791.87,Juiz de Fora,MG,Sudeste
290,28,SKU-243,2025-12-31,6,2,22.13,5672.94,Caninde,CE,Nordeste
291,302,SKU-003,2025-06-26,1,1,29.36,2885.32,Colombo,PR,Sul
292,277,SKU-082,2026-04-30,7,1,29.86,763.67,Contagem,MG,Sudeste
293,490,SKU-077,2026-02-17,9,1,27.94,2482.43,Petropolis,RJ,Sudeste
294,1197,SKU-173,2025-10-04,15,2,23.0,2931.38,Gravata,PE,Nordeste
295,396,SKU-119,2026-02-06,1,4,24.94,551.16,Ribeirao Preto,SP,Sudeste
296,534,SKU-059,2025-05-01,7,3,32.14,6033.69,Teresopolis,RJ,Sudeste
297,25,SKU-110,2025-02-15,8,4,31.99,1836.84,Pelotas,RS,Sul
298,133,SKU-229,2025-08-18,13,3,26.69,4560.6,Feira de Santana,BA,Nordeste
299,1304,SKU-149,2026-02-12,15,2,13.79,5760.14,Piracicaba,SP,Sudeste
300,281,SKU-164,2025-10-17,15,4,16.51,2420.72,Santa Maria,RS,Sul
301,575,SKU-007,2025-09-30,8,4,20.35,9608.96,Uberlandia,MG,Sudeste
302,1,SKU-144,2025-12-13,10,1,16.58,77.64,Montes Claros,MG,Sudeste
303,877,SKU-212,2026-02-21,9,3,21.28,7834.35,Belo Horizonte,MG,Sudeste
304,1407,SKU-246,2025-08-16,4,3,21.04,7694.73,Autazes,AM,Norte
305,579,SKU-226,2026-03-23,3,2,34.55,1636.28,Igarassu,PE,Nordeste
306,1473,SKU-193,2026-04-01,2,1,17.75,2477.85,Ceilandia,DF,Centro-Oeste
307,147,SKU-055,2025-04-26,14,2,15.73,3211.28,Taguatinga,DF,Centro-Oeste
308,1150,SKU-183,2026-02-22,15,1,11.98,2785.67,Iguatu,CE,Nordeste
309,1,SKU-048,2025-09-12,9,1,32.55,1221.94,Camacari,BA,Nordeste
310,19,SKU-086,2025-01-23,8,2,15.81,5801.1,Cascavel,PR,Sul
311,39,SKU-032,2025-04-10,12,4,14.54,7410.96,Sao Jose dos Campos,SP,Sudeste
312,137,SKU-008,2026-03-03,15,4,30.35,8355.4,Quixada,CE,Nordeste
313,1251,SKU-192,2025-03-08,10,2,26.01,61.26,Sobradinho,DF,Centro-Oeste
314,861,SKU-162,2025-02-12,3,1,30.99,1862.12,Caninde,CE,Nordeste
315,19,SKU-021,2026-03-30,14,3,17.41,4122.66,Nova Iguacu,RJ,Sudeste
316,173,SKU-048,2026-02-08,10,4,33.42,4887.76,Tefe,AM,Norte
317,673,SKU-159,2025-09-12,5,4,25.89,9378.16,Maues,AM,Norte
318,1302,SKU-098,2025-11-16,6,1,14.82,683.02,Planaltina,DF,Centro-Oeste
319,978,SKU-013,2025-04-24,1,1,23.41,1980.97,Taguatinga,DF,Centro-Oeste
320,1078,SKU-200,2026-05-05,6,3,12.39,8862.78,Recife,PE,Nordeste
321,25,SKU-122,2025-03-22,14,4,25.48,1802.6,Sao Jose dos Campos,SP,Sudeste
322,547,SKU-193,2026-02-09,12,2,17.64,4955.7,Novo Hamburgo,RS,Sul
323,642,SKU-026,2025-09-24,8,3,16.17,7198.68,Sao Bernardo do Campo,SP,Sudeste
324,1,SKU-007,2025-11-05,3,2,13.96,4804.48,Planaltina,DF,Centro-Oeste
325,6,SKU-236,2026-01-21,10,4,25.47,2544.64,Colombo,PR,Sul
326,298,SKU-128,2026-02-25,3,1,14.81,398.69,Petrolina,PE,Nordeste
327,2,SKU-203,2025-11-15,13,3,17.71,1420.5,Teixeira de Freitas,BA,Nordeste
328,309,SKU-138,2025-01-30,4,4,28.48,5663.44,Foz do Iguacu,PR,Sul
329,65,SKU-130,2025-01-30,13,4,8.93,223.92,Ilheus,BA,Nordeste
330,259,SKU-098,2025-05-14,1,2,28.11,1366.04,Ilheus,BA,Nordeste
331,24,SKU-162,2025-12-09,12,3,11.87,5586.36,Sao Paulo,SP,Sudeste
332,1307,SKU-109,2025-06-14,3,2,8.55,3074.9,Betim,MG,Sudeste
333,1394,SKU-205,2026-04-08,5,4,33.93,1576.72,Quixada,CE,Nordeste
334,255,SKU-196,2025-11-20,3,1,16.7,2334.94,Niteroi,RJ,Sudeste
335,130,SKU-026,2025-04-05,9,3,32.32,7198.68,Coari,AM,Norte
336,962,SKU-164,2026-02-02,2,1,5.18,605.18,Manaus,AM,Norte
337,352,SKU-133,2026-02-10,4,4,26.33,10356.84,Itacoatiara,AM,Norte
338,1154,SKU-045,2026-01-02,8,4,32.92,6359.08,Ribeirao Preto,SP,Sudeste
339,34,SKU-184,2026-02-23,3,3,30.58,7658.61,Jaboatao dos Guararapes,PE,Nordeste
340,812,SKU-236,2025-06-18,12,1,11.12,636.16,Ponta Grossa,PR,Sul
341,876,SKU-123,2025-12-17,14,2,17.9,2492.22,Aguas Claras,DF,Centro-Oeste
342,860,SKU-013,2026-04-18,5,3,34.21,5942.91,Montes Claros,MG,Sudeste
343,1351,SKU-045,2025-11-14,9,2,8.7,3179.54,Manacapuru,AM,Norte
344,170,SKU-065,2026-01-06,5,3,6.41,8175.9,Petrolina,PE,Nordeste
345,652,SKU-074,2026-04-24,2,3,27.19,4696.44,Caxias do Sul,RS,Sul
346,37,SKU-050,2025-06-07,13,4,13.56,7959.16,Presidente Figueiredo,AM,Norte
347,825,SKU-126,2025-03-28,4,4,18.15,324.12,Caruaru,PE,Nordeste
348,675,SKU-166,2025-06-20,9,4,10.09,11893.4,Bento Goncalves,RS,Sul
349,230,SKU-044,2025-03-16,1,4,15.61,6014.2,Osasco,SP,Sudeste
350,972,SKU-018,2026-02-01,12,2,29.8,4549.46,Foz do Iguacu,PR,Sul
351,619,SKU-009,2026-01-31,14,2,14.75,3291.34,Autazes,AM,Norte
352,39,SKU-160,2025-08-23,1,3,30.43,8402.55,Curitiba,PR,Sul
353,1111,SKU-221,2025-04-17,8,1,26.45,1785.2,Igarassu,PE,Nordeste
354,397,SKU-132,2025-03-10,5,4,15.36,1723.2,Betim,MG,Sudeste
355,108,SKU-172,2026-01-04,4,3,12.86,5381.22,Osasco,SP,Sudeste
356,1016,SKU-226,2026-01-06,8,1,19.25,818.14,Samambaia,DF,Centro-Oeste
357,757,SKU-142,2025-04-20,11,1,24.25,916.37,Itabuna,BA,Nordeste
358,546,SKU-038,2026-04-13,10,3,31.22,1067.19,Serra Talhada,PE,Nordeste
359,517,SKU-151,2025-06-08,10,1,14.18,2620.18,Teixeira de Freitas,BA,Nordeste
360,754,SKU-215,2026-05-06,5,1,13.23,2170.73,Juazeiro do Norte,CE,Nordeste
361,227,SKU-010,2025-04-02,3,4,26.31,11221.92,Betim,MG,Sudeste
362,1233,SKU-213,2025-08-20,10,4,9.88,5904.32,Canoas,RS,Sul
363,951,SKU-039,2025-04-26,4,4,5.9,5847.88,Uberaba,MG,Sudeste
364,1452,SKU-133,2025-02-20,14,2,10.03,5178.42,Rio de Janeiro,RJ,Sudeste
365,27,SKU-048,2025-08-24,12,2,31.67,2443.88,Campinas,SP,Sudeste
366,423,SKU-119,2026-03-21,14,4,8.44,551.16,Osasco,SP,Sudeste
367,611,SKU-172,2026-05-08,14,4,8.65,7174.96,Parintins,AM,Norte
368,143,SKU-096,2026-01-28,5,1,13.66,1306.51,Bento Goncalves,RS,Sul
369,1298,SKU-167,2025-09-07,5,1,22.69,1463.51,Guarulhos,SP,Sudeste
370,280,SKU-193,2025-05-22,6,2,14.45,4955.7,Serra Talhada,PE,Nordeste
371,1047,SKU-203,2025-04-11,14,1,5.11,473.5,Guarulhos,SP,Sudeste
372,858,SKU-235,2025-07-06,12,1,16.1,1982.65,Foz do Iguacu,PR,Sul
373,533,SKU-113,2025-03-18,7,3,5.59,5439.87,Sao Bernardo do Campo,SP,Sudeste
374,1420,SKU-172,2026-02-04,15,4,13.06,7174.96,Rio de Janeiro,RJ,Sudeste
375,642,SKU-235,2026-01-15,5,3,31.03,5947.95,Nova Iguacu,RJ,Sudeste
376,1,SKU-115,2025-11-28,13,1,16.96,1727.82,Planaltina,DF,Centro-Oeste
377,588,SKU-011,2025-01-16,7,3,28.19,6413.91,Novo Hamburgo,RS,Sul
378,465,SKU-076,2025-05-25,10,4,21.03,10897.76,Recanto das Emas,DF,Centro-Oeste
379,260,SKU-100,2026-04-16,9,1,20.84,2229.15,Tefe,AM,Norte
380,477,SKU-230,2025-05-02,2,4,20.87,7250.92,Itapipoca,CE,Nordeste
381,212,SKU-095,2026-03-16,8,2,15.89,721.9,Teresopolis,RJ,Sudeste
382,1212,SKU-006,2025-08-31,7,2,5.67,2089.4,Petropolis,RJ,Sudeste
383,1171,SKU-196,2026-01-03,9,4,30.48,9339.76,Presidente Figueiredo,AM,Norte
384,1044,SKU-048,2026-01-25,14,1,14.08,1221.94,Cabo Frio,RJ,Sudeste
385,1,SKU-242,2026-01-13,6,2,33.22,4746.66,Crato,CE,Nordeste
386,405,SKU-249,2025-05-01,11,4,19.6,2813.8,Londrina,PR,Sul
387,850,SKU-125,2025-10-31,9,4,23.06,6629.52,Niteroi,RJ,Sudeste
388,692,SKU-214,2025-05-29,3,3,7.76,2228.61,Aguas Claras,DF,Centro-Oeste
389,299,SKU-046,2025-06-16,9,2,23.09,2873.52,Crato,CE,Nordeste
390,532,SKU-116,2025-02-24,15,3,26.63,6542.43,Ilheus,BA,Nordeste
391,33,SKU-211,2025-12-21,7,3,16.19,2894.76,Sorocaba,SP,Sudeste
392,921,SKU-033,2025-01-03,14,2,8.79,5184.54,Teixeira de Freitas,BA,Nordeste
393,1,SKU-148,2025-01-19,15,1,6.9,1411.66,Caruaru,PE,Nordeste
394,756,SKU-088,2026-02-24,4,3,33.52,8418.63,Juazeiro do Norte,CE,Nordeste
395,1035,SKU-072,2026-04-27,6,2,20.09,2957.46,Presidente Figueiredo,AM,Norte
396,1187,SKU-227,2025-10-14,11,1,6.75,1364.27,Caninde,CE,Nordeste
397,1344,SKU-210,2025-07-07,2,2,25.67,849.44,Maracanau,CE,Nordeste
398,35,SKU-108,2025-03-16,1,4,33.25,9500.32,Tabatinga,AM,Norte
399,362,SKU-016,2025-12-26,1,1,7.74,31.77,Gama,DF,Centro-Oeste
400,573,SKU-217,2026-04-20,3,1,34.43,38.13,Volta Redonda,RJ,Sudeste
401,288,SKU-192,2025-02-14,14,3,11.82,91.89,Fortaleza,CE,Nordeste
402,501,SKU-052,2025-02-14,6,1,18.87,1692.21,Serra Talhada,PE,Nordeste
403,707,SKU-002,2026-05-11,10,3,32.18,7344.78,Cabo Frio,RJ,Sudeste
404,935,SKU-144,2025-12-02,9,3,11.81,232.92,Uberaba,MG,Sudeste
405,343,SKU-152,2025-08-07,5,4,15.34,6209.24,Planaltina,DF,Centro-Oeste
406,1375,SKU-197,2025-04-29,13,4,30.09,3490.32,Teresopolis,RJ,Sudeste
407,791,SKU-237,2025-05-25,2,4,11.07,11974.88,Colombo,PR,Sul
408,78,SKU-198,2025-03-14,6,1,12.73,1433.8,Santos,SP,Sudeste
409,910,SKU-170,2026-02-17,15,2,25.54,3377.9,Angra dos Reis,RJ,Sudeste
410,144,SKU-249,2026-01-04,14,4,12.68,2813.8,Gravatai,RS,Sul
411,1270,SKU-108,2025-03-03,1,4,30.86,9500.32,Tefe,AM,Norte
412,844,SKU-115,2025-07-18,15,2,34.69,3455.64,Cascavel,PR,Sul
413,455,SKU-050,2025-11-07,15,2,14.54,3979.58,Novo Hamburgo,RS,Sul
414,1446,SKU-233,2025-11-02,6,4,32.45,8258.8,Manaus,AM,Norte
415,180,SKU-115,2026-03-31,8,3,26.14,5183.46,Paulista,PE,Nordeste
416,590,SKU-091,2025-03-23,10,3,33.83,2880.09,Contagem,MG,Sudeste
417,59,SKU-212,2025-01-10,2,1,21.23,2611.45,Juazeiro,BA,Nordeste
418,5,SKU-162,2025-11-13,15,1,24.98,1862.12,Ceilandia,DF,Centro-Oeste
419,92,SKU-244,2025-03-27,2,1,18.88,512.01,Tefe,AM,Norte
420,556,SKU-176,2025-01-20,11,2,14.86,4713.86,Paranagua,PR,Sul
421,241,SKU-176,2025-07-01,6,2,24.02,4713.86,Serra Talhada,PE,Nordeste
422,1273,SKU-081,2025-10-02,11,1,25.48,1574.73,Campinas,SP,Sudeste
423,34,SKU-113,2025-11-18,3,3,31.16,5439.87,Sao Paulo,SP,Sudeste
424,1116,SKU-195,2025-02-21,14,1,14.59,222.88,Itabuna,BA,Nordeste
425,788,SKU-047,2025-12-22,1,3,18.2,670.71,Gama,DF,Centro-Oeste
426,302,SKU-012,2026-05-20,8,1,27.95,2514.31,Pelotas,RS,Sul
427,545,SKU-013,2025-12-29,1,3,24.32,5942.91,Caxias do Sul,RS,Sul
428,1,SKU-101,2025-10-22,12,2,34.1,628.36,Sao Jose dos Campos,SP,Sudeste
429,1213,SKU-031,2025-01-04,7,3,15.45,2966.79,Sao Jose dos Campos,SP,Sudeste
430,6,SKU-157,2025-10-19,15,1,7.16,1876.66,Sao Jose dos Pinhais,PR,Sul
431,18,SKU-057,2025-12-11,13,2,33.8,4004.38,Juazeiro,BA,Nordeste
432,855,SKU-233,2026-01-18,2,3,9.4,6194.1,Porto Seguro,BA,Nordeste
433,4,SKU-105,2026-05-14,7,1,24.32,328.09,Serra Talhada,PE,Nordeste
434,1337,SKU-233,2025-03-02,5,1,21.4,2064.7,Quixada,CE,Nordeste
435,6,SKU-179,2025-09-05,11,4,20.03,3000.84,Contagem,MG,Sudeste
436,66,SKU-218,2025-10-23,1,3,22.43,1406.94,Itabuna,BA,Nordeste
437,1,SKU-126,2026-04-15,6,4,27.76,324.12,Montes Claros,MG,Sudeste
438,1,SKU-042,2025-12-23,6,1,7.19,2111.32,Novo Hamburgo,RS,Sul
439,109,SKU-231,2026-02-05,5,2,13.58,3988.06,Caninde,CE,Nordeste
440,60,SKU-016,2025-07-11,6,2,11.57,63.54,Santa Maria,RS,Sul
441,1106,SKU-018,2025-01-16,6,1,22.14,2274.73,Recife,PE,Nordeste
442,100,SKU-164,2026-02-28,2,3,12.29,1815.54,Uberlandia,MG,Sudeste
443,235,SKU-114,2025-08-14,15,2,23.49,4203.64,Ribeirao Preto,SP,Sudeste
444,703,SKU-246,2026-04-13,13,3,27.63,7694.73,Sobradinho,DF,Centro-Oeste
445,1448,SKU-116,2025-11-28,13,2,7.63,4361.62,Recanto das Emas,DF,Centro-Oeste
446,283,SKU-043,2026-02-09,11,1,11.93,422.04,Novo Hamburgo,RS,Sul
447,979,SKU-046,2025-01-09,3,2,18.73,2873.52,Camacari,BA,Nordeste
448,14,SKU-119,2026-04-20,15,1,25.85,137.79,Belo Horizonte,MG,Sudeste
449,311,SKU-024,2025-12-19,3,2,11.77,3711.94,Manaus,AM,Norte
450,63,SKU-180,2025-06-22,2,1,24.41,962.45,Taguatinga,DF,Centro-Oeste
451,200,SKU-234,2025-05-08,2,4,26.68,365.8,Lauro de Freitas,BA,Nordeste
452,296,SKU-198,2025-04-25,9,4,11.34,5735.2,Juazeiro,BA,Nordeste
453,469,SKU-187,2025-11-17,12,4,25.71,5211.08,Juazeiro do Norte,CE,Nordeste
454,728,SKU-098,2025-02-15,8,1,27.51,683.02,Itabuna,BA,Nordeste
455,444,SKU-207,2025-08-10,3,1,21.42,1190.66,Serra Talhada,PE,Nordeste
456,402,SKU-149,2026-05-07,15,2,29.11,5760.14,Foz do Iguacu,PR,Sul
457,157,SKU-014,2025-04-09,1,2,10.04,2483.52,Juazeiro do Norte,CE,Nordeste
458,8,SKU-142,2025-08-07,11,3,21.1,2749.11,Pelotas,RS,Sul
459,1344,SKU-016,2025-09-16,11,1,13.32,31.77,Sobral,CE,Nordeste
460,77,SKU-034,2025-04-23,10,1,17.64,1521.16,Lauro de Freitas,BA,Nordeste
461,769,SKU-180,2025-01-11,1,2,27.07,1924.9,Santos,SP,Sudeste
462,616,SKU-013,2025-10-11,12,2,11.57,3961.94,Juiz de Fora,MG,Sudeste
463,303,SKU-092,2025-05-11,15,1,12.31,2409.86,Porto Alegre,RS,Sul
464,915,SKU-034,2026-05-31,5,1,17.54,1521.16,Sao Bernardo do Campo,SP,Sudeste
465,249,SKU-001,2025-02-28,15,3,26.46,3669.84,Samambaia,DF,Centro-Oeste
466,1037,SKU-117,2026-04-16,10,3,16.94,3192.72,Ceilandia,DF,Centro-Oeste
467,447,SKU-034,2025-03-14,7,1,24.55,1521.16,Ceilandia,DF,Centro-Oeste
468,712,SKU-209,2025-03-17,14,4,13.96,7940.96,Brasilia,DF,Centro-Oeste
469,1343,SKU-150,2025-08-12,4,1,33.32,1140.89,Ribeirao Preto,SP,Sudeste
470,1072,SKU-190,2025-10-10,3,1,23.6,1728.83,Olinda,PE,Nordeste
471,497,SKU-206,2025-07-27,1,1,17.59,653.02,Osasco,SP,Sudeste
472,215,SKU-143,2026-01-13,13,4,30.24,3678.28,Igarassu,PE,Nordeste
473,1160,SKU-011,2026-01-28,10,2,26.01,4275.94,Uberlandia,MG,Sudeste
474,408,SKU-101,2026-01-06,13,3,6.81,942.54,Planaltina,DF,Centro-Oeste
475,884,SKU-066,2025-11-04,4,1,18.23,2619.46,Garanhuns,PE,Nordeste
476,716,SKU-155,2025-07-13,5,2,22.03,206.62,Salvador,BA,Nordeste
477,642,SKU-097,2025-06-21,3,4,10.69,4320.2,Governador Valadares,MG,Sudeste
478,296,SKU-214,2025-05-01,4,1,13.87,742.87,Betim,MG,Sudeste
479,936,SKU-171,2025-05-21,5,3,33.23,6014.64,Tabatinga,AM,Norte
480,693,SKU-026,2025-02-10,2,4,33.47,9598.24,Recanto das Emas,DF,Centro-Oeste
481,832,SKU-239,2026-02-22,11,2,24.18,451.94,Londrina,PR,Sul
482,555,SKU-175,2026-01-25,13,3,11.62,7780.44,Tabatinga,AM,Norte
483,97,SKU-035,2025-10-16,11,4,34.22,11108.76,Montes Claros,MG,Sudeste
484,9,SKU-137,2025-08-30,13,2,12.37,4540.3,Porto Alegre,RS,Sul
485,726,SKU-020,2025-03-22,7,3,30.45,1744.71,Maues,AM,Norte
486,3,SKU-185,2025-10-01,11,3,30.91,1508.4,Serra Talhada,PE,Nordeste
487,120,SKU-085,2026-04-10,4,4,22.6,4175.84,Foz do Iguacu,PR,Sul
488,208,SKU-062,2026-03-24,7,3,21.93,7467.27,Guarapuava,PR,Sul
489,1305,SKU-153,2026-05-30,4,4,33.87,4307.48,Campos dos Goytacazes,RJ,Sudeste
490,1236,SKU-033,2025-03-22,9,2,15.3,5184.54,Salvador,BA,Nordeste
491,742,SKU-003,2025-12-07,13,3,20.24,8655.96,Vitoria da Conquista,BA,Nordeste
492,253,SKU-037,2025-11-27,14,3,22.27,7695.18,Petrolina,PE,Nordeste
493,314,SKU-029,2025-09-03,4,1,18.6,778.9,Maringa,PR,Sul
494,217,SKU-184,2025-05-02,1,3,10.45,7658.61,Duque de Caxias,RJ,Sudeste
495,1494,SKU-245,2025-09-29,14,2,12.43,5947.22,Governador Valadares,MG,Sudeste
496,27,SKU-199,2025-11-21,10,3,11.4,5912.58,Guarulhos,SP,Sudeste
497,269,SKU-169,2026-04-14,9,2,8.13,4383.86,Sao Paulo,SP,Sudeste
498,638,SKU-188,2025-05-05,3,4,33.2,144.8,Vitoria da Conquista,BA,Nordeste
499,1307,SKU-021,2026-01-13,6,4,7.77,5496.88,Coari,AM,Norte
500,45,SKU-093,2025-10-14,5,2,17.99,698.32,Maues,AM,Norte
501,118,SKU-175,2026-05-26,14,1,8.37,2593.48,Pelotas,RS,Sul
502,643,SKU-209,2025-01-26,15,4,28.9,7940.96,Contagem,MG,Sudeste
503,311,SKU-116,2025-05-16,4,4,17.01,8723.24,Porto Seguro,BA,Nordeste
504,66,SKU-001,2025-04-25,14,3,32.33,3669.84,Sorocaba,SP,Sudeste
505,43,SKU-113,2025-03-06,11,1,32.83,1813.29,Juazeiro,BA,Nordeste
506,419,SKU-012,2025-02-07,12,1,32.62,2514.31,Juazeiro do Norte,CE,Nordeste
507,31,SKU-080,2025-07-10,7,3,18.89,4926.12,Caxias do Sul,RS,Sul
508,3,SKU-078,2025-08-21,9,1,28.08,1805.35,Novo Hamburgo,RS,Sul
509,984,SKU-178,2025-03-30,2,4,34.8,8941.16,Sao Jose dos Campos,SP,Sudeste
510,68,SKU-160,2025-12-21,3,3,26.28,8402.55,Tefe,AM,Norte
511,1238,SKU-007,2025-07-10,12,4,28.52,9608.96,Vitoria da Conquista,BA,Nordeste
512,223,SKU-158,2025-12-27,3,2,32.29,4565.44,Juiz de Fora,MG,Sudeste
513,628,SKU-198,2026-03-30,10,2,25.98,2867.6,Bento Goncalves,RS,Sul
514,568,SKU-001,2025-10-22,4,3,30.59,3669.84,Gravatai,RS,Sul
515,32,SKU-109,2026-03-14,7,1,20.22,1537.45,Guarulhos,SP,Sudeste
516,18,SKU-013,2026-04-16,8,1,20.34,1980.97,Serra Talhada,PE,Nordeste
517,941,SKU-031,2026-06-02,1,2,29.89,1977.86,Novo Hamburgo,RS,Sul
518,20,SKU-126,2025-05-08,4,2,16.89,162.06,Camacari,BA,Nordeste
519,1202,SKU-143,2025-07-07,15,1,33.91,919.57,Iguatu,CE,Nordeste
520,763,SKU-068,2025-09-22,13,4,19.35,6792.84,Teixeira de Freitas,BA,Nordeste
521,115,SKU-038,2025-08-03,3,2,34.46,711.46,Juiz de Fora,MG,Sudeste
522,1273,SKU-131,2025-01-18,3,1,27.63,2445.52,Cascavel,PR,Sul
523,193,SKU-172,2025-06-07,1,2,10.36,3587.48,Porto Seguro,BA,Nordeste
524,227,SKU-211,2025-12-12,4,2,16.15,1929.84,Sao Bernardo do Campo,SP,Sudeste
525,1049,SKU-163,2026-05-06,1,2,7.0,1859.28,Cabo Frio,RJ,Sudeste
526,122,SKU-176,2026-05-19,8,3,8.14,7070.79,Porto Alegre,RS,Sul
527,684,SKU-059,2025-11-09,1,1,24.6,2011.23,Vitoria da Conquista,BA,Nordeste
528,1190,SKU-019,2025-08-14,13,4,10.24,2389.16,Osasco,SP,Sudeste
529,135,SKU-103,2025-08-23,6,4,24.71,1395.76,Jaboatao dos Guararapes,PE,Nordeste
530,812,SKU-203,2026-05-03,2,1,15.85,473.5,Sao Jose dos Pinhais,PR,Sul
531,968,SKU-240,2025-03-10,2,3,7.59,1100.13,Londrina,PR,Sul
532,495,SKU-236,2025-12-17,15,3,17.85,1908.48,Piracicaba,SP,Sudeste
533,687,SKU-148,2026-01-20,8,2,22.73,2823.32,Caninde,CE,Nordeste
534,205,SKU-048,2025-03-03,5,4,29.1,4887.76,Belo Horizonte,MG,Sudeste
535,51,SKU-250,2025-06-12,3,1,7.13,2319.39,Caucaia,CE,Nordeste
536,809,SKU-023,2025-06-03,4,3,7.2,3430.5,Erechim,RS,Sul
537,859,SKU-111,2026-02-18,1,4,20.96,9482.28,Iguatu,CE,Nordeste
538,495,SKU-134,2026-05-01,15,2,7.23,1519.98,Igarassu,PE,Nordeste
539,366,SKU-021,2025-07-09,8,2,18.14,2748.44,Recife,PE,Nordeste
540,1383,SKU-179,2026-05-02,15,4,15.57,3000.84,Erechim,RS,Sul
541,1263,SKU-178,2025-11-13,6,2,8.46,4470.58,Campos dos Goytacazes,RJ,Sudeste
542,155,SKU-008,2026-06-09,1,3,10.45,6266.55,Petropolis,RJ,Sudeste
543,46,SKU-151,2025-03-12,13,3,30.26,7860.54,Teixeira de Freitas,BA,Nordeste
544,228,SKU-073,2026-04-13,3,3,19.4,3093.33,Sao Paulo,SP,Sudeste
545,280,SKU-144,2026-04-21,8,4,14.19,310.56,Tefe,AM,Norte
546,255,SKU-147,2026-04-04,14,4,32.7,10855.52,Campos dos Goytacazes,RJ,Sudeste
547,70,SKU-228,2025-12-22,14,4,25.72,9652.4,Ribeirao Preto,SP,Sudeste
548,177,SKU-006,2026-02-21,4,2,15.59,2089.4,Passo Fundo,RS,Sul
549,5,SKU-190,2026-01-31,8,3,21.95,5186.49,Taguatinga,DF,Centro-Oeste
550,306,SKU-029,2026-01-02,6,2,22.08,1557.8,Caruaru,PE,Nordeste
551,73,SKU-178,2026-01-15,6,4,26.57,8941.16,Montes Claros,MG,Sudeste
552,24,SKU-136,2025-06-14,5,4,17.41,126.8,Novo Hamburgo,RS,Sul
553,93,SKU-021,2025-11-18,14,3,32.48,4122.66,Sobradinho,DF,Centro-Oeste
554,501,SKU-086,2026-02-07,4,3,32.68,8701.65,Garanhuns,PE,Nordeste
555,146,SKU-085,2025-09-26,13,3,27.36,3131.88,Cascavel,PR,Sul
556,12,SKU-230,2025-11-09,4,1,16.87,1812.73,Recanto das Emas,DF,Centro-Oeste
557,861,SKU-063,2025-09-22,10,3,22.35,7847.67,Ponta Grossa,PR,Sul
558,1170,SKU-225,2026-02-24,3,3,5.52,7682.79,Itacoatiara,AM,Norte
559,86,SKU-152,2025-12-03,10,4,8.85,6209.24,Maracanau,CE,Nordeste
560,684,SKU-137,2025-10-04,15,1,12.48,2270.15,Rio de Janeiro,RJ,Sudeste
561,878,SKU-115,2025-05-13,13,1,25.74,1727.82,Angra dos Reis,RJ,Sudeste
562,6,SKU-084,2025-11-05,6,3,10.78,4405.5,Paulista,PE,Nordeste
563,349,SKU-150,2025-05-16,5,2,6.12,2281.78,Sao Paulo,SP,Sudeste
564,128,SKU-111,2025-11-08,4,4,32.87,9482.28,Uberaba,MG,Sudeste
565,496,SKU-211,2025-01-29,3,2,31.92,1929.84,Feira de Santana,BA,Nordeste
566,920,SKU-053,2026-04-18,12,3,30.75,6742.59,Camacari,BA,Nordeste
567,545,SKU-049,2025-12-05,9,3,23.84,304.8,Fortaleza,CE,Nordeste
568,1329,SKU-249,2025-03-22,9,2,33.33,1406.9,Foz do Iguacu,PR,Sul
569,146,SKU-067,2025-12-02,4,4,16.64,9304.4,Niteroi,RJ,Sudeste
570,1314,SKU-141,2026-01-15,4,1,31.55,2420.37,Maringa,PR,Sul
571,1039,SKU-041,2025-05-19,8,1,30.74,2058.61,Santa Maria,RS,Sul
572,141,SKU-068,2026-02-21,4,2,24.68,3396.42,Ribeirao Preto,SP,Sudeste
573,673,SKU-183,2026-03-02,1,4,28.44,11142.68,Manaus,AM,Norte
574,472,SKU-231,2025-11-18,13,2,22.07,3988.06,Guarapuava,PR,Sul
575,523,SKU-013,2025-06-06,15,1,24.4,1980.97,Quixada,CE,Nordeste
576,135,SKU-120,2025-09-27,14,2,34.81,4260.2,Ponta Grossa,PR,Sul
577,165,SKU-040,2025-08-22,14,3,33.42,3446.58,Juiz de Fora,MG,Sudeste
578,483,SKU-242,2025-10-15,13,4,16.73,9493.32,Ipatinga,MG,Sudeste
579,183,SKU-224,2025-06-13,10,2,11.03,5018.72,Itacoatiara,AM,Norte
580,953,SKU-003,2025-05-20,2,1,9.03,2885.32,Serra Talhada,PE,Nordeste
581,80,SKU-225,2025-01-11,7,2,5.66,5121.86,Santa Maria,RS,Sul
582,344,SKU-018,2025-05-06,8,4,28.5,9098.92,Salvador,BA,Nordeste
583,1106,SKU-037,2026-05-05,15,3,27.53,7695.18,Itabuna,BA,Nordeste
584,851,SKU-045,2025-10-12,15,3,11.32,4769.31,Petropolis,RJ,Sudeste
585,90,SKU-149,2025-09-22,5,4,10.12,11520.28,Sao Jose dos Campos,SP,Sudeste
586,782,SKU-244,2025-05-15,2,1,8.81,512.01,Paranagua,PR,Sul
587,1347,SKU-205,2025-01-17,11,1,18.63,394.18,Juiz de Fora,MG,Sudeste
588,962,SKU-075,2025-02-23,11,3,6.75,7884.03,Petrolina,PE,Nordeste
589,1176,SKU-119,2025-04-15,14,4,24.27,551.16,Crato,CE,Nordeste
590,113,SKU-028,2025-07-07,4,3,6.5,3475.5,Camacari,BA,Nordeste
591,447,SKU-236,2026-03-28,6,2,28.66,1272.32,Juazeiro do Norte,CE,Nordeste
592,398,SKU-239,2025-03-07,13,2,9.67,451.94,Brasilia,DF,Centro-Oeste
593,1373,SKU-201,2025-12-18,12,4,16.83,5600.08,Coari,AM,Norte
594,108,SKU-130,2025-05-31,10,2,19.56,111.96,Passo Fundo,RS,Sul
595,898,SKU-020,2025-07-10,2,1,8.9,581.57,Rio de Janeiro,RJ,Sudeste
596,437,SKU-248,2025-02-12,13,2,25.91,3749.18,Tefe,AM,Norte
597,1269,SKU-158,2025-02-21,5,1,18.63,2282.72,Guarulhos,SP,Sudeste
598,734,SKU-205,2025-08-19,10,2,15.58,788.36,Recanto das Emas,DF,Centro-Oeste
599,106,SKU-091,2025-07-02,2,3,27.06,2880.09,Angra dos Reis,RJ,Sudeste
600,53,SKU-037,2026-05-20,9,4,27.45,10260.24,Canoas,RS,Sul
601,324,SKU-042,2025-01-22,2,3,30.71,6333.96,Juiz de Fora,MG,Sudeste
602,225,SKU-097,2025-11-25,15,3,22.73,3240.15,Caruaru,PE,Nordeste
603,66,SKU-189,2025-01-02,5,2,11.07,2238.6,Cascavel,PR,Sul
604,308,SKU-232,2025-01-19,9,3,20.07,5086.32,Maues,AM,Norte
605,552,SKU-237,2025-12-05,1,1,13.13,2993.72,Santos,SP,Sudeste
606,1117,SKU-158,2026-01-22,13,3,7.14,6848.16,Itabuna,BA,Nordeste
607,710,SKU-128,2025-09-21,15,2,16.92,797.38,Pelotas,RS,Sul
608,550,SKU-082,2026-03-01,8,2,13.04,1527.34,Quixada,CE,Nordeste
609,165,SKU-044,2025-06-13,2,3,22.02,4510.65,Sao Bernardo do Campo,SP,Sudeste
610,1183,SKU-090,2025-03-27,11,2,29.29,5891.28,Belo Horizonte,MG,Sudeste
611,218,SKU-186,2025-06-11,6,2,22.78,547.64,Niteroi,RJ,Sudeste
612,1285,SKU-245,2026-02-25,6,2,6.26,5947.22,Gama,DF,Centro-Oeste
613,871,SKU-180,2026-02-16,11,2,18.08,1924.9,Juazeiro do Norte,CE,Nordeste
614,264,SKU-212,2025-10-31,6,2,6.28,5222.9,Jaboatao dos Guararapes,PE,Nordeste
615,673,SKU-160,2025-01-28,4,3,7.91,8402.55,Caxias do Sul,RS,Sul
616,656,SKU-195,2025-02-11,12,1,13.18,222.88,Manacapuru,AM,Norte
617,1105,SKU-017,2025-03-27,13,2,30.52,917.48,Petropolis,RJ,Sudeste
618,13,SKU-192,2025-10-31,14,1,26.34,30.63,Itacoatiara,AM,Norte
619,299,SKU-107,2026-05-27,13,4,13.94,6550.24,Campinas,SP,Sudeste
620,524,SKU-136,2025-12-01,5,3,21.69,95.1,Sao Bernardo do Campo,SP,Sudeste
621,1468,SKU-193,2025-05-17,10,1,6.28,2477.85,Olinda,PE,Nordeste
622,1296,SKU-235,2026-05-25,14,4,24.15,7930.6,Maracanau,CE,Nordeste
623,160,SKU-084,2026-02-02,13,4,13.45,5874.0,Petrolina,PE,Nordeste
624,844,SKU-153,2026-03-22,10,2,11.53,2153.74,Uberlandia,MG,Sudeste
625,37,SKU-239,2026-03-23,1,2,10.37,451.94,Pelotas,RS,Sul
626,152,SKU-017,2025-02-16,4,3,9.89,1376.22,Colombo,PR,Sul
627,960,SKU-029,2025-10-16,2,4,33.13,3115.6,Ceilandia,DF,Centro-Oeste
628,347,SKU-158,2026-04-03,10,2,29.76,4565.44,Serra Talhada,PE,Nordeste
629,543,SKU-157,2025-10-12,2,1,24.55,1876.66,Manacapuru,AM,Norte
630,822,SKU-006,2025-02-28,1,2,31.26,2089.4,Garanhuns,PE,Nordeste
631,827,SKU-191,2025-06-22,12,1,6.87,326.91,Itabuna,BA,Nordeste
632,47,SKU-087,2025-07-18,6,4,10.66,2364.48,Rio de Janeiro,RJ,Sudeste
633,612,SKU-084,2025-07-03,9,3,12.33,4405.5,Manacapuru,AM,Norte
634,768,SKU-240,2025-12-30,11,2,32.75,733.42,Taguatinga,DF,Centro-Oeste
635,919,SKU-197,2025-03-05,3,1,18.53,872.58,Tefe,AM,Norte
636,1024,SKU-194,2026-03-23,15,2,30.73,5030.88,Pocos de Caldas,MG,Sudeste
637,74,SKU-224,2026-05-29,14,4,25.2,10037.44,Canoas,RS,Sul
638,365,SKU-231,2025-03-27,3,3,24.05,5982.09,Tefe,AM,Norte
639,251,SKU-027,2025-09-11,2,4,21.56,8300.48,Rio de Janeiro,RJ,Sudeste
640,63,SKU-170,2026-06-02,3,2,11.03,3377.9,Erechim,RS,Sul
641,20,SKU-139,2026-06-05,12,2,15.48,3656.78,Ipatinga,MG,Sudeste
642,554,SKU-220,2025-03-06,15,4,14.76,9264.16,Sao Bernardo do Campo,SP,Sudeste
643,363,SKU-099,2025-04-08,3,1,17.67,1638.88,Lauro de Freitas,BA,Nordeste
644,1,SKU-231,2025-04-13,3,3,12.42,5982.09,Teresopolis,RJ,Sudeste
645,342,SKU-114,2026-02-24,6,1,18.82,2101.82,Parintins,AM,Norte
646,1413,SKU-108,2025-09-10,12,3,15.5,7125.24,Juazeiro do Norte,CE,Nordeste
647,697,SKU-184,2025-06-04,7,4,16.31,10211.48,Gravata,PE,Nordeste
648,885,SKU-157,2025-12-29,5,1,9.15,1876.66,Maracanau,CE,Nordeste
649,584,SKU-152,2025-06-16,11,3,14.78,4656.93,Planaltina,DF,Centro-Oeste
650,298,SKU-163,2025-01-10,14,4,27.15,3718.56,Uberaba,MG,Sudeste
651,568,SKU-114,2025-10-02,7,4,9.28,8407.28,Aguas Claras,DF,Centro-Oeste
652,537,SKU-078,2025-03-06,1,4,22.22,7221.4,Igarassu,PE,Nordeste
653,489,SKU-142,2026-04-14,9,3,25.58,2749.11,Sobral,CE,Nordeste
654,199,SKU-159,2025-10-19,13,4,13.27,9378.16,Manacapuru,AM,Norte
655,569,SKU-130,2025-11-06,14,1,17.33,55.98,Santa Maria,RS,Sul
656,329,SKU-242,2025-12-18,13,2,16.96,4746.66,Sobradinho,DF,Centro-Oeste
657,441,SKU-098,2025-10-27,13,1,12.96,683.02,Salvador,BA,Nordeste
658,563,SKU-170,2026-02-08,14,1,14.8,1688.95,Uberlandia,MG,Sudeste
659,1188,SKU-009,2025-06-17,7,4,9.19,6582.68,Fortaleza,CE,Nordeste
660,254,SKU-142,2025-03-04,9,1,30.2,916.37,Betim,MG,Sudeste
661,1050,SKU-092,2025-04-17,9,2,5.02,4819.72,Presidente Figueiredo,AM,Norte
662,63,SKU-171,2025-02-12,4,3,19.47,6014.64,Autazes,AM,Norte
663,588,SKU-189,2026-05-01,6,3,30.0,3357.9,Cabo Frio,RJ,Sudeste
664,274,SKU-222,2025-08-31,15,1,9.48,874.92,Crato,CE,Nordeste
665,1,SKU-001,2025-08-06,2,1,25.39,1223.28,Garanhuns,PE,Nordeste
666,540,SKU-223,2025-12-31,5,2,5.52,4987.54,Porto Seguro,BA,Nordeste
667,20,SKU-067,2025-07-16,8,4,34.36,9304.4,Guarapuava,PR,Sul
668,501,SKU-129,2026-05-07,3,1,24.61,561.4,Maues,AM,Norte
669,272,SKU-165,2025-02-05,6,1,8.39,1654.76,Novo Hamburgo,RS,Sul
670,1190,SKU-032,2025-02-18,5,2,13.14,3705.48,Cascavel,PR,Sul
671,33,SKU-153,2025-02-14,9,4,19.52,4307.48,Porto Seguro,BA,Nordeste
672,1227,SKU-103,2026-01-19,3,2,14.03,697.88,Sao Bernardo do Campo,SP,Sudeste
673,940,SKU-033,2025-04-30,7,3,32.3,7776.81,Recanto das Emas,DF,Centro-Oeste
674,1148,SKU-036,2025-11-19,2,4,28.04,1517.92,Juiz de Fora,MG,Sudeste
675,570,SKU-085,2025-08-30,13,2,32.96,2087.92,Paranagua,PR,Sul
676,3,SKU-128,2025-11-11,5,4,32.02,1594.76,Colombo,PR,Sul
677,716,SKU-084,2026-01-17,2,2,23.02,2937.0,Vitoria da Conquista,BA,Nordeste
678,1087,SKU-210,2025-08-26,3,2,14.38,849.44,Caucaia,CE,Nordeste
679,136,SKU-187,2025-12-23,1,2,8.05,2605.54,Brasilia,DF,Centro-Oeste
680,835,SKU-101,2025-05-11,4,2,33.4,628.36,Angra dos Reis,RJ,Sudeste
681,1283,SKU-164,2025-05-27,9,4,19.84,2420.72,Petrolina,PE,Nordeste
682,633,SKU-188,2025-09-10,6,3,21.67,108.6,Camacari,BA,Nordeste
683,52,SKU-150,2025-11-09,12,2,25.44,2281.78,Vitoria da Conquista,BA,Nordeste
684,1115,SKU-026,2026-02-20,6,1,34.32,2399.56,Teixeira de Freitas,BA,Nordeste
685,581,SKU-115,2025-03-10,14,1,15.08,1727.82,Osasco,SP,Sudeste
686,621,SKU-093,2025-11-12,5,1,12.75,349.16,Sobral,CE,Nordeste
687,348,SKU-196,2026-01-10,8,2,15.7,4669.88,Betim,MG,Sudeste
688,1152,SKU-188,2025-10-30,6,1,30.0,36.2,Caucaia,CE,Nordeste
689,520,SKU-180,2026-04-16,1,2,12.8,1924.9,Samambaia,DF,Centro-Oeste
690,180,SKU-126,2026-06-07,4,1,11.67,81.03,Cabo Frio,RJ,Sudeste
691,280,SKU-224,2025-03-12,3,2,12.19,5018.72,Presidente Figueiredo,AM,Norte
692,288,SKU-010,2026-05-01,6,2,29.36,5610.96,Parintins,AM,Norte
693,956,SKU-123,2026-05-02,3,2,5.29,2492.22,Tefe,AM,Norte
694,162,SKU-017,2025-11-17,6,2,8.67,917.48,Guarapuava,PR,Sul
695,1046,SKU-055,2025-12-02,2,2,19.48,3211.28,Manaus,AM,Norte
696,407,SKU-222,2025-04-20,5,3,17.75,2624.76,Maracanau,CE,Nordeste
697,129,SKU-098,2026-05-24,15,1,27.06,683.02,Iguatu,CE,Nordeste
698,48,SKU-208,2026-02-12,14,1,34.61,2563.61,Canoas,RS,Sul
699,249,SKU-151,2025-09-21,15,4,23.87,10480.72,Petrolina,PE,Nordeste
700,188,SKU-157,2025-01-30,9,1,8.36,1876.66,Presidente Figueiredo,AM,Norte
701,187,SKU-059,2025-01-18,2,2,29.98,4022.46,Vitoria da Conquista,BA,Nordeste
702,756,SKU-139,2026-02-24,7,3,32.14,5485.17,Betim,MG,Sudeste
703,127,SKU-241,2025-11-01,9,4,22.49,1570.52,Juazeiro do Norte,CE,Nordeste
704,1249,SKU-095,2026-05-18,13,3,24.05,1082.85,Gama,DF,Centro-Oeste
705,420,SKU-243,2025-04-24,12,1,10.37,2836.47,Angra dos Reis,RJ,Sudeste
706,525,SKU-188,2025-03-17,11,2,13.98,72.4,Manacapuru,AM,Norte
707,569,SKU-221,2026-04-08,9,1,18.86,1785.2,Lauro de Freitas,BA,Nordeste
708,146,SKU-248,2025-09-26,7,3,29.33,5623.77,Ponta Grossa,PR,Sul
709,384,SKU-224,2025-06-13,3,4,34.46,10037.44,Niteroi,RJ,Sudeste
710,802,SKU-164,2025-01-31,14,2,20.84,1210.36,Porto Seguro,BA,Nordeste
711,446,SKU-199,2025-03-25,2,2,23.29,3941.72,Caninde,CE,Nordeste
712,125,SKU-235,2025-12-11,11,1,31.63,1982.65,Piracicaba,SP,Sudeste
713,1266,SKU-248,2025-06-20,6,1,18.36,1874.59,Brasilia,DF,Centro-Oeste
714,162,SKU-144,2026-03-12,2,4,22.56,310.56,Gravatai,RS,Sul
715,605,SKU-169,2025-11-17,13,1,27.64,2191.93,Fortaleza,CE,Nordeste
716,1057,SKU-082,2025-07-19,2,2,25.2,1527.34,Campinas,SP,Sudeste
717,511,SKU-202,2025-03-23,14,1,12.46,1775.42,Itacoatiara,AM,Norte
718,507,SKU-122,2025-11-11,2,2,24.39,901.3,Juazeiro,BA,Nordeste
719,100,SKU-110,2025-02-13,13,1,25.7,459.21,Camacari,BA,Nordeste
720,21,SKU-129,2025-05-06,5,1,13.5,561.4,Santos,SP,Sudeste
721,77,SKU-119,2025-07-31,8,4,7.09,551.16,Camacari,BA,Nordeste
722,73,SKU-194,2026-02-16,12,2,32.45,5030.88,Nova Iguacu,RJ,Sudeste
723,195,SKU-185,2026-02-15,1,2,11.27,1005.6,Erechim,RS,Sul
724,756,SKU-161,2025-12-08,6,3,34.26,6527.85,Jaboatao dos Guararapes,PE,Nordeste
725,614,SKU-075,2026-04-07,14,2,7.58,5256.02,Porto Seguro,BA,Nordeste
726,225,SKU-150,2026-05-15,7,2,15.71,2281.78,Niteroi,RJ,Sudeste
727,138,SKU-101,2025-02-13,8,2,30.15,628.36,Passo Fundo,RS,Sul
728,58,SKU-008,2025-06-12,1,4,34.9,8355.4,Garanhuns,PE,Nordeste
729,190,SKU-064,2025-10-30,5,2,20.64,4375.38,Petrolina,PE,Nordeste
730,11,SKU-181,2026-02-27,12,1,6.05,1313.54,Teresopolis,RJ,Sudeste
731,334,SKU-243,2025-11-28,14,2,15.04,5672.94,Guarapuava,PR,Sul
732,117,SKU-250,2026-01-18,1,1,6.12,2319.39,Autazes,AM,Norte
733,35,SKU-055,2025-01-09,7,3,9.28,4816.92,Caruaru,PE,Nordeste
734,34,SKU-220,2026-06-06,8,1,12.9,2316.04,Cascavel,PR,Sul
735,26,SKU-194,2025-08-24,7,3,28.83,7546.32,Piracicaba,SP,Sudeste
736,510,SKU-012,2026-03-05,10,4,17.06,10057.24,Brasilia,DF,Centro-Oeste
737,54,SKU-130,2025-10-12,2,4,27.96,223.92,Juazeiro,BA,Nordeste
738,1106,SKU-061,2025-12-03,8,4,9.07,7568.04,Caucaia,CE,Nordeste
739,117,SKU-051,2025-01-22,13,4,29.18,913.8,Parintins,AM,Norte
740,23,SKU-099,2025-10-05,9,1,11.09,1638.88,Erechim,RS,Sul
741,877,SKU-231,2025-03-08,11,4,11.17,7976.12,Quixada,CE,Nordeste
742,849,SKU-247,2026-06-09,5,2,26.97,3103.78,Novo Hamburgo,RS,Sul
743,879,SKU-116,2025-01-15,1,3,7.83,6542.43,Piracicaba,SP,Sudeste
744,595,SKU-029,2025-12-24,3,2,20.38,1557.8,Recife,PE,Nordeste
745,460,SKU-102,2025-05-17,15,3,12.94,5521.59,Belo Horizonte,MG,Sudeste
746,114,SKU-168,2025-06-24,12,2,31.83,2991.28,Brasilia,DF,Centro-Oeste
747,651,SKU-116,2026-04-18,1,2,5.22,4361.62,Londrina,PR,Sul
748,8,SKU-177,2026-05-22,5,3,7.99,8341.11,Pelotas,RS,Sul
749,220,SKU-200,2025-09-03,5,1,6.78,2954.26,Itapipoca,CE,Nordeste
750,20,SKU-163,2025-05-28,1,2,27.52,1859.28,Maues,AM,Norte
751,531,SKU-189,2026-05-02,7,2,27.33,2238.6,Sao Jose dos Pinhais,PR,Sul
752,72,SKU-046,2026-01-18,3,1,34.76,1436.76,Maringa,PR,Sul
753,138,SKU-068,2025-08-08,14,2,17.58,3396.42,Cabo Frio,RJ,Sudeste
754,594,SKU-010,2025-07-17,12,3,16.48,8416.44,Jaboatao dos Guararapes,PE,Nordeste
755,232,SKU-013,2026-05-02,12,1,9.48,1980.97,Igarassu,PE,Nordeste
756,652,SKU-015,2025-06-05,7,1,5.95,1942.39,Itabuna,BA,Nordeste
757,1203,SKU-107,2025-05-19,9,1,22.14,1637.56,Novo Hamburgo,RS,Sul
758,525,SKU-003,2025-12-14,1,4,19.27,11541.28,Salvador,BA,Nordeste
759,19,SKU-063,2025-05-20,1,3,33.66,7847.67,Brasilia,DF,Centro-Oeste
760,966,SKU-056,2026-04-18,3,1,10.69,2764.57,Guarulhos,SP,Sudeste
761,47,SKU-028,2025-07-29,15,4,21.99,4634.0,Maues,AM,Norte
762,13,SKU-100,2026-05-23,6,2,10.57,4458.3,Ribeirao Preto,SP,Sudeste
763,1142,SKU-182,2025-10-14,10,4,28.77,11258.6,Caucaia,CE,Nordeste
764,50,SKU-207,2025-03-12,5,4,30.03,4762.64,Sobral,CE,Nordeste
765,101,SKU-014,2025-05-29,3,2,27.79,2483.52,Maringa,PR,Sul
766,208,SKU-024,2026-02-11,15,1,9.32,1855.97,Contagem,MG,Sudeste
767,532,SKU-194,2025-03-26,5,2,33.63,5030.88,Piracicaba,SP,Sudeste
768,152,SKU-211,2026-04-02,1,4,31.5,3859.68,Serra Talhada,PE,Nordeste
769,75,SKU-047,2026-03-07,8,3,14.47,670.71,Pelotas,RS,Sul
770,265,SKU-167,2026-04-22,5,3,26.61,4390.53,Santos,SP,Sudeste
771,1351,SKU-212,2026-01-03,2,3,8.36,7834.35,Santos,SP,Sudeste
772,23,SKU-171,2025-04-24,15,3,33.65,6014.64,Presidente Figueiredo,AM,Norte
773,1070,SKU-044,2026-03-17,13,4,34.8,6014.2,Sao Jose dos Pinhais,PR,Sul
774,445,SKU-106,2025-09-19,3,4,21.68,1906.6,Tefe,AM,Norte
775,78,SKU-098,2025-03-02,8,1,20.01,683.02,Cascavel,PR,Sul
776,112,SKU-131,2025-08-25,10,4,29.63,9782.08,Parintins,AM,Norte
777,24,SKU-009,2026-05-18,2,3,23.59,4937.01,Taguatinga,DF,Centro-Oeste
778,301,SKU-012,2025-02-21,7,4,22.14,10057.24,Manacapuru,AM,Norte
779,568,SKU-187,2025-05-11,9,2,28.56,2605.54,Santa Maria,RS,Sul
780,120,SKU-112,2025-10-04,3,4,33.34,3376.8,Osasco,SP,Sudeste
781,27,SKU-147,2026-02-25,12,3,13.23,8141.64,Juiz de Fora,MG,Sudeste
782,1106,SKU-044,2025-03-09,14,2,10.98,3007.1,Juazeiro do Norte,CE,Nordeste
783,2,SKU-232,2025-12-03,1,1,31.36,1695.44,Porto Alegre,RS,Sul
784,2,SKU-141,2026-01-21,4,2,28.8,4840.74,Igarassu,PE,Nordeste
785,543,SKU-157,2025-01-05,2,1,20.48,1876.66,Recanto das Emas,DF,Centro-Oeste
786,29,SKU-031,2026-02-20,10,1,5.69,988.93,Campos dos Goytacazes,RJ,Sudeste
787,861,SKU-161,2025-06-05,15,2,9.17,4351.9,Maracanau,CE,Nordeste
788,327,SKU-213,2026-04-16,5,1,16.65,1476.08,Tabatinga,AM,Norte
789,457,SKU-216,2025-03-26,4,4,19.4,4405.44,Guarapuava,PR,Sul
790,5,SKU-006,2025-10-11,12,2,12.47,2089.4,Niteroi,RJ,Sudeste
791,1054,SKU-244,2026-04-02,6,1,32.89,512.01,Parintins,AM,Norte
792,18,SKU-155,2026-01-14,13,3,14.89,309.93,Uberaba,MG,Sudeste
793,156,SKU-250,2025-01-19,6,2,24.08,4638.78,Campinas,SP,Sudeste
794,72,SKU-196,2025-09-02,6,3,17.39,7004.82,Guarulhos,SP,Sudeste
795,225,SKU-148,2025-09-14,7,3,22.46,4234.98,Guarapuava,PR,Sul
796,307,SKU-184,2025-02-24,15,1,6.76,2552.87,Betim,MG,Sudeste
797,635,SKU-005,2025-05-23,11,1,25.66,1050.06,Juiz de Fora,MG,Sudeste
798,84,SKU-115,2025-10-23,1,1,9.48,1727.82,Olinda,PE,Nordeste
799,437,SKU-129,2025-03-13,8,4,12.86,2245.6,Vitoria da Conquista,BA,Nordeste
800,88,SKU-234,2026-01-03,6,2,17.35,182.9,Contagem,MG,Sudeste
801,1488,SKU-005,2025-01-09,13,3,7.62,3150.18,Ceilandia,DF,Centro-Oeste
802,485,SKU-036,2025-12-06,11,1,21.47,379.48,Jaboatao dos Guararapes,PE,Nordeste
803,55,SKU-162,2025-12-02,2,3,21.93,5586.36,Guarapuava,PR,Sul
804,1177,SKU-016,2026-04-21,7,2,11.57,63.54,Guarapuava,PR,Sul
805,3,SKU-022,2025-05-11,1,2,20.67,2453.82,Caucaia,CE,Nordeste
806,17,SKU-226,2025-06-29,12,2,34.51,1636.28,Uberaba,MG,Sudeste
807,1472,SKU-161,2026-03-14,11,1,15.53,2175.95,Belo Horizonte,MG,Sudeste
808,1232,SKU-243,2026-01-19,13,1,19.93,2836.47,Garanhuns,PE,Nordeste
809,171,SKU-245,2025-09-22,11,3,16.46,8920.83,Ribeirao Preto,SP,Sudeste
810,56,SKU-037,2026-03-27,14,4,34.63,10260.24,Guarapuava,PR,Sul
811,1403,SKU-028,2025-04-01,12,3,12.1,3475.5,Teixeira de Freitas,BA,Nordeste
812,840,SKU-161,2025-07-29,4,3,19.75,6527.85,Betim,MG,Sudeste
813,197,SKU-247,2026-03-08,3,1,19.74,1551.89,Gravata,PE,Nordeste
814,48,SKU-082,2025-04-14,8,2,29.78,1527.34,Governador Valadares,MG,Sudeste
815,1462,SKU-131,2026-02-06,15,4,26.11,9782.08,Paulista,PE,Nordeste
816,745,SKU-103,2025-06-06,15,2,13.28,697.88,Teresopolis,RJ,Sudeste
817,307,SKU-105,2026-03-29,8,3,28.7,984.27,Paranagua,PR,Sul
818,1041,SKU-170,2025-06-13,1,1,24.17,1688.95,Salvador,BA,Nordeste
819,270,SKU-239,2025-04-22,3,3,20.02,677.91,Sobral,CE,Nordeste
820,30,SKU-081,2025-10-06,15,2,14.23,3149.46,Guarapuava,PR,Sul
821,830,SKU-097,2025-06-06,14,1,9.52,1080.05,Porto Seguro,BA,Nordeste
822,107,SKU-189,2025-12-31,1,2,15.71,2238.6,Taguatinga,DF,Centro-Oeste
823,1413,SKU-169,2025-10-11,2,3,24.28,6575.79,Niteroi,RJ,Sudeste
824,687,SKU-157,2026-05-20,3,2,21.4,3753.32,Cabo Frio,RJ,Sudeste
825,337,SKU-001,2026-03-16,13,2,14.2,2446.56,Lauro de Freitas,BA,Nordeste
826,136,SKU-224,2026-05-30,5,2,26.72,5018.72,Autazes,AM,Norte
827,530,SKU-108,2025-01-24,14,4,17.15,9500.32,Sorocaba,SP,Sudeste
828,20,SKU-026,2025-02-14,4,2,7.73,4799.12,Ilheus,BA,Nordeste
829,660,SKU-072,2025-03-26,12,2,12.41,2957.46,Campinas,SP,Sudeste
830,256,SKU-080,2026-03-11,3,1,29.71,1642.04,Passo Fundo,RS,Sul
831,21,SKU-187,2026-06-02,3,4,6.59,5211.08,Sao Jose dos Campos,SP,Sudeste
832,10,SKU-179,2025-07-26,10,1,22.84,750.21,Presidente Figueiredo,AM,Norte
833,562,SKU-246,2025-02-20,1,1,7.68,2564.91,Curitiba,PR,Sul
834,76,SKU-236,2026-05-02,10,1,12.22,636.16,Caucaia,CE,Nordeste
835,1024,SKU-196,2026-03-01,15,1,28.42,2334.94,Campos dos Goytacazes,RJ,Sudeste
836,1294,SKU-195,2025-12-30,10,1,26.65,222.88,Londrina,PR,Sul
837,643,SKU-217,2026-04-23,2,3,31.02,114.39,Campinas,SP,Sudeste
838,73,SKU-113,2025-12-15,1,2,15.13,3626.58,Uberlandia,MG,Sudeste
839,349,SKU-043,2026-03-31,13,1,19.15,422.04,Itapipoca,CE,Nordeste
840,8,SKU-059,2026-04-25,1,1,33.36,2011.23,Campos dos Goytacazes,RJ,Sudeste
841,472,SKU-132,2025-04-24,15,4,34.28,1723.2,Juiz de Fora,MG,Sudeste
842,71,SKU-153,2026-01-29,4,3,19.43,3230.61,Cabo Frio,RJ,Sudeste
843,367,SKU-215,2025-08-21,14,1,18.42,2170.73,Gravata,PE,Nordeste
844,23,SKU-232,2025-01-08,11,2,28.95,3390.88,Manaus,AM,Norte
845,795,SKU-141,2026-01-11,1,3,18.97,7261.11,Manaus,AM,Norte
846,52,SKU-066,2025-10-28,15,2,28.95,5238.92,Contagem,MG,Sudeste
847,248,SKU-048,2025-06-16,10,1,16.72,1221.94,Sao Bernardo do Campo,SP,Sudeste
848,684,SKU-098,2025-12-27,7,4,12.79,2732.08,Fortaleza,CE,Nordeste
849,971,SKU-175,2026-01-01,10,1,18.11,2593.48,Nova Iguacu,RJ,Sudeste
850,1091,SKU-235,2026-01-09,14,2,7.68,3965.3,Campinas,SP,Sudeste
851,262,SKU-077,2025-05-29,4,4,7.18,9929.72,Fortaleza,CE,Nordeste
852,68,SKU-012,2025-09-22,10,2,13.46,5028.62,Caxias do Sul,RS,Sul
853,449,SKU-057,2025-05-21,2,3,21.25,6006.57,Colombo,PR,Sul
854,83,SKU-003,2025-11-05,14,1,27.16,2885.32,Ceilandia,DF,Centro-Oeste
855,2,SKU-220,2025-08-23,7,1,9.42,2316.04,Feira de Santana,BA,Nordeste
856,355,SKU-094,2026-02-02,11,3,17.13,6208.71,Canoas,RS,Sul
857,1136,SKU-158,2025-12-04,1,2,14.3,4565.44,Niteroi,RJ,Sudeste
858,172,SKU-210,2025-05-02,13,3,32.36,1274.16,Petrolina,PE,Nordeste
859,1482,SKU-126,2026-06-02,8,4,30.67,324.12,Volta Redonda,RJ,Sudeste
860,102,SKU-087,2025-11-25,15,1,9.1,591.12,Angra dos Reis,RJ,Sudeste
861,378,SKU-207,2025-04-11,8,2,12.03,2381.32,Lauro de Freitas,BA,Nordeste
862,399,SKU-088,2026-01-06,8,3,9.64,8418.63,Piracicaba,SP,Sudeste
863,47,SKU-188,2026-01-28,13,1,9.61,36.2,Guarapuava,PR,Sul
864,829,SKU-095,2025-10-14,1,4,28.19,1443.8,Juazeiro do Norte,CE,Nordeste
865,206,SKU-114,2025-04-15,8,1,18.82,2101.82,Osasco,SP,Sudeste
866,29,SKU-099,2025-09-27,11,4,20.95,6555.52,Passo Fundo,RS,Sul
867,795,SKU-056,2025-04-11,1,4,14.54,11058.28,Bento Goncalves,RS,Sul
868,914,SKU-228,2026-03-29,14,3,29.64,7239.3,Colombo,PR,Sul
869,170,SKU-118,2025-07-05,6,4,6.49,1998.2,Taguatinga,DF,Centro-Oeste
870,112,SKU-193,2026-02-08,9,4,34.44,9911.4,Juazeiro do Norte,CE,Nordeste
871,414,SKU-077,2025-02-16,1,4,17.5,9929.72,Maringa,PR,Sul
872,312,SKU-229,2026-01-22,6,2,9.31,3040.4,Nova Iguacu,RJ,Sudeste
873,75,SKU-141,2026-02-15,10,4,17.53,9681.48,Montes Claros,MG,Sudeste
874,30,SKU-229,2026-03-18,13,4,23.22,6080.8,Recife,PE,Nordeste
875,115,SKU-236,2026-02-07,13,2,10.29,1272.32,Juazeiro,BA,Nordeste
876,94,SKU-002,2025-12-22,8,1,25.62,2448.26,Taguatinga,DF,Centro-Oeste
877,69,SKU-108,2025-03-27,5,3,22.89,7125.24,Iguatu,CE,Nordeste
878,915,SKU-081,2025-07-16,9,3,17.34,4724.19,Guarulhos,SP,Sudeste
879,546,SKU-119,2026-05-27,14,3,15.33,413.37,Governador Valadares,MG,Sudeste
880,13,SKU-181,2025-01-29,3,2,29.94,2627.08,Coari,AM,Norte
881,1079,SKU-123,2025-08-04,12,4,27.49,4984.44,Ipatinga,MG,Sudeste
882,73,SKU-016,2025-06-30,2,2,33.31,63.54,Ipatinga,MG,Sudeste
883,23,SKU-020,2026-04-21,10,3,24.54,1744.71,Iguatu,CE,Nordeste
884,28,SKU-126,2025-04-20,10,4,9.93,324.12,Maringa,PR,Sul
885,1176,SKU-096,2025-04-27,10,3,13.05,3919.53,Tefe,AM,Norte
886,474,SKU-009,2026-01-19,1,2,33.2,3291.34,Serra Talhada,PE,Nordeste
887,74,SKU-220,2025-07-03,10,2,5.89,4632.08,Governador Valadares,MG,Sudeste
888,957,SKU-004,2025-04-08,8,3,10.53,8329.26,Petrolina,PE,Nordeste
889,1039,SKU-016,2026-03-09,15,1,31.05,31.77,Quixada,CE,Nordeste
890,1186,SKU-005,2025-08-10,15,1,17.0,1050.06,Passo Fundo,RS,Sul
891,919,SKU-228,2025-12-17,4,1,33.24,2413.1,Sao Jose dos Pinhais,PR,Sul
892,75,SKU-106,2026-04-15,10,2,12.61,953.3,Guarapuava,PR,Sul
893,85,SKU-029,2026-03-28,4,2,21.9,1557.8,Iguatu,CE,Nordeste
894,1263,SKU-002,2025-08-16,1,1,27.24,2448.26,Ilheus,BA,Nordeste
895,44,SKU-090,2025-11-29,4,1,25.97,2945.64,Erechim,RS,Sul
896,31,SKU-180,2025-06-11,15,4,10.41,3849.8,Petropolis,RJ,Sudeste
897,506,SKU-211,2026-02-01,13,2,15.44,1929.84,Ribeirao Preto,SP,Sudeste
898,490,SKU-110,2025-03-02,7,2,29.91,918.42,Igarassu,PE,Nordeste
899,639,SKU-211,2025-06-25,6,4,30.89,3859.68,Coari,AM,Norte
900,1434,SKU-151,2026-05-16,1,3,23.7,7860.54,Gama,DF,Centro-Oeste
901,322,SKU-001,2026-06-02,12,4,14.04,4893.12,Sao Bernardo do Campo,SP,Sudeste
902,382,SKU-094,2026-02-27,11,1,10.09,2069.57,Manaus,AM,Norte
903,778,SKU-027,2025-06-25,13,1,9.98,2075.12,Volta Redonda,RJ,Sudeste
904,1030,SKU-077,2025-09-01,15,1,13.38,2482.43,Presidente Figueiredo,AM,Norte
905,4,SKU-058,2025-06-27,4,2,15.45,2363.88,Canoas,RS,Sul
906,54,SKU-246,2025-06-21,13,2,15.73,5129.82,Santos,SP,Sudeste
907,224,SKU-167,2025-12-06,10,3,30.61,4390.53,Campinas,SP,Sudeste
908,1180,SKU-058,2025-12-12,14,3,14.86,3545.82,Sao Jose dos Campos,SP,Sudeste
909,260,SKU-130,2025-10-19,15,2,23.71,111.96,Canoas,RS,Sul
910,48,SKU-218,2025-09-10,3,4,32.57,1875.92,Aguas Claras,DF,Centro-Oeste
911,1,SKU-138,2025-01-28,2,3,21.93,4247.58,Manacapuru,AM,Norte
912,31,SKU-248,2025-10-03,8,3,7.71,5623.77,Brasilia,DF,Centro-Oeste
913,923,SKU-193,2026-02-07,10,3,32.23,7433.55,Recanto das Emas,DF,Centro-Oeste
914,34,SKU-015,2025-05-01,4,2,12.28,3884.78,Iguatu,CE,Nordeste
915,13,SKU-118,2025-11-13,7,3,13.34,1498.65,Rio de Janeiro,RJ,Sudeste
916,59,SKU-199,2025-10-02,10,1,21.99,1970.86,Crato,CE,Nordeste
917,1460,SKU-026,2025-05-16,2,2,16.87,4799.12,Nova Iguacu,RJ,Sudeste
918,362,SKU-060,2026-02-15,6,2,33.32,3109.5,Paranagua,PR,Sul
919,42,SKU-219,2026-06-05,12,4,12.56,4761.4,Petropolis,RJ,Sudeste
920,3,SKU-159,2026-03-12,1,1,18.46,2344.54,Porto Alegre,RS,Sul
921,503,SKU-041,2025-10-03,4,3,31.24,6175.83,Curitiba,PR,Sul
922,50,SKU-028,2025-03-06,1,3,25.73,3475.5,Juazeiro,BA,Nordeste
923,164,SKU-070,2025-08-03,4,2,8.01,3922.0,Duque de Caxias,RJ,Sudeste
924,679,SKU-013,2026-03-29,5,4,32.52,7923.88,Juazeiro do Norte,CE,Nordeste
925,340,SKU-250,2025-05-10,3,3,25.77,6958.17,Maringa,PR,Sul
926,1416,SKU-129,2025-08-30,13,3,23.85,1684.2,Camacari,BA,Nordeste
927,24,SKU-047,2025-01-08,1,3,28.15,670.71,Quixada,CE,Nordeste
928,293,SKU-163,2026-01-27,10,2,33.85,1859.28,Pelotas,RS,Sul
929,535,SKU-143,2026-03-17,3,3,7.86,2758.71,Brasilia,DF,Centro-Oeste
930,187,SKU-184,2025-10-24,11,4,13.25,10211.48,Tabatinga,AM,Norte
931,395,SKU-201,2026-01-03,13,2,29.89,2800.04,Itacoatiara,AM,Norte
932,167,SKU-112,2026-05-05,12,2,17.14,1688.4,Belo Horizonte,MG,Sudeste
933,401,SKU-102,2026-05-09,5,2,24.75,3681.06,Montes Claros,MG,Sudeste
934,1285,SKU-221,2025-11-23,3,3,7.4,5355.6,Aguas Claras,DF,Centro-Oeste
935,477,SKU-045,2025-07-07,3,3,5.26,4769.31,Cabo Frio,RJ,Sudeste
936,200,SKU-204,2026-02-20,3,2,27.71,1960.5,Paranagua,PR,Sul
937,472,SKU-049,2025-09-15,13,2,24.38,203.2,Petropolis,RJ,Sudeste
938,48,SKU-237,2025-10-08,10,1,13.62,2993.72,Taguatinga,DF,Centro-Oeste
939,1,SKU-004,2026-03-04,3,4,10.11,11105.68,Fortaleza,CE,Nordeste
940,266,SKU-001,2025-09-26,6,3,29.84,3669.84,Piracicaba,SP,Sudeste
941,292,SKU-048,2025-03-10,12,4,30.08,4887.76,Sao Paulo,SP,Sudeste
942,91,SKU-020,2025-02-21,13,1,22.25,581.57,Gravatai,RS,Sul
943,70,SKU-159,2025-07-01,2,2,9.81,4689.08,Caucaia,CE,Nordeste
944,1356,SKU-057,2026-01-27,15,1,25.84,2002.19,Recife,PE,Nordeste
945,434,SKU-119,2026-05-13,2,1,14.61,137.79,Guarapuava,PR,Sul
946,1284,SKU-192,2026-03-05,7,1,19.22,30.63,Olinda,PE,Nordeste
947,131,SKU-182,2025-12-29,8,1,5.44,2814.65,Itabuna,BA,Nordeste
948,54,SKU-070,2026-03-10,14,1,18.34,1961.0,Olinda,PE,Nordeste
949,85,SKU-029,2025-07-30,11,2,28.6,1557.8,Rio de Janeiro,RJ,Sudeste
950,1320,SKU-159,2025-09-23,3,3,26.38,7033.62,Petrolina,PE,Nordeste
951,1325,SKU-184,2025-04-12,15,4,15.47,10211.48,Londrina,PR,Sul
952,852,SKU-118,2025-07-02,6,4,19.1,1998.2,Gravata,PE,Nordeste
953,355,SKU-108,2025-02-02,10,4,30.76,9500.32,Santa Maria,RS,Sul
954,140,SKU-160,2025-02-16,6,3,31.4,8402.55,Angra dos Reis,RJ,Sudeste
955,1112,SKU-026,2026-06-08,10,4,5.59,9598.24,Angra dos Reis,RJ,Sudeste
956,582,SKU-049,2025-06-26,5,3,25.92,304.8,Santos,SP,Sudeste
957,485,SKU-114,2025-11-12,3,3,28.14,6305.46,Angra dos Reis,RJ,Sudeste
958,82,SKU-089,2026-03-15,10,3,28.88,5146.02,Tefe,AM,Norte
959,109,SKU-146,2025-01-12,6,2,15.77,4774.94,Colombo,PR,Sul
960,844,SKU-097,2025-05-21,12,4,21.78,4320.2,Ribeirao Preto,SP,Sudeste
961,342,SKU-051,2026-03-21,10,3,6.9,685.35,Sao Paulo,SP,Sudeste
962,185,SKU-129,2025-12-12,2,3,19.45,1684.2,Maringa,PR,Sul
963,243,SKU-072,2025-08-29,14,3,28.41,4436.19,Brasilia,DF,Centro-Oeste
964,965,SKU-149,2025-08-14,1,4,21.01,11520.28,Guarapuava,PR,Sul
965,152,SKU-217,2026-02-25,15,1,13.81,38.13,Caninde,CE,Nordeste
966,424,SKU-071,2025-08-06,9,4,6.54,6479.24,Jaboatao dos Guararapes,PE,Nordeste
967,860,SKU-216,2025-12-26,3,4,12.69,4405.44,Igarassu,PE,Nordeste
968,705,SKU-100,2025-08-28,11,4,21.6,8916.6,Volta Redonda,RJ,Sudeste
969,144,SKU-178,2025-03-31,1,3,29.49,6705.87,Recanto das Emas,DF,Centro-Oeste
970,1325,SKU-039,2026-04-09,14,4,32.74,5847.88,Uberaba,MG,Sudeste
971,24,SKU-199,2025-11-12,7,3,6.23,5912.58,Caninde,CE,Nordeste
972,2,SKU-250,2025-08-30,6,3,17.36,6958.17,Recife,PE,Nordeste
973,1219,SKU-059,2025-09-11,9,4,13.01,8044.92,Serra Talhada,PE,Nordeste
974,101,SKU-007,2026-02-10,14,4,24.34,9608.96,Porto Alegre,RS,Sul
975,259,SKU-180,2025-05-04,7,2,10.49,1924.9,Governador Valadares,MG,Sudeste
976,1188,SKU-122,2025-10-15,9,1,23.43,450.65,Maues,AM,Norte
977,641,SKU-111,2025-12-03,13,2,20.07,4741.14,Lauro de Freitas,BA,Nordeste
978,1033,SKU-100,2026-04-28,11,2,22.18,4458.3,Santa Maria,RS,Sul
979,1001,SKU-179,2026-05-31,13,4,34.62,3000.84,Sorocaba,SP,Sudeste
980,1484,SKU-083,2025-01-23,12,3,22.13,7995.6,Uberlandia,MG,Sudeste
981,325,SKU-068,2026-03-09,1,1,21.35,1698.21,Igarassu,PE,Nordeste
982,263,SKU-053,2025-07-11,10,1,27.88,2247.53,Olinda,PE,Nordeste
983,1304,SKU-174,2025-01-16,3,4,10.75,11676.4,Recanto das Emas,DF,Centro-Oeste
984,892,SKU-131,2025-03-24,7,2,19.72,4891.04,Itacoatiara,AM,Norte
985,752,SKU-248,2025-07-28,9,2,18.91,3749.18,Fortaleza,CE,Nordeste
986,282,SKU-213,2025-11-12,3,3,10.15,4428.24,Planaltina,DF,Centro-Oeste
987,4,SKU-184,2025-08-29,5,1,25.24,2552.87,Gravatai,RS,Sul
988,721,SKU-164,2025-01-20,7,1,13.47,605.18,Recanto das Emas,DF,Centro-Oeste
989,318,SKU-098,2025-07-03,4,1,23.51,683.02,Maues,AM,Norte
990,1,SKU-067,2025-06-16,11,3,11.96,6978.3,Coari,AM,Norte
991,937,SKU-208,2025-02-25,12,2,28.48,5127.22,Angra dos Reis,RJ,Sudeste
992,450,SKU-107,2026-04-28,11,1,16.59,1637.56,Petrolina,PE,Nordeste
993,84,SKU-030,2025-12-18,15,1,8.09,1158.16,Sao Jose dos Pinhais,PR,Sul
994,795,SKU-037,2026-06-08,13,1,14.86,2565.06,Passo Fundo,RS,Sul
995,6,SKU-122,2025-02-25,8,2,17.37,901.3,Curitiba,PR,Sul
996,1168,SKU-053,2025-02-01,3,1,20.53,2247.53,Angra dos Reis,RJ,Sudeste
997,256,SKU-136,2025-06-19,14,4,21.51,126.8,Cascavel,PR,Sul
998,430,SKU-193,2025-01-31,11,1,18.73,2477.85,Autazes,AM,Norte
999,518,SKU-087,2025-07-08,7,4,23.94,2364.48,Niteroi,RJ,Sudeste
1000,451,SKU-109,2025-04-26,7,4,30.76,6149.8,Ipatinga,MG,Sudeste
1001,244,SKU-004,2025-02-03,2,2,30.22,5552.84,Erechim,RS,Sul
1002,327,SKU-163,2025-06-29,5,4,10.84,3718.56,Cascavel,PR,Sul
1003,82,SKU-206,2026-01-26,11,2,24.26,1306.04,Camacari,BA,Nordeste
1004,1021,SKU-125,2025-01-07,5,1,10.36,1657.38,Maringa,PR,Sul
1005,48,SKU-225,2026-01-18,2,2,17.23,5121.86,Piracicaba,SP,Sudeste
1006,1326,SKU-040,2025-08-17,9,4,15.93,4595.44,Santos,SP,Sudeste
1007,1246,SKU-146,2026-04-08,10,4,29.69,9549.88,Sao Jose dos Campos,SP,Sudeste
1008,226,SKU-195,2026-04-05,7,1,8.96,222.88,Ponta Grossa,PR,Sul
1009,164,SKU-217,2025-11-12,5,1,15.56,38.13,Novo Hamburgo,RS,Sul
1010,391,SKU-021,2026-03-27,4,3,28.37,4122.66,Curitiba,PR,Sul
1011,1152,SKU-212,2025-10-06,8,2,8.57,5222.9,Guara,DF,Centro-Oeste
1012,104,SKU-095,2025-10-11,4,4,17.33,1443.8,Pelotas,RS,Sul
1013,289,SKU-098,2026-02-17,7,4,23.13,2732.08,Sobradinho,DF,Centro-Oeste
1014,133,SKU-019,2025-05-13,15,3,22.44,1791.87,Guara,DF,Centro-Oeste
1015,1105,SKU-171,2025-06-28,10,2,27.45,4009.76,Maringa,PR,Sul
1016,427,SKU-048,2025-06-19,7,4,21.91,4887.76,Belo Horizonte,MG,Sudeste
1017,275,SKU-019,2026-04-10,10,4,10.31,2389.16,Porto Seguro,BA,Nordeste
1018,1457,SKU-233,2025-06-08,14,2,11.46,4129.4,Maues,AM,Norte
1019,1421,SKU-143,2026-04-21,15,4,18.53,3678.28,Montes Claros,MG,Sudeste
1020,925,SKU-004,2025-11-05,1,1,12.41,2776.42,Itacoatiara,AM,Norte
1021,425,SKU-222,2025-09-15,9,2,7.87,1749.84,Erechim,RS,Sul
1022,846,SKU-250,2025-03-28,1,2,34.73,4638.78,Recife,PE,Nordeste
1023,1,SKU-018,2025-10-24,3,3,6.49,6824.19,Iguatu,CE,Nordeste
1024,1067,SKU-186,2025-03-10,14,3,27.24,821.46,Porto Alegre,RS,Sul
1025,133,SKU-240,2025-03-14,9,2,14.02,733.42,Sao Jose dos Campos,SP,Sudeste
1026,997,SKU-127,2025-11-26,3,2,32.03,4650.64,Maues,AM,Norte
1027,4,SKU-157,2026-03-22,3,3,29.98,5629.98,Petrolina,PE,Nordeste
1028,838,SKU-171,2025-05-19,12,3,32.26,6014.64,Lauro de Freitas,BA,Nordeste
1029,645,SKU-015,2025-07-07,10,2,15.11,3884.78,Porto Alegre,RS,Sul
1030,1308,SKU-110,2026-03-15,15,1,23.67,459.21,Colombo,PR,Sul
1031,591,SKU-033,2025-02-04,2,3,17.07,7776.81,Belo Horizonte,MG,Sudeste
1032,351,SKU-094,2025-09-09,2,1,18.46,2069.57,Garanhuns,PE,Nordeste
1033,1319,SKU-111,2025-12-08,5,4,9.59,9482.28,Curitiba,PR,Sul
1034,103,SKU-241,2025-11-11,4,4,12.73,1570.52,Montes Claros,MG,Sudeste
1035,1397,SKU-169,2025-07-18,2,4,24.81,8767.72,Porto Seguro,BA,Nordeste
1036,1,SKU-128,2026-05-17,8,4,10.89,1594.76,Uberlandia,MG,Sudeste
1037,1473,SKU-090,2025-03-05,1,2,17.57,5891.28,Taguatinga,DF,Centro-Oeste
1038,40,SKU-086,2025-03-14,8,2,20.47,5801.1,Canoas,RS,Sul
1039,5,SKU-077,2025-07-08,14,3,30.55,7447.29,Cascavel,PR,Sul
1040,316,SKU-141,2025-01-01,12,3,19.8,7261.11,Guarulhos,SP,Sudeste
1041,1382,SKU-107,2025-05-12,12,2,14.46,3275.12,Rio de Janeiro,RJ,Sudeste
1042,1059,SKU-106,2025-11-26,13,1,28.32,476.65,Ceilandia,DF,Centro-Oeste
1043,347,SKU-009,2026-01-01,14,1,19.5,1645.67,Pelotas,RS,Sul
1044,449,SKU-089,2025-03-22,1,3,15.55,5146.02,Santa Maria,RS,Sul
1045,563,SKU-019,2025-12-29,12,1,15.33,597.29,Parintins,AM,Norte
1046,825,SKU-025,2025-11-25,11,4,12.82,3917.24,Aguas Claras,DF,Centro-Oeste
1047,214,SKU-155,2025-04-30,1,4,6.41,413.24,Quixada,CE,Nordeste
1048,7,SKU-003,2025-09-09,2,1,26.5,2885.32,Ilheus,BA,Nordeste
1049,451,SKU-005,2025-09-12,11,2,10.35,2100.12,Manaus,AM,Norte
1050,75,SKU-098,2026-02-08,9,2,28.02,1366.04,Sao Jose dos Campos,SP,Sudeste
1051,221,SKU-211,2026-02-13,9,3,23.85,2894.76,Guarulhos,SP,Sudeste
1052,452,SKU-039,2026-02-06,15,3,9.72,4385.91,Feira de Santana,BA,Nordeste
1053,233,SKU-178,2026-03-24,12,2,31.01,4470.58,Gravatai,RS,Sul
1054,276,SKU-052,2025-02-26,5,2,23.15,3384.42,Sobral,CE,Nordeste
1055,1091,SKU-129,2026-06-04,1,1,27.86,561.4,Igarassu,PE,Nordeste
1056,398,SKU-248,2026-05-10,10,1,22.9,1874.59,Campinas,SP,Sudeste
1057,746,SKU-024,2025-10-16,13,2,7.37,3711.94,Pelotas,RS,Sul
1058,242,SKU-026,2025-04-09,9,3,21.11,7198.68,Tabatinga,AM,Norte
1059,6,SKU-042,2026-02-13,10,2,10.59,4222.64,Niteroi,RJ,Sudeste
1060,659,SKU-009,2025-10-30,1,4,28.96,6582.68,Juiz de Fora,MG,Sudeste
1061,160,SKU-154,2026-04-27,12,1,19.28,2976.54,Foz do Iguacu,PR,Sul
1062,128,SKU-123,2025-02-28,8,2,32.56,2492.22,Caxias do Sul,RS,Sul
1063,856,SKU-075,2026-02-04,12,1,29.69,2628.01,Gama,DF,Centro-Oeste
1064,100,SKU-070,2026-03-08,14,4,29.12,7844.0,Olinda,PE,Nordeste
1065,263,SKU-064,2025-12-01,1,4,32.69,8750.76,Itabuna,BA,Nordeste
1066,36,SKU-099,2025-03-17,14,3,5.49,4916.64,Teixeira de Freitas,BA,Nordeste
1067,477,SKU-115,2025-01-07,1,2,32.21,3455.64,Tefe,AM,Norte
1068,177,SKU-209,2025-02-23,4,4,12.1,7940.96,Garanhuns,PE,Nordeste
1069,297,SKU-003,2026-01-15,11,1,8.88,2885.32,Parintins,AM,Norte
1070,615,SKU-069,2025-01-09,1,1,5.33,1934.96,Erechim,RS,Sul
1071,540,SKU-043,2025-03-02,3,2,24.17,844.08,Montes Claros,MG,Sudeste
1072,3,SKU-068,2025-12-14,10,2,25.66,3396.42,Crato,CE,Nordeste
1073,342,SKU-153,2026-01-11,7,2,30.72,2153.74,Taguatinga,DF,Centro-Oeste
1074,5,SKU-160,2026-03-17,15,1,8.99,2800.85,Crato,CE,Nordeste
1075,1005,SKU-127,2025-10-30,3,3,12.73,6975.96,Sao Jose dos Pinhais,PR,Sul
1076,6,SKU-074,2025-10-16,2,3,32.77,4696.44,Bento Goncalves,RS,Sul
1077,30,SKU-005,2025-05-04,4,4,15.44,4200.24,Camacari,BA,Nordeste
1078,132,SKU-215,2025-10-17,14,3,16.94,6512.19,Olinda,PE,Nordeste
1079,51,SKU-204,2026-01-15,1,2,8.7,1960.5,Guara,DF,Centro-Oeste
1080,161,SKU-105,2026-01-25,13,1,12.04,328.09,Jaboatao dos Guararapes,PE,Nordeste
1081,279,SKU-036,2025-11-14,8,4,5.91,1517.92,Ribeirao Preto,SP,Sudeste
1082,1126,SKU-040,2026-03-08,13,4,5.48,4595.44,Gravatai,RS,Sul
1083,1484,SKU-094,2026-06-01,11,3,5.82,6208.71,Itabuna,BA,Nordeste
1084,1,SKU-113,2025-08-24,7,1,17.69,1813.29,Volta Redonda,RJ,Sudeste
1085,8,SKU-135,2026-03-27,5,1,16.2,1931.2,Betim,MG,Sudeste
1086,13,SKU-063,2025-12-01,12,3,18.27,7847.67,Curitiba,PR,Sul
1087,225,SKU-068,2026-01-10,10,2,7.91,3396.42,Teixeira de Freitas,BA,Nordeste
1088,8,SKU-186,2026-04-17,11,1,22.18,273.82,Cabo Frio,RJ,Sudeste
1089,511,SKU-102,2026-03-22,4,3,30.43,5521.59,Serra Talhada,PE,Nordeste
1090,291,SKU-100,2025-05-07,8,2,10.84,4458.3,Lauro de Freitas,BA,Nordeste
1091,116,SKU-172,2026-04-17,11,4,21.41,7174.96,Sorocaba,SP,Sudeste
1092,344,SKU-198,2025-07-10,13,2,34.81,2867.6,Quixada,CE,Nordeste
1093,813,SKU-139,2025-09-29,3,2,30.67,3656.78,Teresopolis,RJ,Sudeste
1094,48,SKU-155,2026-01-04,14,4,19.67,413.24,Canoas,RS,Sul
1095,1011,SKU-177,2026-05-06,10,2,28.58,5560.74,Contagem,MG,Sudeste
1096,1495,SKU-104,2025-10-24,6,3,6.2,7760.58,Itacoatiara,AM,Norte
1097,97,SKU-042,2026-02-09,5,4,16.28,8445.28,Taguatinga,DF,Centro-Oeste
1098,49,SKU-122,2025-08-31,11,2,11.72,901.3,Tabatinga,AM,Norte
1099,37,SKU-035,2025-09-02,12,2,5.65,5554.38,Duque de Caxias,RJ,Sudeste
1100,1476,SKU-017,2026-03-10,5,2,11.84,917.48,Pocos de Caldas,MG,Sudeste
1101,141,SKU-055,2025-11-01,9,4,24.8,6422.56,Recanto das Emas,DF,Centro-Oeste
1102,41,SKU-156,2025-01-10,6,4,14.94,5446.52,Feira de Santana,BA,Nordeste
1103,1073,SKU-177,2025-12-17,6,2,31.9,5560.74,Guarulhos,SP,Sudeste
1104,300,SKU-177,2025-03-13,1,2,21.53,5560.74,Caxias do Sul,RS,Sul
1105,1,SKU-214,2026-02-07,3,3,34.54,2228.61,Pelotas,RS,Sul
1106,908,SKU-111,2025-06-04,4,2,19.78,4741.14,Quixada,CE,Nordeste
1107,72,SKU-020,2026-03-01,12,1,33.65,581.57,Petrolina,PE,Nordeste
1108,357,SKU-237,2026-03-30,4,1,11.22,2993.72,Salvador,BA,Nordeste
1109,228,SKU-009,2025-12-10,3,3,10.08,4937.01,Coari,AM,Norte
1110,609,SKU-022,2025-02-08,3,4,28.73,4907.64,Curitiba,PR,Sul
1111,1215,SKU-070,2025-01-19,3,4,19.2,7844.0,Camacari,BA,Nordeste
1112,289,SKU-108,2025-05-22,14,3,22.08,7125.24,Sao Bernardo do Campo,SP,Sudeste
1113,46,SKU-216,2025-02-10,11,2,26.2,2202.72,Bento Goncalves,RS,Sul
1114,1448,SKU-163,2026-02-18,10,3,33.38,2788.92,Duque de Caxias,RJ,Sudeste
1115,315,SKU-081,2026-05-13,12,2,8.13,3149.46,Erechim,RS,Sul
1116,900,SKU-174,2026-05-12,5,3,30.26,8757.3,Ceilandia,DF,Centro-Oeste
1117,552,SKU-181,2026-06-03,14,4,6.03,5254.16,Gama,DF,Centro-Oeste
1118,160,SKU-222,2025-10-16,5,2,9.29,1749.84,Garanhuns,PE,Nordeste
1119,80,SKU-034,2025-08-16,2,3,31.8,4563.48,Petropolis,RJ,Sudeste
1120,45,SKU-141,2025-03-18,15,1,14.89,2420.37,Colombo,PR,Sul
1121,186,SKU-065,2025-01-17,7,1,25.99,2725.3,Ipatinga,MG,Sudeste
1122,835,SKU-236,2025-06-17,12,2,32.29,1272.32,Sobradinho,DF,Centro-Oeste
1123,1262,SKU-241,2026-05-25,7,3,10.18,1177.89,Montes Claros,MG,Sudeste
1124,779,SKU-192,2026-06-01,9,4,6.93,122.52,Autazes,AM,Norte
1125,37,SKU-248,2025-05-12,1,2,18.51,3749.18,Maues,AM,Norte
1126,176,SKU-140,2025-10-25,12,1,16.64,776.75,Sao Bernardo do Campo,SP,Sudeste
1127,13,SKU-188,2025-07-24,5,3,22.27,108.6,Porto Seguro,BA,Nordeste
1128,342,SKU-148,2025-10-05,7,4,5.74,5646.64,Camacari,BA,Nordeste
1129,720,SKU-160,2025-10-03,1,4,10.78,11203.4,Manacapuru,AM,Norte
1130,1107,SKU-220,2026-04-01,14,2,11.04,4632.08,Rio de Janeiro,RJ,Sudeste
1131,457,SKU-147,2025-05-25,1,4,7.51,10855.52,Olinda,PE,Nordeste
1132,20,SKU-083,2025-12-31,5,3,26.97,7995.6,Tefe,AM,Norte
1133,177,SKU-171,2026-02-13,6,3,14.83,6014.64,Teixeira de Freitas,BA,Nordeste
1134,20,SKU-248,2025-06-26,1,3,19.11,5623.77,Curitiba,PR,Sul
1135,7,SKU-135,2026-04-03,14,3,20.63,5793.6,Gravata,PE,Nordeste
1136,33,SKU-175,2025-02-28,5,3,7.14,7780.44,Paulista,PE,Nordeste
1137,171,SKU-040,2025-06-29,13,3,30.85,3446.58,Londrina,PR,Sul
1138,408,SKU-157,2026-04-29,9,3,5.15,5629.98,Canoas,RS,Sul
1139,262,SKU-137,2026-03-13,14,1,20.38,2270.15,Gravatai,RS,Sul
1140,346,SKU-011,2025-03-07,4,4,5.6,8551.88,Novo Hamburgo,RS,Sul
1141,6,SKU-160,2025-11-02,11,3,9.62,8402.55,Bento Goncalves,RS,Sul
1142,268,SKU-045,2025-02-16,12,3,26.94,4769.31,Presidente Figueiredo,AM,Norte
1143,443,SKU-008,2025-10-12,10,1,11.38,2088.85,Brasilia,DF,Centro-Oeste
1144,900,SKU-164,2025-03-09,3,4,22.89,2420.72,Guara,DF,Centro-Oeste
1145,1068,SKU-087,2025-06-06,10,3,8.29,1773.36,Porto Seguro,BA,Nordeste
1146,121,SKU-004,2025-11-02,6,3,32.43,8329.26,Maracanau,CE,Nordeste
1147,862,SKU-097,2026-05-19,6,3,34.64,3240.15,Piracicaba,SP,Sudeste
1148,387,SKU-164,2025-08-17,14,3,25.3,1815.54,Lauro de Freitas,BA,Nordeste
1149,605,SKU-141,2025-02-16,3,2,24.74,4840.74,Recife,PE,Nordeste
1150,783,SKU-065,2025-10-04,2,2,24.52,5450.6,Sao Jose dos Campos,SP,Sudeste
1151,201,SKU-136,2025-05-24,8,3,20.62,95.1,Brasilia,DF,Centro-Oeste
1152,64,SKU-080,2025-06-07,11,1,11.82,1642.04,Guara,DF,Centro-Oeste
1153,331,SKU-074,2026-03-24,11,4,15.88,6261.92,Feira de Santana,BA,Nordeste
1154,155,SKU-132,2026-03-12,4,3,34.8,1292.4,Itacoatiara,AM,Norte
1155,1,SKU-134,2025-05-13,12,3,28.6,2279.97,Tefe,AM,Norte
1156,411,SKU-241,2025-10-11,11,1,22.12,392.63,Contagem,MG,Sudeste
1157,892,SKU-044,2026-03-16,7,1,27.1,1503.55,Camacari,BA,Nordeste
1158,782,SKU-194,2025-10-14,15,2,18.78,5030.88,Sobral,CE,Nordeste
1159,414,SKU-026,2026-03-31,3,2,25.99,4799.12,Garanhuns,PE,Nordeste
1160,1075,SKU-055,2025-03-30,8,3,7.77,4816.92,Parintins,AM,Norte
1161,453,SKU-039,2025-10-29,10,2,31.59,2923.94,Juazeiro,BA,Nordeste
1162,159,SKU-160,2025-01-24,8,4,32.84,11203.4,Pelotas,RS,Sul
1163,800,SKU-057,2026-05-01,1,1,18.51,2002.19,Presidente Figueiredo,AM,Norte
1164,1444,SKU-227,2025-06-25,1,2,19.15,2728.54,Brasilia,DF,Centro-Oeste
1165,765,SKU-204,2026-03-15,1,3,29.72,2940.75,Maues,AM,Norte
1166,688,SKU-142,2025-10-15,12,4,34.53,3665.48,Gama,DF,Centro-Oeste
1167,112,SKU-161,2026-04-01,10,4,19.89,8703.8,Itabuna,BA,Nordeste
1168,428,SKU-210,2025-02-10,2,4,27.47,1698.88,Caninde,CE,Nordeste
1169,200,SKU-017,2025-11-25,5,4,23.08,1834.96,Presidente Figueiredo,AM,Norte
1170,218,SKU-156,2026-02-04,9,2,17.15,2723.26,Manacapuru,AM,Norte
1171,116,SKU-132,2026-03-30,1,4,11.16,1723.2,Santos,SP,Sudeste
1172,717,SKU-103,2025-03-23,3,2,12.13,697.88,Jaboatao dos Guararapes,PE,Nordeste
1173,26,SKU-162,2025-01-29,2,3,27.15,5586.36,Autazes,AM,Norte
1174,44,SKU-146,2026-02-01,11,1,20.32,2387.47,Belo Horizonte,MG,Sudeste
1175,1036,SKU-002,2026-02-16,14,4,26.46,9793.04,Brasilia,DF,Centro-Oeste
1176,27,SKU-117,2025-05-16,9,2,19.43,2128.48,Uberaba,MG,Sudeste
1177,38,SKU-142,2025-08-25,11,2,13.25,1832.74,Tefe,AM,Norte
1178,151,SKU-231,2026-04-11,7,1,12.28,1994.03,Salvador,BA,Nordeste
1179,376,SKU-118,2026-06-08,6,4,30.87,1998.2,Canoas,RS,Sul
1180,202,SKU-115,2025-01-14,14,4,18.27,6911.28,Petropolis,RJ,Sudeste
1181,982,SKU-231,2025-08-12,11,1,14.69,1994.03,Salvador,BA,Nordeste
1182,1077,SKU-082,2026-03-27,8,1,15.72,763.67,Cabo Frio,RJ,Sudeste
1183,586,SKU-173,2025-08-16,1,3,26.33,4397.07,Cascavel,PR,Sul
1184,158,SKU-131,2025-08-03,5,1,34.16,2445.52,Londrina,PR,Sul
1185,1188,SKU-244,2025-02-22,14,1,27.58,512.01,Gravatai,RS,Sul
1186,7,SKU-103,2026-03-31,10,1,14.73,348.94,Gravata,PE,Nordeste
1187,13,SKU-010,2026-03-25,14,4,23.54,11221.92,Manaus,AM,Norte
1188,1174,SKU-060,2025-11-06,5,3,15.71,4664.25,Coari,AM,Norte
1189,269,SKU-122,2025-10-28,12,1,32.45,450.65,Novo Hamburgo,RS,Sul
1190,1107,SKU-245,2025-11-02,10,1,6.99,2973.61,Pelotas,RS,Sul
1191,166,SKU-056,2026-05-26,8,2,31.06,5529.14,Lauro de Freitas,BA,Nordeste
1192,214,SKU-181,2025-06-14,9,2,24.88,2627.08,Caxias do Sul,RS,Sul
1193,246,SKU-144,2025-08-02,9,1,9.1,77.64,Volta Redonda,RJ,Sudeste
1194,217,SKU-181,2025-11-08,3,2,34.88,2627.08,Canoas,RS,Sul
1195,147,SKU-097,2026-01-17,4,1,21.5,1080.05,Colombo,PR,Sul
1196,524,SKU-205,2026-02-03,5,1,33.4,394.18,Santa Maria,RS,Sul
1197,957,SKU-217,2026-04-28,12,3,16.66,114.39,Volta Redonda,RJ,Sudeste
1198,613,SKU-092,2025-10-18,12,1,32.65,2409.86,Sobral,CE,Nordeste
1199,1307,SKU-238,2025-04-28,1,4,6.91,11795.84,Sorocaba,SP,Sudeste
1200,1352,SKU-230,2025-06-19,10,1,20.41,1812.73,Campos dos Goytacazes,RJ,Sudeste
1201,471,SKU-166,2025-10-21,11,1,11.84,2973.35,Cascavel,PR,Sul
1202,359,SKU-179,2025-03-01,13,3,29.52,2250.63,Passo Fundo,RS,Sul
1203,318,SKU-007,2025-05-12,4,2,21.08,4804.48,Ponta Grossa,PR,Sul
1204,901,SKU-008,2025-06-05,10,4,33.85,8355.4,Salvador,BA,Nordeste
1205,802,SKU-150,2026-01-29,7,2,8.5,2281.78,Novo Hamburgo,RS,Sul
1206,321,SKU-032,2026-01-22,3,4,17.42,7410.96,Rio de Janeiro,RJ,Sudeste
1207,1493,SKU-192,2026-02-08,13,2,13.34,61.26,Santos,SP,Sudeste
1208,1089,SKU-033,2025-05-17,1,2,13.06,5184.54,Sobradinho,DF,Centro-Oeste
1209,12,SKU-054,2026-03-25,6,4,21.61,9482.48,Igarassu,PE,Nordeste
1210,585,SKU-005,2025-04-07,6,4,30.93,4200.24,Ceilandia,DF,Centro-Oeste
1211,41,SKU-078,2025-10-10,10,4,8.61,7221.4,Curitiba,PR,Sul
1212,49,SKU-063,2025-12-25,7,1,18.74,2615.89,Paulista,PE,Nordeste
1213,1172,SKU-036,2026-01-21,8,1,8.3,379.48,Caruaru,PE,Nordeste
1214,858,SKU-098,2025-08-12,15,1,22.03,683.02,Porto Seguro,BA,Nordeste
1215,576,SKU-086,2025-12-31,7,2,24.18,5801.1,Quixada,CE,Nordeste
1216,1093,SKU-068,2025-04-05,15,3,23.24,5094.63,Sao Jose dos Campos,SP,Sudeste
1217,1112,SKU-203,2025-11-28,2,1,34.18,473.5,Juazeiro,BA,Nordeste
1218,808,SKU-054,2025-10-05,7,3,32.76,7111.86,Colombo,PR,Sul
1219,362,SKU-047,2025-08-23,2,1,14.02,223.57,Canoas,RS,Sul
1220,107,SKU-093,2025-10-10,11,4,26.94,1396.64,Volta Redonda,RJ,Sudeste
1221,363,SKU-149,2025-07-22,12,2,15.73,5760.14,Duque de Caxias,RJ,Sudeste
1222,926,SKU-118,2026-04-23,5,3,11.41,1498.65,Belo Horizonte,MG,Sudeste
1223,2,SKU-083,2025-10-20,2,2,18.22,5330.4,Garanhuns,PE,Nordeste
1224,410,SKU-014,2026-01-18,4,1,6.79,1241.76,Maues,AM,Norte
1225,16,SKU-053,2025-03-28,4,3,7.76,6742.59,Duque de Caxias,RJ,Sudeste
1226,296,SKU-137,2026-02-27,13,2,23.94,4540.3,Guarulhos,SP,Sudeste
1227,466,SKU-141,2026-04-13,6,1,6.36,2420.37,Gravata,PE,Nordeste
1228,283,SKU-033,2025-12-05,11,4,30.17,10369.08,Gravata,PE,Nordeste
1229,1061,SKU-037,2026-03-15,5,2,12.33,5130.12,Volta Redonda,RJ,Sudeste
1230,57,SKU-191,2025-07-20,4,1,17.13,326.91,Santos,SP,Sudeste
1231,8,SKU-246,2026-05-30,11,4,31.23,10259.64,Salvador,BA,Nordeste
1232,173,SKU-213,2025-05-22,5,2,13.65,2952.16,Niteroi,RJ,Sudeste
1233,942,SKU-007,2026-02-18,2,4,19.41,9608.96,Volta Redonda,RJ,Sudeste
1234,109,SKU-190,2025-05-26,15,1,7.86,1728.83,Garanhuns,PE,Nordeste
1235,105,SKU-218,2025-05-25,1,2,9.07,937.96,Betim,MG,Sudeste
1236,4,SKU-082,2025-08-26,6,2,10.53,1527.34,Belo Horizonte,MG,Sudeste
1237,228,SKU-168,2025-01-29,14,1,33.83,1495.64,Brasilia,DF,Centro-Oeste
1238,13,SKU-195,2025-08-01,10,3,21.03,668.64,Canoas,RS,Sul
1239,21,SKU-059,2025-06-28,13,3,10.45,6033.69,Jaboatao dos Guararapes,PE,Nordeste
1240,79,SKU-063,2025-09-18,6,3,29.97,7847.67,Petrolina,PE,Nordeste
1241,31,SKU-078,2025-07-10,8,4,13.95,7221.4,Sao Jose dos Pinhais,PR,Sul
1242,289,SKU-002,2025-06-27,4,3,22.51,7344.78,Garanhuns,PE,Nordeste
1243,119,SKU-191,2025-02-25,11,3,12.43,980.73,Quixada,CE,Nordeste
1244,1234,SKU-211,2025-09-06,3,3,24.86,2894.76,Tabatinga,AM,Norte
1245,594,SKU-213,2025-08-26,12,3,17.14,4428.24,Volta Redonda,RJ,Sudeste
1246,56,SKU-099,2026-02-18,5,3,29.42,4916.64,Ceilandia,DF,Centro-Oeste
1247,371,SKU-230,2026-02-04,1,2,16.09,3625.46,Bento Goncalves,RS,Sul
1248,589,SKU-107,2026-03-03,4,3,8.16,4912.68,Crato,CE,Nordeste
1249,104,SKU-218,2026-01-15,15,2,13.66,937.96,Sobral,CE,Nordeste
1250,888,SKU-112,2025-11-22,12,2,15.14,1688.4,Presidente Figueiredo,AM,Norte
1251,725,SKU-238,2026-02-22,15,2,27.86,5897.92,Sobradinho,DF,Centro-Oeste
1252,185,SKU-064,2025-06-07,15,3,11.08,6563.07,Igarassu,PE,Nordeste
1253,540,SKU-077,2025-04-16,14,3,19.24,7447.29,Ipatinga,MG,Sudeste
1254,637,SKU-240,2026-03-05,6,2,27.35,733.42,Manacapuru,AM,Norte
1255,122,SKU-241,2025-10-21,4,4,21.46,1570.52,Tefe,AM,Norte
1256,684,SKU-007,2026-02-27,5,1,16.8,2402.24,Itacoatiara,AM,Norte
1257,494,SKU-152,2025-08-31,11,1,17.46,1552.31,Itabuna,BA,Nordeste
1258,1347,SKU-022,2025-04-14,12,4,31.91,4907.64,Manacapuru,AM,Norte
1259,334,SKU-008,2025-09-08,3,1,19.91,2088.85,Passo Fundo,RS,Sul
1260,230,SKU-121,2025-06-20,10,1,33.29,265.39,Colombo,PR,Sul
1261,283,SKU-124,2025-01-20,4,2,16.6,608.08,Sao Jose dos Pinhais,PR,Sul
1262,27,SKU-032,2025-10-20,13,4,28.51,7410.96,Planaltina,DF,Centro-Oeste
1263,907,SKU-102,2025-07-08,14,3,24.27,5521.59,Uberaba,MG,Sudeste
1264,614,SKU-100,2025-10-31,10,3,27.52,6687.45,Canoas,RS,Sul
1265,24,SKU-036,2025-11-04,9,1,11.46,379.48,Planaltina,DF,Centro-Oeste
1266,1083,SKU-021,2025-04-23,10,2,24.26,2748.44,Petrolina,PE,Nordeste
1267,332,SKU-159,2026-02-24,11,4,34.69,9378.16,Sao Bernardo do Campo,SP,Sudeste
1268,1191,SKU-058,2025-08-12,2,3,11.62,3545.82,Rio de Janeiro,RJ,Sudeste
1269,1374,SKU-028,2025-06-23,2,3,28.56,3475.5,Brasilia,DF,Centro-Oeste
1270,255,SKU-184,2025-09-10,4,3,26.94,7658.61,Campinas,SP,Sudeste
1271,87,SKU-070,2025-10-06,11,2,19.29,3922.0,Igarassu,PE,Nordeste
1272,970,SKU-245,2025-10-08,13,1,13.44,2973.61,Sobradinho,DF,Centro-Oeste
1273,729,SKU-023,2025-03-05,4,1,30.95,1143.5,Itapipoca,CE,Nordeste
1274,5,SKU-065,2025-04-04,11,1,17.01,2725.3,Sao Jose dos Pinhais,PR,Sul
1275,769,SKU-170,2025-03-27,15,1,6.43,1688.95,Maringa,PR,Sul
1276,1252,SKU-039,2026-03-04,1,4,32.77,5847.88,Gravata,PE,Nordeste
1277,850,SKU-019,2025-02-10,5,2,13.76,1194.58,Nova Iguacu,RJ,Sudeste
1278,392,SKU-191,2025-12-04,4,3,21.61,980.73,Belo Horizonte,MG,Sudeste
1279,165,SKU-020,2026-03-12,8,1,25.86,581.57,Ceilandia,DF,Centro-Oeste
1280,1060,SKU-238,2025-04-13,2,2,32.62,5897.92,Recife,PE,Nordeste
1281,170,SKU-124,2025-04-12,15,1,28.72,304.04,Nova Iguacu,RJ,Sudeste
1282,34,SKU-181,2025-04-11,5,3,32.79,3940.62,Santos,SP,Sudeste
1283,1237,SKU-172,2025-01-05,13,2,34.12,3587.48,Autazes,AM,Norte
1284,657,SKU-075,2025-04-05,14,1,8.98,2628.01,Maues,AM,Norte
1285,613,SKU-082,2025-05-20,4,4,33.02,3054.68,Teresopolis,RJ,Sudeste
1286,1413,SKU-122,2026-06-07,4,3,19.73,1351.95,Guarapuava,PR,Sul
1287,563,SKU-062,2025-03-23,10,1,32.54,2489.09,Sobral,CE,Nordeste
1288,1415,SKU-169,2026-01-24,4,1,28.47,2191.93,Maringa,PR,Sul
1289,630,SKU-031,2025-12-23,2,3,31.31,2966.79,Nova Iguacu,RJ,Sudeste
1290,1274,SKU-056,2025-12-06,7,1,17.33,2764.57,Olinda,PE,Nordeste
1291,11,SKU-141,2025-09-17,13,3,15.11,7261.11,Vitoria da Conquista,BA,Nordeste
1292,659,SKU-190,2025-11-16,8,1,5.06,1728.83,Ilheus,BA,Nordeste
1293,791,SKU-017,2026-04-23,7,3,20.62,1376.22,Porto Seguro,BA,Nordeste
1294,562,SKU-130,2025-08-15,11,1,5.92,55.98,Teresopolis,RJ,Sudeste
1295,749,SKU-088,2026-03-20,6,4,15.44,11224.84,Caruaru,PE,Nordeste
1296,212,SKU-130,2025-10-31,11,2,30.55,111.96,Ipatinga,MG,Sudeste
1297,799,SKU-117,2025-06-09,6,4,17.13,4256.96,Porto Seguro,BA,Nordeste
1298,3,SKU-098,2025-01-09,5,4,5.68,2732.08,Campinas,SP,Sudeste
1299,1114,SKU-168,2025-10-09,9,1,30.16,1495.64,Sao Bernardo do Campo,SP,Sudeste
1300,644,SKU-247,2026-03-08,13,2,12.82,3103.78,Maues,AM,Norte
1301,988,SKU-225,2025-01-06,9,1,34.05,2560.93,Garanhuns,PE,Nordeste
1302,553,SKU-173,2025-10-06,1,1,19.58,1465.69,Itacoatiara,AM,Norte
1303,348,SKU-044,2025-07-16,4,1,8.65,1503.55,Juiz de Fora,MG,Sudeste
1304,38,SKU-038,2025-07-05,9,2,21.68,711.46,Curitiba,PR,Sul
1305,127,SKU-084,2025-06-09,10,2,15.74,2937.0,Recanto das Emas,DF,Centro-Oeste
1306,145,SKU-001,2025-10-07,8,1,6.17,1223.28,Coari,AM,Norte
1307,563,SKU-030,2025-08-22,15,3,31.7,3474.48,Niteroi,RJ,Sudeste
1308,102,SKU-171,2025-01-31,3,3,10.83,6014.64,Juazeiro do Norte,CE,Nordeste
1309,891,SKU-136,2025-05-15,2,1,28.75,31.7,Petrolina,PE,Nordeste
1310,627,SKU-240,2026-01-04,13,4,21.7,1466.84,Piracicaba,SP,Sudeste
1311,338,SKU-062,2025-01-30,1,2,32.8,4978.18,Campinas,SP,Sudeste
1312,1207,SKU-027,2025-10-22,6,3,12.28,6225.36,Teresopolis,RJ,Sudeste
1313,1146,SKU-033,2026-06-07,8,1,32.9,2592.27,Cascavel,PR,Sul
1314,477,SKU-205,2026-04-11,1,3,26.98,1182.54,Pocos de Caldas,MG,Sudeste
1315,55,SKU-165,2026-06-07,8,2,5.68,3309.52,Gravatai,RS,Sul
1316,1446,SKU-144,2025-01-26,11,2,18.94,155.28,Ceilandia,DF,Centro-Oeste
1317,39,SKU-057,2026-04-01,10,3,32.93,6006.57,Novo Hamburgo,RS,Sul
1318,511,SKU-082,2025-12-06,10,3,33.73,2291.01,Crato,CE,Nordeste
1319,505,SKU-179,2025-01-22,10,3,10.6,2250.63,Sao Bernardo do Campo,SP,Sudeste
1320,1399,SKU-146,2025-02-20,10,3,15.78,7162.41,Pocos de Caldas,MG,Sudeste
1321,972,SKU-110,2025-01-16,6,4,7.0,1836.84,Sao Bernardo do Campo,SP,Sudeste
1322,279,SKU-062,2025-08-28,15,4,27.68,9956.36,Teixeira de Freitas,BA,Nordeste
1323,6,SKU-103,2025-11-22,7,2,18.32,697.88,Nova Iguacu,RJ,Sudeste
1324,674,SKU-018,2025-11-03,9,1,9.2,2274.73,Porto Alegre,RS,Sul
1325,130,SKU-123,2026-02-13,5,2,24.2,2492.22,Petrolina,PE,Nordeste
1326,148,SKU-199,2026-05-26,5,2,14.69,3941.72,Osasco,SP,Sudeste
1327,697,SKU-062,2025-05-25,1,3,10.22,7467.27,Colombo,PR,Sul
1328,892,SKU-071,2025-03-23,12,4,26.28,6479.24,Londrina,PR,Sul
1329,177,SKU-064,2026-02-12,8,1,14.83,2187.69,Juazeiro,BA,Nordeste
1330,131,SKU-245,2025-01-30,13,4,10.22,11894.44,Itapipoca,CE,Nordeste
1331,229,SKU-042,2025-10-12,13,2,16.07,4222.64,Sao Jose dos Campos,SP,Sudeste
1332,78,SKU-169,2025-05-28,3,3,25.27,6575.79,Foz do Iguacu,PR,Sul
1333,1304,SKU-218,2025-03-26,7,3,24.2,1406.94,Pocos de Caldas,MG,Sudeste
1334,87,SKU-072,2025-01-21,15,2,23.15,2957.46,Olinda,PE,Nordeste
1335,1173,SKU-159,2025-04-03,3,4,9.74,9378.16,Sobral,CE,Nordeste
1336,554,SKU-213,2025-05-15,9,1,14.06,1476.08,Igarassu,PE,Nordeste
1337,1295,SKU-046,2025-05-03,15,3,25.53,4310.28,Taguatinga,DF,Centro-Oeste
1338,261,SKU-155,2025-08-03,4,4,30.75,413.24,Sao Bernardo do Campo,SP,Sudeste
1339,1460,SKU-210,2025-12-30,10,1,34.14,424.72,Nova Iguacu,RJ,Sudeste
1340,45,SKU-012,2025-11-06,7,3,5.23,7542.93,Belo Horizonte,MG,Sudeste
1341,19,SKU-150,2025-02-19,6,1,22.29,1140.89,Canoas,RS,Sul
1342,588,SKU-126,2026-05-14,11,1,23.11,81.03,Sao Paulo,SP,Sudeste
1343,2,SKU-182,2025-12-16,14,4,7.98,11258.6,Juiz de Fora,MG,Sudeste
1344,187,SKU-184,2025-10-15,10,4,6.92,10211.48,Juazeiro,BA,Nordeste
1345,156,SKU-187,2026-04-06,12,2,11.81,2605.54,Foz do Iguacu,PR,Sul
1346,978,SKU-056,2025-05-20,8,2,7.49,5529.14,Igarassu,PE,Nordeste
1347,1263,SKU-137,2025-03-19,12,3,14.94,6810.45,Paranagua,PR,Sul
1348,136,SKU-063,2026-03-31,5,1,28.47,2615.89,Teresopolis,RJ,Sudeste
1349,1343,SKU-091,2025-07-20,7,1,32.6,960.03,Quixada,CE,Nordeste
1350,1411,SKU-183,2026-03-15,11,3,6.75,8357.01,Ipatinga,MG,Sudeste
1351,1211,SKU-108,2025-03-10,9,2,5.8,4750.16,Taguatinga,DF,Centro-Oeste
1352,16,SKU-180,2025-11-25,13,4,21.42,3849.8,Jaboatao dos Guararapes,PE,Nordeste
1353,792,SKU-016,2025-06-09,8,2,12.38,63.54,Campos dos Goytacazes,RJ,Sudeste
1354,601,SKU-175,2026-03-29,4,1,16.59,2593.48,Iguatu,CE,Nordeste
1355,182,SKU-035,2025-06-04,6,2,25.52,5554.38,Cabo Frio,RJ,Sudeste
1356,529,SKU-019,2025-05-22,11,4,29.56,2389.16,Coari,AM,Norte
1357,409,SKU-107,2025-08-14,10,4,7.51,6550.24,Maringa,PR,Sul
1358,158,SKU-006,2025-02-11,14,1,33.17,1044.7,Passo Fundo,RS,Sul
1359,183,SKU-233,2025-09-09,3,2,31.21,4129.4,Nova Iguacu,RJ,Sudeste
1360,112,SKU-089,2026-05-30,8,4,16.4,6861.36,Pelotas,RS,Sul
1361,866,SKU-138,2025-09-22,13,1,19.73,1415.86,Manacapuru,AM,Norte
1362,712,SKU-106,2025-12-17,15,1,31.47,476.65,Itabuna,BA,Nordeste
1363,426,SKU-011,2025-04-07,13,1,28.37,2137.97,Sao Bernardo do Campo,SP,Sudeste
1364,200,SKU-180,2026-03-15,14,4,13.79,3849.8,Igarassu,PE,Nordeste
1365,953,SKU-057,2026-01-13,5,1,29.16,2002.19,Juazeiro do Norte,CE,Nordeste
1366,162,SKU-089,2025-08-14,6,2,19.67,3430.68,Porto Seguro,BA,Nordeste
1367,1302,SKU-099,2026-04-26,5,4,12.81,6555.52,Caninde,CE,Nordeste
1368,534,SKU-041,2025-06-18,12,3,29.42,6175.83,Planaltina,DF,Centro-Oeste
1369,216,SKU-031,2025-01-23,1,3,17.2,2966.79,Montes Claros,MG,Sudeste
1370,1381,SKU-149,2025-05-13,14,4,14.81,11520.28,Tabatinga,AM,Norte
1371,24,SKU-210,2025-02-25,12,4,27.98,1698.88,Iguatu,CE,Nordeste
1372,378,SKU-153,2025-08-25,10,3,26.06,3230.61,Guara,DF,Centro-Oeste
1373,917,SKU-066,2025-10-03,5,2,7.19,5238.92,Ceilandia,DF,Centro-Oeste
1374,301,SKU-201,2026-01-16,15,1,10.58,1400.02,Santa Maria,RS,Sul
1375,380,SKU-141,2025-01-07,8,3,32.32,7261.11,Itapipoca,CE,Nordeste
1376,1111,SKU-036,2026-01-18,8,1,30.92,379.48,Curitiba,PR,Sul
1377,3,SKU-059,2025-05-18,13,1,13.78,2011.23,Itacoatiara,AM,Norte
1378,99,SKU-114,2025-06-09,2,1,32.79,2101.82,Foz do Iguacu,PR,Sul
1379,785,SKU-102,2026-05-15,7,4,27.98,7362.12,Fortaleza,CE,Nordeste
1380,68,SKU-162,2025-08-13,4,2,30.46,3724.24,Tefe,AM,Norte
1381,1,SKU-018,2025-05-22,5,2,5.81,4549.46,Osasco,SP,Sudeste
1382,394,SKU-069,2025-05-10,4,4,29.51,7739.84,Manacapuru,AM,Norte
1383,1480,SKU-055,2026-03-10,13,4,25.27,6422.56,Recife,PE,Nordeste
1384,404,SKU-241,2026-02-20,7,4,26.71,1570.52,Nova Iguacu,RJ,Sudeste
1385,1,SKU-086,2025-09-17,1,3,31.72,8701.65,Taguatinga,DF,Centro-Oeste
1386,488,SKU-095,2026-03-06,14,3,22.05,1082.85,Campinas,SP,Sudeste
1387,62,SKU-067,2026-01-14,1,1,32.24,2326.1,Gravatai,RS,Sul
1388,1029,SKU-249,2025-01-01,7,1,8.25,703.45,Ilheus,BA,Nordeste
1389,24,SKU-089,2025-03-03,10,1,11.5,1715.34,Autazes,AM,Norte
1390,626,SKU-187,2025-02-06,5,3,12.66,3908.31,Rio de Janeiro,RJ,Sudeste
1391,9,SKU-062,2025-03-07,2,3,17.17,7467.27,Tabatinga,AM,Norte
1392,721,SKU-214,2025-12-05,9,2,20.67,1485.74,Duque de Caxias,RJ,Sudeste
1393,639,SKU-123,2025-11-14,4,4,14.59,4984.44,Manaus,AM,Norte
1394,5,SKU-164,2025-01-13,7,1,32.67,605.18,Tabatinga,AM,Norte
1395,131,SKU-029,2026-05-14,15,4,21.47,3115.6,Campinas,SP,Sudeste
1396,569,SKU-040,2026-04-19,12,1,17.14,1148.86,Sobradinho,DF,Centro-Oeste
1397,483,SKU-181,2025-07-29,2,4,26.05,5254.16,Jaboatao dos Guararapes,PE,Nordeste
1398,214,SKU-238,2026-02-03,2,4,34.43,11795.84,Tefe,AM,Norte
1399,16,SKU-147,2026-04-27,4,4,18.16,10855.52,Sobradinho,DF,Centro-Oeste
1400,674,SKU-041,2026-02-28,14,1,19.29,2058.61,Sorocaba,SP,Sudeste
1401,3,SKU-249,2025-08-01,2,3,10.69,2110.35,Camacari,BA,Nordeste
1402,533,SKU-109,2025-12-02,4,4,26.17,6149.8,Tabatinga,AM,Norte
1403,213,SKU-062,2025-09-11,11,2,13.47,4978.18,Garanhuns,PE,Nordeste
1404,38,SKU-120,2026-05-09,9,3,21.79,6390.3,Volta Redonda,RJ,Sudeste
1405,1004,SKU-238,2026-03-12,1,4,21.44,11795.84,Samambaia,DF,Centro-Oeste
1406,1005,SKU-199,2025-07-27,4,1,9.55,1970.86,Tabatinga,AM,Norte
1407,45,SKU-212,2026-04-19,10,2,19.37,5222.9,Garanhuns,PE,Nordeste
1408,485,SKU-166,2025-08-16,3,3,14.5,8920.05,Salvador,BA,Nordeste
1409,166,SKU-224,2026-01-15,13,3,17.79,7528.08,Porto Alegre,RS,Sul
1410,459,SKU-210,2025-07-15,3,1,21.06,424.72,Guara,DF,Centro-Oeste
1411,1184,SKU-216,2025-01-09,14,4,27.97,4405.44,Bento Goncalves,RS,Sul
1412,779,SKU-043,2026-05-11,15,4,19.07,1688.16,Niteroi,RJ,Sudeste
1413,877,SKU-075,2025-05-24,15,3,8.85,7884.03,Caninde,CE,Nordeste
1414,242,SKU-001,2025-03-04,2,1,18.28,1223.28,Petropolis,RJ,Sudeste
1415,7,SKU-037,2025-10-13,4,2,10.8,5130.12,Paranagua,PR,Sul
1416,1190,SKU-247,2025-02-23,8,3,27.17,4655.67,Quixada,CE,Nordeste
1417,18,SKU-159,2026-03-14,2,1,25.34,2344.54,Guara,DF,Centro-Oeste
1418,226,SKU-182,2026-03-21,7,3,28.16,8443.95,Igarassu,PE,Nordeste
1419,144,SKU-156,2026-01-22,1,2,10.84,2723.26,Curitiba,PR,Sul
1420,581,SKU-094,2025-06-05,11,2,33.09,4139.14,Maringa,PR,Sul
1421,230,SKU-183,2026-01-09,12,2,28.41,5571.34,Samambaia,DF,Centro-Oeste
1422,59,SKU-215,2025-04-01,12,1,27.81,2170.73,Erechim,RS,Sul
1423,2,SKU-006,2026-01-06,1,3,19.35,3134.1,Novo Hamburgo,RS,Sul
1424,882,SKU-086,2026-05-20,12,1,7.48,2900.55,Salvador,BA,Nordeste
1425,752,SKU-012,2025-03-12,1,4,26.27,10057.24,Governador Valadares,MG,Sudeste
1426,4,SKU-009,2025-05-18,11,4,15.46,6582.68,Samambaia,DF,Centro-Oeste
1427,114,SKU-120,2025-12-11,6,4,30.91,8520.4,Canoas,RS,Sul
1428,137,SKU-129,2025-07-31,3,3,19.76,1684.2,Teresopolis,RJ,Sudeste
1429,23,SKU-147,2026-02-17,4,4,22.1,10855.52,Guarapuava,PR,Sul
1430,1414,SKU-182,2026-06-02,11,4,34.55,11258.6,Petrolina,PE,Nordeste
1431,1046,SKU-208,2025-06-09,12,1,31.3,2563.61,Angra dos Reis,RJ,Sudeste
1432,36,SKU-169,2026-02-22,5,4,15.95,8767.72,Itacoatiara,AM,Norte
1433,245,SKU-086,2025-09-28,5,2,34.66,5801.1,Juazeiro do Norte,CE,Nordeste
1434,1,SKU-208,2025-02-05,2,2,5.62,5127.22,Recife,PE,Nordeste
1435,151,SKU-192,2026-01-22,9,1,14.59,30.63,Brasilia,DF,Centro-Oeste
1436,890,SKU-072,2025-08-02,11,2,19.87,2957.46,Campos dos Goytacazes,RJ,Sudeste
1437,71,SKU-015,2025-07-22,7,2,14.61,3884.78,Caruaru,PE,Nordeste
1438,551,SKU-196,2025-07-25,12,1,7.68,2334.94,Sao Paulo,SP,Sudeste
1439,5,SKU-014,2025-08-29,12,1,21.59,1241.76,Parintins,AM,Norte
1440,1,SKU-241,2025-11-14,12,1,10.2,392.63,Gravatai,RS,Sul
1441,1362,SKU-017,2025-12-10,12,2,23.75,917.48,Piracicaba,SP,Sudeste
1442,90,SKU-237,2025-09-26,2,2,24.0,5987.44,Garanhuns,PE,Nordeste
1443,99,SKU-107,2026-02-08,13,2,21.01,3275.12,Osasco,SP,Sudeste
1444,995,SKU-036,2025-05-21,5,4,20.6,1517.92,Lauro de Freitas,BA,Nordeste
1445,922,SKU-229,2025-09-20,2,4,30.4,6080.8,Itabuna,BA,Nordeste
1446,1481,SKU-221,2025-04-01,11,1,34.38,1785.2,Manacapuru,AM,Norte
1447,922,SKU-063,2025-01-09,8,4,19.92,10463.56,Erechim,RS,Sul
1448,588,SKU-075,2025-05-23,3,1,21.73,2628.01,Duque de Caxias,RJ,Sudeste
1449,681,SKU-156,2025-08-27,13,4,34.96,5446.52,Salvador,BA,Nordeste
1450,808,SKU-104,2026-05-13,8,4,19.37,10347.44,Cabo Frio,RJ,Sudeste
1451,358,SKU-223,2025-05-09,9,2,17.28,4987.54,Novo Hamburgo,RS,Sul
1452,429,SKU-171,2026-01-02,8,1,7.63,2004.88,Olinda,PE,Nordeste
1453,1286,SKU-045,2025-06-12,9,2,17.75,3179.54,Igarassu,PE,Nordeste
1454,1044,SKU-132,2025-01-12,7,2,18.43,861.6,Jaboatao dos Guararapes,PE,Nordeste
1455,1470,SKU-084,2025-06-23,10,2,21.51,2937.0,Sobradinho,DF,Centro-Oeste
1456,1,SKU-075,2025-09-05,6,3,21.97,7884.03,Petropolis,RJ,Sudeste
1457,188,SKU-123,2026-05-07,14,4,9.57,4984.44,Lauro de Freitas,BA,Nordeste
1458,383,SKU-076,2025-01-26,1,2,32.36,5448.88,Camacari,BA,Nordeste
1459,163,SKU-237,2025-03-16,15,3,8.74,8981.16,Caucaia,CE,Nordeste
1460,1349,SKU-100,2025-12-04,2,4,21.54,8916.6,Erechim,RS,Sul
1461,1366,SKU-036,2025-12-27,9,4,15.53,1517.92,Cabo Frio,RJ,Sudeste
1462,306,SKU-166,2025-04-27,14,3,20.77,8920.05,Sao Paulo,SP,Sudeste
1463,650,SKU-199,2025-02-14,5,1,26.55,1970.86,Betim,MG,Sudeste
1464,544,SKU-164,2025-07-05,11,4,21.84,2420.72,Crato,CE,Nordeste
1465,336,SKU-013,2025-08-27,1,1,28.22,1980.97,Samambaia,DF,Centro-Oeste
1466,29,SKU-188,2025-06-03,7,3,24.01,108.6,Cabo Frio,RJ,Sudeste
1467,1056,SKU-010,2026-05-21,11,3,10.13,8416.44,Sao Bernardo do Campo,SP,Sudeste
1468,634,SKU-089,2025-06-02,10,2,9.86,3430.68,Novo Hamburgo,RS,Sul
1469,76,SKU-031,2025-01-17,13,4,10.04,3955.72,Sao Paulo,SP,Sudeste
1470,1363,SKU-164,2025-07-20,15,1,33.21,605.18,Maringa,PR,Sul
1471,236,SKU-182,2026-03-10,6,2,12.79,5629.3,Guara,DF,Centro-Oeste
1472,96,SKU-242,2025-10-23,15,1,25.92,2373.33,Teixeira de Freitas,BA,Nordeste
1473,927,SKU-024,2025-10-11,15,3,16.73,5567.91,Gama,DF,Centro-Oeste
1474,264,SKU-199,2026-05-23,15,3,6.49,5912.58,Gravata,PE,Nordeste
1475,379,SKU-054,2026-01-06,5,3,12.59,7111.86,Itabuna,BA,Nordeste
1476,176,SKU-017,2025-10-15,11,4,24.66,1834.96,Autazes,AM,Norte
1477,1024,SKU-091,2025-07-23,12,3,20.2,2880.09,Colombo,PR,Sul
1478,1107,SKU-170,2025-12-28,4,4,23.9,6755.8,Igarassu,PE,Nordeste
1479,297,SKU-101,2025-11-03,8,3,12.21,942.54,Guarulhos,SP,Sudeste
1480,213,SKU-121,2025-01-05,9,3,12.31,796.17,Serra Talhada,PE,Nordeste
1481,82,SKU-213,2025-09-15,12,3,12.32,4428.24,Serra Talhada,PE,Nordeste
1482,184,SKU-138,2025-02-02,13,3,5.71,4247.58,Foz do Iguacu,PR,Sul
1483,9,SKU-185,2025-02-02,3,2,20.96,1005.6,Igarassu,PE,Nordeste
1484,817,SKU-003,2025-02-22,13,4,10.91,11541.28,Uberaba,MG,Sudeste
1485,67,SKU-012,2026-04-24,14,4,11.82,10057.24,Juazeiro do Norte,CE,Nordeste
1486,1420,SKU-081,2025-10-04,9,3,25.01,4724.19,Sao Jose dos Campos,SP,Sudeste
1487,1289,SKU-017,2026-03-08,6,2,15.05,917.48,Feira de Santana,BA,Nordeste
1488,5,SKU-034,2025-01-05,9,3,34.77,4563.48,Santos,SP,Sudeste
1489,19,SKU-054,2025-12-18,10,2,31.54,4741.24,Ipatinga,MG,Sudeste
1490,117,SKU-176,2025-08-27,4,2,27.52,4713.86,Gama,DF,Centro-Oeste
1491,14,SKU-185,2025-04-13,1,1,9.27,502.8,Lauro de Freitas,BA,Nordeste
1492,125,SKU-223,2025-06-20,3,4,15.74,9975.08,Sobral,CE,Nordeste
1493,470,SKU-216,2026-01-25,12,2,29.18,2202.72,Feira de Santana,BA,Nordeste
1494,7,SKU-094,2026-05-23,6,2,20.86,4139.14,Tabatinga,AM,Norte
1495,140,SKU-245,2025-03-24,13,3,23.96,8920.83,Recife,PE,Nordeste
1496,560,SKU-233,2025-03-24,11,2,14.73,4129.4,Angra dos Reis,RJ,Sudeste
1497,1225,SKU-078,2025-12-19,12,3,14.38,5416.05,Passo Fundo,RS,Sul
1498,4,SKU-196,2026-03-04,7,2,19.22,4669.88,Parintins,AM,Norte
1499,326,SKU-064,2026-03-29,11,3,16.56,6563.07,Uberlandia,MG,Sudeste
1500,164,SKU-122,2026-01-19,5,4,26.57,1802.6,Governador Valadares,MG,Sudeste
1501,1176,SKU-045,2026-03-11,9,1,20.41,1589.77,Parintins,AM,Norte
1502,1430,SKU-168,2026-03-29,15,4,9.79,5982.56,Recanto das Emas,DF,Centro-Oeste
1503,9,SKU-147,2025-08-28,1,1,23.11,2713.88,Caruaru,PE,Nordeste
1504,946,SKU-061,2025-12-11,5,1,18.07,1892.01,Fortaleza,CE,Nordeste
1505,182,SKU-183,2025-12-04,8,2,32.53,5571.34,Governador Valadares,MG,Sudeste
1506,88,SKU-206,2025-04-13,13,2,33.57,1306.04,Santa Maria,RS,Sul
1507,89,SKU-199,2025-02-09,11,3,20.06,5912.58,Duque de Caxias,RJ,Sudeste
1508,42,SKU-038,2026-01-14,14,2,17.02,711.46,Salvador,BA,Nordeste
1509,705,SKU-142,2025-06-29,8,2,8.21,1832.74,Maringa,PR,Sul
1510,210,SKU-095,2026-03-29,2,4,19.0,1443.8,Recanto das Emas,DF,Centro-Oeste
1511,24,SKU-085,2025-10-27,15,1,27.45,1043.96,Ponta Grossa,PR,Sul
1512,16,SKU-218,2025-07-27,4,3,12.46,1406.94,Gama,DF,Centro-Oeste
1513,1262,SKU-022,2025-02-09,8,2,24.93,2453.82,Guara,DF,Centro-Oeste
1514,27,SKU-165,2025-04-20,2,3,5.47,4964.28,Uberaba,MG,Sudeste
1515,1353,SKU-240,2026-04-24,15,2,16.69,733.42,Feira de Santana,BA,Nordeste
1516,321,SKU-220,2025-06-15,2,1,30.26,2316.04,Uberaba,MG,Sudeste
1517,841,SKU-188,2026-05-31,3,4,11.86,144.8,Taguatinga,DF,Centro-Oeste
1518,20,SKU-141,2025-09-10,8,4,22.02,9681.48,Volta Redonda,RJ,Sudeste
1519,81,SKU-118,2026-03-22,3,4,8.42,1998.2,Sorocaba,SP,Sudeste
1520,493,SKU-175,2026-04-08,14,4,5.03,10373.92,Foz do Iguacu,PR,Sul
1521,545,SKU-159,2025-03-24,5,3,30.9,7033.62,Ribeirao Preto,SP,Sudeste
1522,164,SKU-003,2025-07-01,4,1,8.93,2885.32,Gravata,PE,Nordeste
1523,485,SKU-143,2025-02-05,15,2,27.34,1839.14,Foz do Iguacu,PR,Sul
1524,8,SKU-153,2025-11-20,4,4,18.58,4307.48,Recife,PE,Nordeste
1525,644,SKU-013,2025-10-06,7,1,23.14,1980.97,Santa Maria,RS,Sul
1526,716,SKU-118,2025-12-23,4,3,23.76,1498.65,Itacoatiara,AM,Norte
1527,943,SKU-139,2026-06-02,11,1,6.34,1828.39,Bento Goncalves,RS,Sul
1528,33,SKU-045,2025-03-15,4,1,31.14,1589.77,Feira de Santana,BA,Nordeste
1529,101,SKU-097,2025-03-03,1,1,21.36,1080.05,Juiz de Fora,MG,Sudeste
1530,20,SKU-138,2025-06-23,13,3,28.88,4247.58,Belo Horizonte,MG,Sudeste
1531,468,SKU-051,2025-03-20,7,4,20.69,913.8,Caruaru,PE,Nordeste
1532,1069,SKU-061,2025-03-30,1,4,34.71,7568.04,Serra Talhada,PE,Nordeste
1533,340,SKU-131,2025-11-10,1,4,17.85,9782.08,Belo Horizonte,MG,Sudeste
1534,3,SKU-034,2025-03-24,8,3,25.96,4563.48,Rio de Janeiro,RJ,Sudeste
1535,1256,SKU-117,2025-04-27,14,4,12.24,4256.96,Tabatinga,AM,Norte
1536,956,SKU-204,2025-11-25,9,1,10.41,980.25,Fortaleza,CE,Nordeste
1537,220,SKU-196,2025-04-23,5,1,23.67,2334.94,Foz do Iguacu,PR,Sul
1538,1314,SKU-108,2026-04-29,7,2,23.51,4750.16,Juazeiro,BA,Nordeste
1539,1024,SKU-154,2025-07-10,8,4,17.83,11906.16,Nova Iguacu,RJ,Sudeste
1540,313,SKU-176,2025-04-30,10,4,27.5,9427.72,Caruaru,PE,Nordeste
1541,202,SKU-028,2025-05-18,9,4,27.95,4634.0,Igarassu,PE,Nordeste
1542,82,SKU-007,2026-01-17,4,3,19.83,7206.72,Caucaia,CE,Nordeste
1543,459,SKU-219,2026-05-05,12,3,29.69,3571.05,Santos,SP,Sudeste
1544,37,SKU-176,2025-10-23,13,4,33.84,9427.72,Cascavel,PR,Sul
1545,243,SKU-098,2025-06-30,5,4,17.73,2732.08,Porto Alegre,RS,Sul
1546,1361,SKU-029,2025-03-15,3,4,17.48,3115.6,Duque de Caxias,RJ,Sudeste
1547,602,SKU-027,2026-01-19,10,2,13.87,4150.24,Caxias do Sul,RS,Sul
1548,250,SKU-137,2026-03-08,8,2,31.62,4540.3,Petrolina,PE,Nordeste
1549,3,SKU-065,2026-02-02,10,3,16.31,8175.9,Aguas Claras,DF,Centro-Oeste
1550,405,SKU-124,2025-01-23,1,2,16.32,608.08,Manacapuru,AM,Norte
1551,3,SKU-139,2025-08-14,12,4,25.49,7313.56,Novo Hamburgo,RS,Sul
1552,88,SKU-216,2025-03-22,13,3,22.3,3304.08,Juiz de Fora,MG,Sudeste
1553,1371,SKU-243,2025-04-27,6,2,19.48,5672.94,Sao Bernardo do Campo,SP,Sudeste
1554,551,SKU-072,2025-03-07,12,1,32.24,1478.73,Sao Bernardo do Campo,SP,Sudeste
1555,1320,SKU-038,2025-04-07,9,1,21.3,355.73,Juiz de Fora,MG,Sudeste
1556,45,SKU-123,2025-05-08,8,2,5.61,2492.22,Parintins,AM,Norte
1557,740,SKU-198,2026-02-15,11,1,30.44,1433.8,Crato,CE,Nordeste
1558,316,SKU-157,2025-09-16,8,4,31.83,7506.64,Recanto das Emas,DF,Centro-Oeste
1559,598,SKU-015,2025-11-20,8,2,32.9,3884.78,Uberlandia,MG,Sudeste
1560,30,SKU-072,2026-02-24,12,3,34.64,4436.19,Camacari,BA,Nordeste
1561,19,SKU-159,2025-04-15,11,1,17.98,2344.54,Maracanau,CE,Nordeste
1562,971,SKU-219,2025-11-17,4,4,30.85,4761.4,Campos dos Goytacazes,RJ,Sudeste
1563,1039,SKU-044,2026-04-18,12,3,29.98,4510.65,Juazeiro do Norte,CE,Nordeste
1564,1134,SKU-107,2025-04-16,4,4,22.9,6550.24,Aguas Claras,DF,Centro-Oeste
1565,372,SKU-144,2026-06-04,14,1,7.66,77.64,Bento Goncalves,RS,Sul
1566,726,SKU-152,2025-02-24,2,4,20.91,6209.24,Belo Horizonte,MG,Sudeste
1567,885,SKU-165,2025-01-14,4,4,7.31,6619.04,Crato,CE,Nordeste
1568,958,SKU-179,2025-06-25,15,1,16.67,750.21,Novo Hamburgo,RS,Sul
1569,28,SKU-215,2025-09-05,5,1,19.11,2170.73,Tabatinga,AM,Norte
1570,516,SKU-194,2025-02-16,8,3,25.68,7546.32,Sao Jose dos Campos,SP,Sudeste
1571,691,SKU-154,2026-01-01,4,3,16.15,8929.62,Camacari,BA,Nordeste
1572,188,SKU-108,2025-08-29,10,1,9.59,2375.08,Ponta Grossa,PR,Sul
1573,613,SKU-038,2025-11-26,14,3,8.18,1067.19,Londrina,PR,Sul
1574,554,SKU-190,2025-07-08,14,3,21.73,5186.49,Duque de Caxias,RJ,Sudeste
1575,380,SKU-108,2025-07-03,7,1,29.57,2375.08,Contagem,MG,Sudeste
1576,996,SKU-032,2026-02-09,5,2,22.14,3705.48,Foz do Iguacu,PR,Sul
1577,20,SKU-054,2025-09-15,4,3,12.01,7111.86,Porto Seguro,BA,Nordeste
1578,913,SKU-155,2025-09-06,7,1,31.84,103.31,Itapipoca,CE,Nordeste
1579,422,SKU-189,2025-12-12,6,1,24.52,1119.3,Petrolina,PE,Nordeste
1580,1173,SKU-149,2026-04-21,12,2,23.89,5760.14,Osasco,SP,Sudeste
1581,574,SKU-222,2025-06-30,11,1,18.83,874.92,Gravatai,RS,Sul
1582,1345,SKU-237,2025-04-06,15,4,17.01,11974.88,Niteroi,RJ,Sudeste
1583,73,SKU-247,2026-04-27,8,2,33.03,3103.78,Fortaleza,CE,Nordeste
1584,731,SKU-031,2026-05-06,5,2,26.2,1977.86,Santos,SP,Sudeste
1585,33,SKU-044,2025-06-24,15,3,7.82,4510.65,Sobradinho,DF,Centro-Oeste
1586,950,SKU-185,2025-08-24,12,1,17.35,502.8,Pelotas,RS,Sul
1587,93,SKU-081,2025-11-12,11,1,7.82,1574.73,Parintins,AM,Norte
1588,948,SKU-075,2025-10-02,3,2,13.9,5256.02,Coari,AM,Norte
1589,685,SKU-172,2025-02-01,1,2,25.79,3587.48,Gravatai,RS,Sul
1590,742,SKU-079,2026-03-26,11,4,15.53,9266.52,Niteroi,RJ,Sudeste
1591,823,SKU-110,2025-03-08,10,3,17.5,1377.63,Curitiba,PR,Sul
1592,976,SKU-073,2025-04-16,9,3,19.85,3093.33,Erechim,RS,Sul
1593,590,SKU-017,2025-07-17,5,4,6.17,1834.96,Maringa,PR,Sul
1594,1063,SKU-024,2025-02-27,1,2,16.57,3711.94,Niteroi,RJ,Sudeste
1595,633,SKU-082,2026-01-28,10,3,23.5,2291.01,Uberaba,MG,Sudeste
1596,1471,SKU-010,2025-06-28,10,2,19.41,5610.96,Garanhuns,PE,Nordeste
1597,674,SKU-109,2025-06-27,9,2,22.1,3074.9,Canoas,RS,Sul
1598,235,SKU-146,2025-09-14,10,1,30.04,2387.47,Manacapuru,AM,Norte
1599,700,SKU-214,2025-08-25,1,3,8.8,2228.61,Betim,MG,Sudeste
1600,229,SKU-173,2025-07-01,13,2,13.1,2931.38,Canoas,RS,Sul
1601,147,SKU-133,2025-08-24,2,2,12.72,5178.42,Crato,CE,Nordeste
1602,1326,SKU-189,2026-01-26,9,4,32.08,4477.2,Curitiba,PR,Sul
1603,298,SKU-207,2026-01-06,3,3,10.27,3571.98,Bento Goncalves,RS,Sul
1604,235,SKU-159,2025-05-17,4,3,15.31,7033.62,Sobral,CE,Nordeste
1605,186,SKU-214,2025-01-23,13,3,9.89,2228.61,Autazes,AM,Norte
1606,593,SKU-096,2025-10-06,10,4,30.31,5226.04,Sao Jose dos Campos,SP,Sudeste
1607,287,SKU-232,2026-03-09,2,3,14.8,5086.32,Lauro de Freitas,BA,Nordeste
1608,1065,SKU-121,2026-02-19,13,3,6.34,796.17,Caucaia,CE,Nordeste
1609,467,SKU-052,2025-01-05,5,1,27.86,1692.21,Gama,DF,Centro-Oeste
1610,35,SKU-131,2026-04-12,11,2,33.04,4891.04,Sao Jose dos Pinhais,PR,Sul
1611,256,SKU-097,2026-03-21,10,4,18.5,4320.2,Presidente Figueiredo,AM,Norte
1612,111,SKU-005,2026-02-23,10,1,18.73,1050.06,Sao Bernardo do Campo,SP,Sudeste
1613,7,SKU-217,2025-09-25,13,4,32.25,152.52,Rio de Janeiro,RJ,Sudeste
1614,79,SKU-135,2025-09-24,14,4,8.08,7724.8,Igarassu,PE,Nordeste
1615,206,SKU-111,2025-11-30,12,1,24.58,2370.57,Cabo Frio,RJ,Sudeste
1616,397,SKU-242,2025-01-21,10,1,16.53,2373.33,Cascavel,PR,Sul
1617,1186,SKU-175,2025-07-05,10,2,13.52,5186.96,Gravatai,RS,Sul
1618,1188,SKU-112,2025-12-02,13,1,31.49,844.2,Foz do Iguacu,PR,Sul
1619,1245,SKU-166,2025-12-10,8,4,17.26,11893.4,Samambaia,DF,Centro-Oeste
1620,190,SKU-012,2025-05-19,2,3,32.04,7542.93,Tefe,AM,Norte
1621,348,SKU-180,2025-06-21,1,3,29.05,2887.35,Duque de Caxias,RJ,Sudeste
1622,1078,SKU-085,2025-02-27,12,2,21.17,2087.92,Iguatu,CE,Nordeste
1623,53,SKU-097,2025-11-05,11,1,23.88,1080.05,Bento Goncalves,RS,Sul
1624,136,SKU-063,2026-02-21,9,1,25.14,2615.89,Gravatai,RS,Sul
1625,198,SKU-005,2025-03-28,9,1,28.09,1050.06,Ipatinga,MG,Sudeste
1626,515,SKU-154,2025-12-08,1,1,34.01,2976.54,Samambaia,DF,Centro-Oeste
1627,875,SKU-165,2026-05-31,6,3,9.42,4964.28,Quixada,CE,Nordeste
1628,427,SKU-195,2026-05-02,7,1,31.75,222.88,Paulista,PE,Nordeste
1629,40,SKU-243,2025-07-18,4,4,11.47,11345.88,Cascavel,PR,Sul
1630,607,SKU-067,2026-02-17,2,4,27.42,9304.4,Canoas,RS,Sul
1631,447,SKU-173,2025-06-04,2,2,11.67,2931.38,Iguatu,CE,Nordeste
1632,355,SKU-216,2025-02-18,5,4,31.48,4405.44,Angra dos Reis,RJ,Sudeste
1633,129,SKU-092,2026-04-18,15,4,31.58,9639.44,Governador Valadares,MG,Sudeste
1634,35,SKU-063,2026-02-06,10,4,21.15,10463.56,Osasco,SP,Sudeste
1635,1225,SKU-142,2026-05-16,10,4,12.95,3665.48,Crato,CE,Nordeste
1636,123,SKU-074,2025-09-03,10,3,30.18,4696.44,Vitoria da Conquista,BA,Nordeste
1637,201,SKU-049,2026-04-02,8,4,28.62,406.4,Sao Jose dos Campos,SP,Sudeste
1638,241,SKU-108,2026-05-02,14,3,5.75,7125.24,Belo Horizonte,MG,Sudeste
1639,360,SKU-120,2025-12-30,4,1,14.24,2130.1,Crato,CE,Nordeste
1640,145,SKU-020,2025-11-21,10,4,28.0,2326.28,Porto Alegre,RS,Sul
1641,533,SKU-202,2025-02-03,13,1,22.13,1775.42,Curitiba,PR,Sul
1642,265,SKU-102,2026-01-01,6,2,12.27,3681.06,Cascavel,PR,Sul
1643,100,SKU-246,2025-12-08,15,4,15.96,10259.64,Vitoria da Conquista,BA,Nordeste
1644,70,SKU-174,2025-05-14,14,4,17.9,11676.4,Sao Paulo,SP,Sudeste
1645,1379,SKU-067,2026-04-23,2,1,30.66,2326.1,Ceilandia,DF,Centro-Oeste
1646,9,SKU-063,2025-11-12,10,3,29.73,7847.67,Niteroi,RJ,Sudeste
1647,725,SKU-154,2026-05-29,9,4,30.01,11906.16,Niteroi,RJ,Sudeste
1648,21,SKU-228,2025-11-22,7,2,27.47,4826.2,Sobral,CE,Nordeste
1649,287,SKU-080,2025-11-10,11,4,18.46,6568.16,Cabo Frio,RJ,Sudeste
1650,886,SKU-105,2026-06-08,12,4,25.07,1312.36,Paranagua,PR,Sul
1651,525,SKU-103,2026-01-28,12,2,26.25,697.88,Sorocaba,SP,Sudeste
1652,34,SKU-104,2025-12-18,5,3,5.5,7760.58,Ceilandia,DF,Centro-Oeste
1653,786,SKU-180,2025-08-27,12,2,5.11,1924.9,Uberaba,MG,Sudeste
1654,61,SKU-109,2025-10-20,10,1,14.47,1537.45,Maracanau,CE,Nordeste
1655,444,SKU-045,2025-06-09,4,1,12.6,1589.77,Feira de Santana,BA,Nordeste
1656,1157,SKU-137,2026-02-02,8,4,5.97,9080.6,Sobral,CE,Nordeste
1657,1136,SKU-055,2025-04-03,3,3,18.61,4816.92,Tabatinga,AM,Norte
1658,114,SKU-077,2025-11-06,5,2,5.08,4964.86,Lauro de Freitas,BA,Nordeste
1659,131,SKU-005,2025-06-20,14,2,28.49,2100.12,Maracanau,CE,Nordeste
1660,205,SKU-022,2026-02-21,5,4,14.3,4907.64,Quixada,CE,Nordeste
1661,19,SKU-024,2025-07-28,3,3,7.29,5567.91,Porto Alegre,RS,Sul
1662,203,SKU-096,2025-07-20,9,3,32.02,3919.53,Paulista,PE,Nordeste
1663,1005,SKU-090,2025-08-04,9,3,24.13,8836.92,Angra dos Reis,RJ,Sudeste
1664,558,SKU-088,2025-03-01,9,3,26.18,8418.63,Petropolis,RJ,Sudeste
1665,1440,SKU-085,2026-01-05,3,1,16.3,1043.96,Lauro de Freitas,BA,Nordeste
1666,79,SKU-053,2025-04-10,9,2,14.33,4495.06,Ceilandia,DF,Centro-Oeste
1667,1198,SKU-196,2025-02-12,14,1,34.78,2334.94,Parintins,AM,Norte
1668,111,SKU-099,2025-07-13,5,3,8.81,4916.64,Taguatinga,DF,Centro-Oeste
1669,1260,SKU-027,2026-01-14,14,4,27.34,8300.48,Porto Alegre,RS,Sul
1670,532,SKU-237,2025-04-15,8,2,6.9,5987.44,Vitoria da Conquista,BA,Nordeste
1671,1233,SKU-076,2025-04-03,4,1,13.87,2724.44,Jaboatao dos Guararapes,PE,Nordeste
1672,104,SKU-086,2025-12-31,6,3,10.87,8701.65,Campinas,SP,Sudeste
1673,85,SKU-049,2025-03-02,9,3,13.9,304.8,Quixada,CE,Nordeste
1674,17,SKU-183,2025-04-13,10,1,23.5,2785.67,Paulista,PE,Nordeste
1675,466,SKU-170,2025-11-17,12,3,18.7,5066.85,Caruaru,PE,Nordeste
1676,970,SKU-084,2025-11-07,10,1,28.49,1468.5,Uberaba,MG,Sudeste
1677,20,SKU-105,2025-10-01,11,3,9.58,984.27,Petrolina,PE,Nordeste
1678,15,SKU-159,2025-04-16,11,1,17.58,2344.54,Campos dos Goytacazes,RJ,Sudeste
1679,231,SKU-158,2025-04-06,3,1,6.77,2282.72,Itacoatiara,AM,Norte
1680,675,SKU-035,2025-05-07,15,4,21.07,11108.76,Gravata,PE,Nordeste
1681,30,SKU-176,2025-03-27,11,4,15.68,9427.72,Olinda,PE,Nordeste
1682,928,SKU-214,2026-01-26,8,2,5.91,1485.74,Santa Maria,RS,Sul
1683,506,SKU-239,2025-03-30,3,1,5.33,225.97,Samambaia,DF,Centro-Oeste
1684,670,SKU-163,2025-12-27,11,4,8.89,3718.56,Pocos de Caldas,MG,Sudeste
1685,326,SKU-181,2025-07-26,15,2,9.37,2627.08,Guarulhos,SP,Sudeste
1686,1080,SKU-144,2025-12-14,9,4,27.05,310.56,Ponta Grossa,PR,Sul
1687,336,SKU-032,2025-05-29,15,3,7.65,5558.22,Vitoria da Conquista,BA,Nordeste
1688,783,SKU-012,2025-12-06,7,1,26.19,2514.31,Pocos de Caldas,MG,Sudeste
1689,2,SKU-098,2025-02-14,5,3,21.57,2049.06,Juiz de Fora,MG,Sudeste
1690,1,SKU-201,2026-01-03,13,3,31.59,4200.06,Paranagua,PR,Sul
1691,253,SKU-156,2025-12-16,14,1,26.54,1361.63,Ribeirao Preto,SP,Sudeste
1692,15,SKU-129,2026-06-02,1,3,18.07,1684.2,Ponta Grossa,PR,Sul
1693,18,SKU-100,2025-12-04,9,3,17.94,6687.45,Contagem,MG,Sudeste
1694,483,SKU-136,2026-06-05,7,4,26.84,126.8,Paulista,PE,Nordeste
1695,741,SKU-234,2025-09-01,11,1,11.18,91.45,Sao Bernardo do Campo,SP,Sudeste
1696,31,SKU-238,2025-05-22,9,1,31.54,2948.96,Nova Iguacu,RJ,Sudeste
1697,233,SKU-237,2025-10-14,15,4,29.92,11974.88,Paranagua,PR,Sul
1698,1174,SKU-193,2025-01-16,2,2,20.27,4955.7,Gravatai,RS,Sul
1699,877,SKU-187,2025-09-20,12,3,26.9,3908.31,Itacoatiara,AM,Norte
1700,501,SKU-079,2025-03-17,6,1,12.79,2316.63,Brasilia,DF,Centro-Oeste
1701,92,SKU-113,2025-05-12,8,2,22.66,3626.58,Campos dos Goytacazes,RJ,Sudeste
1702,79,SKU-015,2025-12-06,1,2,8.78,3884.78,Igarassu,PE,Nordeste
1703,988,SKU-066,2026-06-07,14,4,29.44,10477.84,Tefe,AM,Norte
1704,969,SKU-098,2025-06-02,14,2,16.03,1366.04,Itacoatiara,AM,Norte
1705,1183,SKU-135,2025-06-18,4,1,27.8,1931.2,Cabo Frio,RJ,Sudeste
1706,43,SKU-096,2025-08-03,6,1,18.1,1306.51,Autazes,AM,Norte
1707,288,SKU-187,2025-11-02,9,4,19.55,5211.08,Igarassu,PE,Nordeste
1708,2,SKU-243,2026-02-13,8,3,14.72,8509.41,Manacapuru,AM,Norte
1709,1424,SKU-188,2025-10-15,3,3,29.93,108.6,Crato,CE,Nordeste
1710,14,SKU-092,2025-07-25,11,1,33.13,2409.86,Juazeiro,BA,Nordeste
1711,940,SKU-085,2025-06-12,2,4,13.24,4175.84,Sobral,CE,Nordeste
1712,1405,SKU-017,2025-10-26,8,4,25.52,1834.96,Governador Valadares,MG,Sudeste
1713,169,SKU-031,2025-05-01,5,4,17.73,3955.72,Itabuna,BA,Nordeste
1714,578,SKU-092,2025-11-22,15,1,28.03,2409.86,Petrolina,PE,Nordeste
1715,25,SKU-104,2026-03-28,10,4,12.13,10347.44,Sao Paulo,SP,Sudeste
1716,1372,SKU-090,2026-06-01,13,2,6.83,5891.28,Campos dos Goytacazes,RJ,Sudeste
1717,64,SKU-010,2025-03-29,15,3,22.27,8416.44,Juiz de Fora,MG,Sudeste
1718,130,SKU-033,2025-10-15,8,2,14.16,5184.54,Taguatinga,DF,Centro-Oeste
1719,232,SKU-142,2025-02-19,13,3,18.08,2749.11,Campinas,SP,Sudeste
1720,616,SKU-130,2025-02-04,15,3,5.24,167.94,Canoas,RS,Sul
1721,147,SKU-002,2025-03-15,6,3,31.11,7344.78,Maracanau,CE,Nordeste
1722,957,SKU-135,2026-02-13,15,4,34.6,7724.8,Caucaia,CE,Nordeste
1723,193,SKU-067,2025-10-07,10,4,31.42,9304.4,Itabuna,BA,Nordeste
1724,43,SKU-101,2025-02-11,11,4,19.54,1256.72,Guarapuava,PR,Sul
1725,748,SKU-127,2025-05-20,15,1,23.87,2325.32,Novo Hamburgo,RS,Sul
1726,740,SKU-204,2025-11-03,14,1,8.21,980.25,Pocos de Caldas,MG,Sudeste
1727,1446,SKU-105,2026-04-01,3,2,29.09,656.18,Salvador,BA,Nordeste
1728,1445,SKU-226,2026-01-01,4,3,26.68,2454.42,Bento Goncalves,RS,Sul
1729,1119,SKU-173,2026-05-25,3,4,15.21,5862.76,Camacari,BA,Nordeste
1730,17,SKU-041,2026-01-31,6,2,17.5,4117.22,Erechim,RS,Sul
1731,251,SKU-165,2026-06-09,8,3,13.66,4964.28,Recife,PE,Nordeste
1732,487,SKU-199,2025-01-23,12,4,29.9,7883.44,Teresopolis,RJ,Sudeste
1733,501,SKU-026,2026-06-01,2,1,18.68,2399.56,Juazeiro,BA,Nordeste
1734,43,SKU-174,2025-10-11,13,3,7.88,8757.3,Sao Jose dos Pinhais,PR,Sul
1735,49,SKU-053,2025-04-13,3,4,32.53,8990.12,Sobradinho,DF,Centro-Oeste
1736,420,SKU-173,2025-09-08,8,3,24.89,4397.07,Sobral,CE,Nordeste
1737,311,SKU-090,2026-01-24,1,3,22.47,8836.92,Guarulhos,SP,Sudeste
1738,210,SKU-078,2025-09-27,13,2,24.16,3610.7,Ponta Grossa,PR,Sul
1739,294,SKU-121,2026-05-20,3,1,15.09,265.39,Serra Talhada,PE,Nordeste
1740,1359,SKU-186,2025-01-03,7,3,28.03,821.46,Guarulhos,SP,Sudeste
1741,1347,SKU-178,2025-09-04,6,3,30.95,6705.87,Itabuna,BA,Nordeste
1742,543,SKU-120,2025-05-08,6,1,24.92,2130.1,Niteroi,RJ,Sudeste
1743,634,SKU-119,2026-04-11,4,2,27.99,275.58,Planaltina,DF,Centro-Oeste
1744,673,SKU-210,2025-09-26,8,4,9.0,1698.88,Juazeiro,BA,Nordeste
1745,1390,SKU-087,2026-02-15,11,3,8.12,1773.36,Ilheus,BA,Nordeste
1746,1403,SKU-163,2026-05-15,15,3,7.86,2788.92,Tabatinga,AM,Norte
1747,644,SKU-120,2025-08-08,6,3,9.55,6390.3,Pocos de Caldas,MG,Sudeste
1748,1404,SKU-090,2025-01-19,14,3,19.58,8836.92,Planaltina,DF,Centro-Oeste
1749,371,SKU-238,2026-05-29,3,1,24.61,2948.96,Recife,PE,Nordeste
1750,940,SKU-233,2025-09-26,4,1,28.3,2064.7,Olinda,PE,Nordeste
1751,78,SKU-189,2025-11-06,2,4,5.06,4477.2,Guarulhos,SP,Sudeste
1752,106,SKU-207,2026-04-01,8,1,12.63,1190.66,Itapipoca,CE,Nordeste
1753,790,SKU-207,2025-09-09,10,3,8.73,3571.98,Juazeiro,BA,Nordeste
1754,186,SKU-011,2025-08-10,1,4,33.16,8551.88,Porto Seguro,BA,Nordeste
1755,29,SKU-007,2025-07-15,6,4,8.02,9608.96,Angra dos Reis,RJ,Sudeste
1756,582,SKU-008,2025-02-10,8,1,18.15,2088.85,Sao Bernardo do Campo,SP,Sudeste
1757,506,SKU-166,2025-10-04,3,1,19.67,2973.35,Serra Talhada,PE,Nordeste
1758,1341,SKU-081,2025-11-18,12,1,16.94,1574.73,Uberlandia,MG,Sudeste
1759,965,SKU-149,2025-08-31,4,4,18.36,11520.28,Gravatai,RS,Sul
1760,947,SKU-125,2025-09-03,10,3,31.38,4972.14,Camacari,BA,Nordeste
1761,263,SKU-126,2025-03-01,4,4,8.84,324.12,Autazes,AM,Norte
1762,121,SKU-022,2025-08-07,10,2,29.03,2453.82,Nova Iguacu,RJ,Sudeste
1763,1,SKU-070,2025-07-14,8,1,23.11,1961.0,Maringa,PR,Sul
1764,619,SKU-250,2025-08-21,8,4,17.16,9277.56,Gravatai,RS,Sul
1765,773,SKU-187,2026-02-28,9,4,28.06,5211.08,Duque de Caxias,RJ,Sudeste
1766,1394,SKU-051,2025-01-12,13,1,32.43,228.45,Gravatai,RS,Sul
1767,607,SKU-216,2026-01-09,3,2,16.69,2202.72,Osasco,SP,Sudeste
1768,1426,SKU-088,2025-07-05,5,4,12.12,11224.84,Itapipoca,CE,Nordeste
1769,763,SKU-205,2025-03-11,7,2,31.59,788.36,Tefe,AM,Norte
1770,1326,SKU-027,2025-04-01,2,2,25.17,4150.24,Pelotas,RS,Sul
1771,116,SKU-169,2025-06-20,15,3,31.0,6575.79,Jaboatao dos Guararapes,PE,Nordeste
1772,23,SKU-126,2025-05-31,13,3,29.3,243.09,Guarapuava,PR,Sul
1773,874,SKU-116,2025-09-28,3,3,16.33,6542.43,Itabuna,BA,Nordeste
1774,224,SKU-210,2025-11-21,9,3,13.59,1274.16,Niteroi,RJ,Sudeste
1775,20,SKU-198,2025-12-17,9,1,11.41,1433.8,Maracanau,CE,Nordeste
1776,1403,SKU-176,2025-12-13,2,2,6.74,4713.86,Autazes,AM,Norte
1777,727,SKU-056,2026-04-01,13,4,20.39,11058.28,Cabo Frio,RJ,Sudeste
1778,1215,SKU-221,2026-05-24,1,1,12.81,1785.2,Juiz de Fora,MG,Sudeste
1779,1346,SKU-067,2025-09-07,15,2,12.29,4652.2,Curitiba,PR,Sul
1780,20,SKU-048,2026-03-30,4,2,21.25,2443.88,Recife,PE,Nordeste
1781,1,SKU-124,2026-02-09,12,3,19.06,912.12,Fortaleza,CE,Nordeste
1782,507,SKU-108,2026-05-10,13,4,8.25,9500.32,Manacapuru,AM,Norte
1783,339,SKU-037,2026-01-18,11,1,19.5,2565.06,Caucaia,CE,Nordeste
1784,274,SKU-246,2025-04-07,9,4,9.42,10259.64,Colombo,PR,Sul
1785,1080,SKU-102,2025-02-20,4,3,8.09,5521.59,Serra Talhada,PE,Nordeste
1786,6,SKU-227,2025-06-15,5,4,30.35,5457.08,Porto Seguro,BA,Nordeste
1787,581,SKU-120,2025-11-02,1,1,22.66,2130.1,Campos dos Goytacazes,RJ,Sudeste
1788,169,SKU-232,2025-08-25,1,1,16.61,1695.44,Sao Jose dos Pinhais,PR,Sul
1789,1400,SKU-185,2026-05-14,14,1,11.88,502.8,Montes Claros,MG,Sudeste
1790,670,SKU-030,2026-04-07,9,1,8.7,1158.16,Volta Redonda,RJ,Sudeste
1791,508,SKU-049,2026-02-11,8,2,22.39,203.2,Fortaleza,CE,Nordeste
1792,127,SKU-031,2025-12-07,12,2,7.01,1977.86,Novo Hamburgo,RS,Sul
1793,36,SKU-224,2025-12-16,3,2,17.05,5018.72,Santos,SP,Sudeste
1794,25,SKU-147,2025-01-26,1,4,16.01,10855.52,Colombo,PR,Sul
1795,37,SKU-216,2025-08-26,4,2,28.18,2202.72,Camacari,BA,Nordeste
1796,868,SKU-212,2025-11-02,1,2,25.47,5222.9,Ceilandia,DF,Centro-Oeste
1797,264,SKU-115,2025-09-03,6,3,30.54,5183.46,Sobral,CE,Nordeste
1798,1270,SKU-097,2025-08-11,5,3,8.66,3240.15,Uberlandia,MG,Sudeste
1799,6,SKU-207,2025-04-01,2,2,32.33,2381.32,Canoas,RS,Sul
1800,504,SKU-095,2026-05-09,8,1,32.95,360.95,Lauro de Freitas,BA,Nordeste
1801,21,SKU-238,2026-05-20,1,1,30.71,2948.96,Sao Jose dos Campos,SP,Sudeste
1802,192,SKU-129,2026-04-08,3,1,31.8,561.4,Londrina,PR,Sul
1803,108,SKU-239,2026-01-27,9,1,14.9,225.97,Petrolina,PE,Nordeste
1804,991,SKU-195,2025-11-25,5,2,12.17,445.76,Gravata,PE,Nordeste
1805,26,SKU-143,2026-04-10,1,4,18.73,3678.28,Recife,PE,Nordeste
1806,239,SKU-058,2025-11-14,11,3,33.25,3545.82,Guara,DF,Centro-Oeste
1807,618,SKU-216,2025-08-27,1,1,24.17,1101.36,Maracanau,CE,Nordeste
1808,88,SKU-046,2025-09-28,15,4,27.45,5747.04,Crato,CE,Nordeste
1809,866,SKU-128,2025-09-28,9,3,8.49,1196.07,Ribeirao Preto,SP,Sudeste
1810,130,SKU-137,2025-02-14,14,3,26.03,6810.45,Maracanau,CE,Nordeste
1811,27,SKU-024,2025-12-19,3,4,5.59,7423.88,Ilheus,BA,Nordeste
1812,365,SKU-117,2026-01-04,2,3,29.08,3192.72,Jaboatao dos Guararapes,PE,Nordeste
1813,23,SKU-124,2026-04-30,5,4,14.2,1216.16,Crato,CE,Nordeste
1814,693,SKU-090,2026-03-05,13,3,18.84,8836.92,Presidente Figueiredo,AM,Norte
1815,326,SKU-043,2026-02-01,11,2,13.88,844.08,Ilheus,BA,Nordeste
1816,3,SKU-053,2025-01-11,14,3,33.7,6742.59,Gravata,PE,Nordeste
1817,196,SKU-107,2025-01-12,3,4,16.37,6550.24,Recanto das Emas,DF,Centro-Oeste
1818,1280,SKU-245,2026-02-22,13,1,11.55,2973.61,Governador Valadares,MG,Sudeste
1819,464,SKU-009,2026-03-30,6,4,31.71,6582.68,Itapipoca,CE,Nordeste
1820,343,SKU-194,2025-07-30,8,4,9.33,10061.76,Passo Fundo,RS,Sul
1821,535,SKU-226,2026-03-31,8,1,25.1,818.14,Rio de Janeiro,RJ,Sudeste
1822,875,SKU-092,2025-05-07,3,2,21.62,4819.72,Olinda,PE,Nordeste
1823,668,SKU-009,2026-02-21,4,2,13.62,3291.34,Contagem,MG,Sudeste
1824,715,SKU-199,2025-09-05,10,1,28.63,1970.86,Erechim,RS,Sul
1825,1299,SKU-065,2025-10-14,14,4,5.68,10901.2,Recife,PE,Nordeste
1826,1087,SKU-243,2026-01-22,10,3,26.23,8509.41,Sao Bernardo do Campo,SP,Sudeste
1827,190,SKU-034,2025-07-15,13,3,18.13,4563.48,Paulista,PE,Nordeste
1828,37,SKU-079,2025-04-03,12,2,20.18,4633.26,Passo Fundo,RS,Sul
1829,1053,SKU-009,2026-01-27,5,3,12.61,4937.01,Tabatinga,AM,Norte
1830,438,SKU-200,2025-12-15,13,2,8.2,5908.52,Sobradinho,DF,Centro-Oeste
1831,1,SKU-043,2026-01-06,13,3,33.89,1266.12,Pocos de Caldas,MG,Sudeste
1832,1,SKU-064,2026-03-31,6,4,27.8,8750.76,Maringa,PR,Sul
1833,179,SKU-008,2026-05-07,7,4,21.52,8355.4,Caninde,CE,Nordeste
1834,3,SKU-047,2025-02-13,2,2,26.66,447.14,Juiz de Fora,MG,Sudeste
1835,104,SKU-020,2026-05-08,12,1,32.06,581.57,Teresopolis,RJ,Sudeste
1836,1230,SKU-144,2026-02-15,11,4,32.68,310.56,Recanto das Emas,DF,Centro-Oeste
1837,33,SKU-208,2026-04-29,4,4,9.78,10254.44,Maues,AM,Norte
1838,1033,SKU-180,2025-03-20,6,3,29.04,2887.35,Sao Jose dos Pinhais,PR,Sul
1839,963,SKU-045,2025-04-26,5,4,32.47,6359.08,Aguas Claras,DF,Centro-Oeste
1840,148,SKU-110,2025-01-09,9,2,10.84,918.42,Pocos de Caldas,MG,Sudeste
1841,399,SKU-121,2025-01-05,9,1,14.73,265.39,Santos,SP,Sudeste
1842,371,SKU-087,2025-03-23,12,2,33.17,1182.24,Juiz de Fora,MG,Sudeste
1843,754,SKU-193,2025-01-04,5,1,26.69,2477.85,Crato,CE,Nordeste
1844,215,SKU-070,2025-03-10,3,4,13.26,7844.0,Itapipoca,CE,Nordeste
1845,664,SKU-179,2025-03-11,7,1,31.05,750.21,Guarapuava,PR,Sul
1846,33,SKU-120,2025-11-24,7,1,28.4,2130.1,Vitoria da Conquista,BA,Nordeste
1847,708,SKU-147,2026-04-04,14,3,13.27,8141.64,Sao Jose dos Campos,SP,Sudeste
1848,792,SKU-015,2026-05-08,4,3,13.77,5827.17,Manacapuru,AM,Norte
1849,2,SKU-248,2026-01-17,4,4,9.25,7498.36,Bento Goncalves,RS,Sul
1850,251,SKU-182,2025-01-11,6,4,6.47,11258.6,Duque de Caxias,RJ,Sudeste
1851,312,SKU-153,2025-06-07,5,2,9.04,2153.74,Caucaia,CE,Nordeste
1852,836,SKU-137,2025-12-17,2,1,23.63,2270.15,Fortaleza,CE,Nordeste
1853,213,SKU-185,2025-04-20,1,4,19.89,2011.2,Juazeiro do Norte,CE,Nordeste
1854,585,SKU-090,2025-03-17,9,2,6.39,5891.28,Itacoatiara,AM,Norte
1855,797,SKU-091,2025-05-10,8,2,11.81,1920.06,Uberaba,MG,Sudeste
1856,1071,SKU-213,2025-10-03,9,2,27.62,2952.16,Gama,DF,Centro-Oeste
1857,47,SKU-233,2025-04-16,13,3,21.07,6194.1,Juazeiro,BA,Nordeste
1858,30,SKU-110,2025-08-05,1,4,7.5,1836.84,Taguatinga,DF,Centro-Oeste
1859,1231,SKU-120,2025-12-09,15,4,14.08,8520.4,Duque de Caxias,RJ,Sudeste
1860,59,SKU-144,2026-04-24,3,2,22.48,155.28,Governador Valadares,MG,Sudeste
1861,192,SKU-021,2025-09-01,12,1,10.33,1374.22,Guara,DF,Centro-Oeste
1862,317,SKU-195,2026-03-21,4,4,19.4,891.52,Cascavel,PR,Sul
1863,619,SKU-051,2025-12-17,8,3,23.68,685.35,Caninde,CE,Nordeste
1864,49,SKU-250,2026-01-21,13,3,19.3,6958.17,Porto Seguro,BA,Nordeste
1865,770,SKU-079,2025-08-17,1,1,30.05,2316.63,Recanto das Emas,DF,Centro-Oeste
1866,884,SKU-058,2025-10-04,8,1,24.22,1181.94,Betim,MG,Sudeste
1867,521,SKU-108,2025-02-21,1,1,26.63,2375.08,Planaltina,DF,Centro-Oeste
1868,556,SKU-108,2025-12-29,5,4,11.84,9500.32,Olinda,PE,Nordeste
1869,1165,SKU-104,2026-01-27,3,2,8.78,5173.72,Sao Jose dos Pinhais,PR,Sul
1870,1282,SKU-057,2026-02-27,15,2,6.59,4004.38,Duque de Caxias,RJ,Sudeste
1871,1042,SKU-250,2025-03-02,4,1,25.36,2319.39,Ipatinga,MG,Sudeste
1872,24,SKU-182,2025-04-27,5,4,10.53,11258.6,Governador Valadares,MG,Sudeste
1873,1251,SKU-067,2026-05-19,11,3,17.63,6978.3,Sao Paulo,SP,Sudeste
1874,10,SKU-069,2025-05-09,9,2,11.52,3869.92,Lauro de Freitas,BA,Nordeste
1875,1457,SKU-070,2026-04-05,11,3,9.91,5883.0,Sobradinho,DF,Centro-Oeste
1876,99,SKU-204,2025-11-27,13,4,25.53,3921.0,Quixada,CE,Nordeste
1877,1313,SKU-091,2025-09-13,13,1,28.69,960.03,Governador Valadares,MG,Sudeste
1878,1255,SKU-190,2025-11-05,6,4,26.86,6915.32,Novo Hamburgo,RS,Sul
1879,1,SKU-185,2025-07-27,1,2,23.15,1005.6,Piracicaba,SP,Sudeste
1880,754,SKU-163,2025-02-26,2,4,14.02,3718.56,Iguatu,CE,Nordeste
1881,1128,SKU-166,2025-11-16,4,3,9.37,8920.05,Maues,AM,Norte
1882,1071,SKU-181,2025-11-29,3,3,12.79,3940.62,Ribeirao Preto,SP,Sudeste
1883,630,SKU-032,2026-02-15,8,4,22.96,7410.96,Sao Bernardo do Campo,SP,Sudeste
1884,1358,SKU-208,2025-10-02,11,2,23.66,5127.22,Ponta Grossa,PR,Sul
1885,509,SKU-151,2025-01-20,14,3,14.58,7860.54,Erechim,RS,Sul
1886,59,SKU-177,2025-12-22,6,2,20.4,5560.74,Manacapuru,AM,Norte
1887,327,SKU-064,2026-06-08,15,1,31.76,2187.69,Porto Alegre,RS,Sul
1888,362,SKU-071,2025-12-15,3,2,23.87,3239.62,Porto Alegre,RS,Sul
1889,1459,SKU-109,2025-11-14,13,1,30.35,1537.45,Betim,MG,Sudeste
1890,354,SKU-065,2025-01-23,1,3,10.73,8175.9,Juazeiro do Norte,CE,Nordeste
1891,98,SKU-089,2025-02-15,3,3,32.48,5146.02,Recife,PE,Nordeste
1892,104,SKU-034,2025-12-01,6,1,29.57,1521.16,Caucaia,CE,Nordeste
1893,1349,SKU-084,2026-05-26,5,1,29.12,1468.5,Curitiba,PR,Sul
1894,42,SKU-230,2025-11-03,10,3,16.8,5438.19,Niteroi,RJ,Sudeste
1895,591,SKU-096,2026-01-17,13,1,8.95,1306.51,Bento Goncalves,RS,Sul
1896,1000,SKU-241,2026-05-13,15,1,22.59,392.63,Gravatai,RS,Sul
1897,2,SKU-184,2025-08-17,10,3,23.34,7658.61,Londrina,PR,Sul
1898,774,SKU-121,2025-04-23,8,3,25.76,796.17,Juazeiro,BA,Nordeste
1899,1355,SKU-229,2026-02-06,11,4,28.93,6080.8,Pocos de Caldas,MG,Sudeste
1900,646,SKU-072,2026-02-24,12,2,5.52,2957.46,Jaboatao dos Guararapes,PE,Nordeste
1901,267,SKU-217,2025-03-18,6,3,31.75,114.39,Caruaru,PE,Nordeste
1902,33,SKU-224,2025-01-01,1,4,18.07,10037.44,Volta Redonda,RJ,Sudeste
1903,137,SKU-015,2025-11-18,10,4,20.03,7769.56,Porto Seguro,BA,Nordeste
1904,312,SKU-225,2025-03-21,1,3,10.7,7682.79,Novo Hamburgo,RS,Sul
1905,1255,SKU-130,2025-02-13,13,1,8.28,55.98,Duque de Caxias,RJ,Sudeste
1906,864,SKU-188,2025-04-09,8,1,26.98,36.2,Taguatinga,DF,Centro-Oeste
1907,1044,SKU-135,2026-05-28,5,1,21.14,1931.2,Porto Alegre,RS,Sul
1908,968,SKU-230,2026-02-05,9,1,16.58,1812.73,Bento Goncalves,RS,Sul
1909,26,SKU-248,2026-06-05,9,4,26.23,7498.36,Feira de Santana,BA,Nordeste
1910,1011,SKU-091,2026-03-07,7,1,34.79,960.03,Piracicaba,SP,Sudeste
1911,180,SKU-103,2025-06-14,1,4,19.36,1395.76,Manaus,AM,Norte
1912,359,SKU-040,2026-05-15,11,2,29.72,2297.72,Parintins,AM,Norte
1913,684,SKU-222,2025-10-25,4,4,9.63,3499.68,Passo Fundo,RS,Sul
1914,199,SKU-073,2025-01-19,4,4,20.47,4124.44,Osasco,SP,Sudeste
1915,7,SKU-103,2026-03-31,5,3,8.1,1046.82,Foz do Iguacu,PR,Sul
1916,567,SKU-053,2026-02-26,8,4,31.75,8990.12,Guarapuava,PR,Sul
1917,115,SKU-010,2026-03-22,6,4,20.81,11221.92,Igarassu,PE,Nordeste
1918,11,SKU-144,2025-12-12,5,4,31.8,310.56,Campos dos Goytacazes,RJ,Sudeste
1919,202,SKU-012,2025-12-26,4,3,29.63,7542.93,Santa Maria,RS,Sul
1920,1291,SKU-023,2026-05-31,10,1,32.48,1143.5,Maracanau,CE,Nordeste
1921,1307,SKU-005,2025-02-03,6,2,15.48,2100.12,Porto Seguro,BA,Nordeste
1922,873,SKU-055,2025-09-03,1,4,26.11,6422.56,Maracanau,CE,Nordeste
1923,700,SKU-026,2026-01-23,10,4,25.63,9598.24,Caucaia,CE,Nordeste
1924,929,SKU-215,2026-03-02,11,1,16.14,2170.73,Maues,AM,Norte
1925,43,SKU-219,2025-04-16,6,2,12.88,2380.7,Santos,SP,Sudeste
1926,1372,SKU-075,2025-12-12,5,3,5.71,7884.03,Sorocaba,SP,Sudeste
1927,536,SKU-009,2026-06-04,14,1,24.97,1645.67,Sobradinho,DF,Centro-Oeste
1928,75,SKU-217,2026-05-23,9,4,23.93,152.52,Bento Goncalves,RS,Sul
1929,358,SKU-080,2026-01-22,13,1,16.75,1642.04,Sao Jose dos Campos,SP,Sudeste
1930,954,SKU-073,2025-09-12,1,2,28.17,2062.22,Sao Paulo,SP,Sudeste
1931,519,SKU-075,2025-08-17,15,3,9.72,7884.03,Sao Jose dos Pinhais,PR,Sul
1932,87,SKU-005,2026-05-19,11,3,8.19,3150.18,Recanto das Emas,DF,Centro-Oeste
1933,270,SKU-070,2026-02-28,12,4,9.58,7844.0,Guara,DF,Centro-Oeste
1934,66,SKU-026,2026-01-22,13,2,9.36,4799.12,Ipatinga,MG,Sudeste
1935,173,SKU-104,2025-02-27,3,1,9.98,2586.86,Porto Alegre,RS,Sul
1936,86,SKU-245,2025-10-21,14,1,16.17,2973.61,Quixada,CE,Nordeste
1937,1086,SKU-245,2025-04-15,10,2,15.78,5947.22,Camacari,BA,Nordeste
1938,825,SKU-212,2025-09-26,15,1,32.69,2611.45,Pocos de Caldas,MG,Sudeste
1939,1242,SKU-087,2025-03-13,13,4,17.08,2364.48,Osasco,SP,Sudeste
1940,26,SKU-047,2025-08-11,13,2,19.63,447.14,Coari,AM,Norte
1941,125,SKU-163,2025-02-04,6,4,28.99,3718.56,Jaboatao dos Guararapes,PE,Nordeste
1942,37,SKU-101,2025-11-27,3,3,14.08,942.54,Belo Horizonte,MG,Sudeste
1943,46,SKU-067,2025-06-02,12,3,21.1,6978.3,Caruaru,PE,Nordeste
1944,12,SKU-223,2026-04-18,1,2,18.86,4987.54,Foz do Iguacu,PR,Sul
1945,87,SKU-019,2025-04-23,11,1,25.86,597.29,Garanhuns,PE,Nordeste
1946,531,SKU-032,2025-09-27,7,1,23.13,1852.74,Erechim,RS,Sul
1947,1,SKU-022,2025-01-26,10,3,18.63,3680.73,Cabo Frio,RJ,Sudeste
1948,1050,SKU-032,2025-04-15,3,2,27.01,3705.48,Serra Talhada,PE,Nordeste
1949,1190,SKU-186,2026-05-13,2,4,21.81,1095.28,Santa Maria,RS,Sul
1950,1410,SKU-057,2025-09-26,9,1,13.43,2002.19,Caxias do Sul,RS,Sul
1951,22,SKU-242,2025-04-17,12,3,5.29,7119.99,Feira de Santana,BA,Nordeste
1952,755,SKU-041,2025-11-19,5,1,18.35,2058.61,Brasilia,DF,Centro-Oeste
1953,158,SKU-010,2026-05-30,13,3,17.42,8416.44,Planaltina,DF,Centro-Oeste
1954,6,SKU-232,2026-01-31,9,4,8.0,6781.76,Maues,AM,Norte
1955,78,SKU-006,2025-07-22,5,1,12.88,1044.7,Porto Seguro,BA,Nordeste
1956,161,SKU-033,2025-06-06,5,4,14.84,10369.08,Itapipoca,CE,Nordeste
1957,947,SKU-117,2025-10-02,5,1,11.67,1064.24,Sobral,CE,Nordeste
1958,587,SKU-149,2026-04-06,10,1,23.13,2880.07,Canoas,RS,Sul
1959,23,SKU-059,2026-02-07,2,3,7.67,6033.69,Petrolina,PE,Nordeste
1960,1,SKU-099,2025-01-18,4,2,10.03,3277.76,Crato,CE,Nordeste
1961,1330,SKU-180,2025-02-16,2,3,19.67,2887.35,Caruaru,PE,Nordeste
1962,717,SKU-010,2025-03-25,11,1,34.89,2805.48,Aguas Claras,DF,Centro-Oeste
1963,178,SKU-105,2025-04-07,7,2,14.66,656.18,Recife,PE,Nordeste
1964,1304,SKU-006,2025-03-04,8,3,18.22,3134.1,Tefe,AM,Norte
1965,553,SKU-225,2026-01-23,8,3,20.26,7682.79,Parintins,AM,Norte
1966,1,SKU-167,2025-09-10,15,4,29.24,5854.04,Sao Paulo,SP,Sudeste
1967,1199,SKU-205,2026-04-25,13,1,27.6,394.18,Quixada,CE,Nordeste
1968,1121,SKU-168,2026-05-08,4,3,22.22,4486.92,Sao Jose dos Pinhais,PR,Sul
1969,991,SKU-209,2025-02-07,8,4,20.83,7940.96,Niteroi,RJ,Sudeste
1970,23,SKU-181,2026-03-10,1,1,34.78,1313.54,Sao Jose dos Pinhais,PR,Sul
1971,52,SKU-024,2025-10-02,14,3,13.81,5567.91,Juazeiro,BA,Nordeste
1972,539,SKU-115,2025-10-14,11,2,11.97,3455.64,Coari,AM,Norte
1973,492,SKU-105,2025-12-17,2,3,33.2,984.27,Erechim,RS,Sul
1974,360,SKU-175,2025-01-28,15,2,26.81,5186.96,Itabuna,BA,Nordeste
1975,1,SKU-240,2025-02-26,3,3,23.52,1100.13,Recanto das Emas,DF,Centro-Oeste
1976,236,SKU-104,2025-12-23,8,2,26.58,5173.72,Teresopolis,RJ,Sudeste
1977,642,SKU-117,2025-08-30,14,1,34.83,1064.24,Erechim,RS,Sul
1978,150,SKU-110,2025-06-08,13,3,20.2,1377.63,Contagem,MG,Sudeste
1979,846,SKU-144,2025-12-24,3,4,30.73,310.56,Erechim,RS,Sul
1980,1131,SKU-169,2026-02-02,15,4,24.91,8767.72,Londrina,PR,Sul
1981,1382,SKU-071,2025-07-25,7,1,31.84,1619.81,Itapipoca,CE,Nordeste
1982,305,SKU-009,2026-03-17,8,1,15.96,1645.67,Parintins,AM,Norte
1983,1149,SKU-212,2025-11-24,7,4,23.23,10445.8,Niteroi,RJ,Sudeste
1984,35,SKU-007,2026-02-07,7,2,33.03,4804.48,Ilheus,BA,Nordeste
1985,149,SKU-054,2026-04-04,6,1,8.05,2370.62,Foz do Iguacu,PR,Sul
1986,369,SKU-217,2025-08-25,12,2,12.52,76.26,Ipatinga,MG,Sudeste
1987,1066,SKU-026,2026-02-09,6,4,33.61,9598.24,Taguatinga,DF,Centro-Oeste
1988,168,SKU-155,2025-02-26,1,3,5.72,309.93,Governador Valadares,MG,Sudeste
1989,1,SKU-171,2025-03-24,14,1,25.02,2004.88,Campinas,SP,Sudeste
1990,173,SKU-019,2026-03-02,9,1,30.38,597.29,Maracanau,CE,Nordeste
1991,111,SKU-065,2025-03-25,1,2,33.43,5450.6,Porto Alegre,RS,Sul
1992,691,SKU-143,2026-06-09,14,2,24.65,1839.14,Bento Goncalves,RS,Sul
1993,150,SKU-249,2026-01-20,8,1,27.92,703.45,Tefe,AM,Norte
1994,31,SKU-173,2025-08-12,2,1,6.84,1465.69,Colombo,PR,Sul
1995,380,SKU-228,2026-04-23,6,2,23.84,4826.2,Paulista,PE,Nordeste
1996,799,SKU-018,2025-05-22,3,2,34.63,4549.46,Autazes,AM,Norte
1997,1165,SKU-006,2026-02-25,14,2,27.52,2089.4,Tefe,AM,Norte
1998,136,SKU-124,2026-01-29,3,1,24.14,304.04,Porto Alegre,RS,Sul
1999,63,SKU-068,2025-04-30,4,4,23.23,6792.84,Gravata,PE,Nordeste
2000,163,SKU-161,2025-03-09,1,4,30.43,8703.8,Petrolina,PE,Nordeste
2001,1058,SKU-038,2025-08-19,6,1,26.39,355.73,Pelotas,RS,Sul
2002,37,SKU-231,2025-06-02,7,4,29.15,7976.12,Petropolis,RJ,Sudeste
2003,1189,SKU-062,2026-04-18,6,3,23.15,7467.27,Recanto das Emas,DF,Centro-Oeste
2004,1080,SKU-043,2025-07-10,13,3,10.55,1266.12,Aguas Claras,DF,Centro-Oeste
2005,110,SKU-078,2025-10-13,7,2,29.04,3610.7,Gravata,PE,Nordeste
2006,400,SKU-224,2025-04-29,1,1,14.27,2509.36,Canoas,RS,Sul
2007,286,SKU-007,2025-01-26,14,3,21.86,7206.72,Caucaia,CE,Nordeste
2008,180,SKU-180,2025-12-23,13,1,28.13,962.45,Olinda,PE,Nordeste
2009,362,SKU-123,2025-02-23,12,2,32.67,2492.22,Ceilandia,DF,Centro-Oeste
2010,42,SKU-183,2025-09-30,2,4,33.61,11142.68,Juazeiro do Norte,CE,Nordeste
2011,269,SKU-227,2026-02-11,4,4,26.75,5457.08,Pelotas,RS,Sul
2012,170,SKU-077,2025-03-16,11,1,10.26,2482.43,Juazeiro,BA,Nordeste
2013,589,SKU-146,2026-05-17,4,4,28.09,9549.88,Itapipoca,CE,Nordeste
2014,557,SKU-092,2026-05-16,11,3,27.91,7229.58,Teresopolis,RJ,Sudeste
2015,1008,SKU-066,2026-04-08,8,3,25.47,7858.38,Niteroi,RJ,Sudeste
2016,697,SKU-101,2026-04-12,3,1,11.55,314.18,Tefe,AM,Norte
2017,1389,SKU-101,2026-04-20,9,4,8.12,1256.72,Montes Claros,MG,Sudeste
2018,140,SKU-218,2025-06-14,1,2,11.24,937.96,Osasco,SP,Sudeste
2019,209,SKU-245,2025-09-13,10,1,27.29,2973.61,Itacoatiara,AM,Norte
2020,1396,SKU-161,2025-09-16,13,2,20.34,4351.9,Pelotas,RS,Sul
2021,24,SKU-228,2026-04-29,12,2,7.5,4826.2,Maracanau,CE,Nordeste
2022,287,SKU-091,2025-10-25,3,3,9.48,2880.09,Guarulhos,SP,Sudeste
2023,1,SKU-158,2026-04-05,8,1,21.51,2282.72,Pocos de Caldas,MG,Sudeste
2024,107,SKU-173,2025-03-13,10,4,25.46,5862.76,Ipatinga,MG,Sudeste
2025,743,SKU-196,2025-08-03,12,4,14.79,9339.76,Uberaba,MG,Sudeste
2026,812,SKU-091,2025-12-06,6,1,25.53,960.03,Sao Paulo,SP,Sudeste
2027,1181,SKU-009,2025-04-28,3,3,25.66,4937.01,Maringa,PR,Sul
2028,291,SKU-045,2025-08-01,8,1,5.39,1589.77,Recife,PE,Nordeste
2029,34,SKU-062,2025-11-26,1,1,9.61,2489.09,Manacapuru,AM,Norte
2030,758,SKU-049,2025-10-06,8,2,31.31,203.2,Ponta Grossa,PR,Sul
2031,177,SKU-053,2025-04-28,1,4,28.03,8990.12,Pocos de Caldas,MG,Sudeste
2032,1128,SKU-029,2026-03-02,10,4,11.63,3115.6,Garanhuns,PE,Nordeste
2033,237,SKU-143,2026-04-28,5,3,5.28,2758.71,Porto Alegre,RS,Sul
2034,223,SKU-233,2025-09-16,7,1,33.29,2064.7,Jaboatao dos Guararapes,PE,Nordeste
2035,243,SKU-149,2026-04-21,5,1,5.92,2880.07,Coari,AM,Norte
2036,943,SKU-085,2025-01-29,7,1,14.88,1043.96,Angra dos Reis,RJ,Sudeste
2037,147,SKU-149,2026-02-27,5,2,20.47,5760.14,Taguatinga,DF,Centro-Oeste
2038,19,SKU-092,2025-01-07,10,3,29.54,7229.58,Aguas Claras,DF,Centro-Oeste
2039,507,SKU-181,2026-03-02,6,1,26.92,1313.54,Caxias do Sul,RS,Sul
2040,1058,SKU-182,2025-12-06,3,3,9.79,8443.95,Pelotas,RS,Sul
2041,668,SKU-142,2025-02-19,8,3,20.1,2749.11,Manacapuru,AM,Norte
2042,643,SKU-163,2025-11-08,12,2,15.5,1859.28,Curitiba,PR,Sul
2043,1093,SKU-079,2026-05-24,10,4,10.23,9266.52,Itabuna,BA,Nordeste
2044,212,SKU-198,2025-04-20,14,1,8.47,1433.8,Vitoria da Conquista,BA,Nordeste
2045,171,SKU-130,2026-03-22,9,2,18.89,111.96,Autazes,AM,Norte
2046,56,SKU-011,2025-08-15,10,1,34.5,2137.97,Colombo,PR,Sul
2047,2,SKU-061,2025-01-21,15,3,32.25,5676.03,Camacari,BA,Nordeste
2048,964,SKU-002,2026-04-28,13,1,30.1,2448.26,Jaboatao dos Guararapes,PE,Nordeste
2049,1191,SKU-216,2025-11-13,12,2,10.34,2202.72,Gravatai,RS,Sul
2050,175,SKU-178,2025-10-30,6,3,22.89,6705.87,Belo Horizonte,MG,Sudeste
2051,825,SKU-091,2026-02-21,10,4,14.64,3840.12,Itapipoca,CE,Nordeste
2052,1450,SKU-023,2025-04-20,4,2,28.56,2287.0,Sobradinho,DF,Centro-Oeste
2053,2,SKU-079,2025-12-06,14,4,17.35,9266.52,Ipatinga,MG,Sudeste
2054,105,SKU-197,2025-04-17,10,1,34.92,872.58,Osasco,SP,Sudeste
2055,1439,SKU-218,2026-01-01,15,4,32.35,1875.92,Campinas,SP,Sudeste
2056,195,SKU-238,2025-06-21,7,2,8.49,5897.92,Canoas,RS,Sul
2057,767,SKU-153,2026-01-20,5,1,5.23,1076.87,Manacapuru,AM,Norte
2058,330,SKU-175,2025-03-14,10,2,25.15,5186.96,Sobradinho,DF,Centro-Oeste
2059,585,SKU-059,2025-01-08,12,4,13.42,8044.92,Niteroi,RJ,Sudeste
2060,102,SKU-215,2026-05-06,15,2,19.0,4341.46,Porto Seguro,BA,Nordeste
2061,7,SKU-201,2025-08-14,15,2,20.63,2800.04,Caninde,CE,Nordeste
2062,418,SKU-091,2025-05-30,9,3,27.02,2880.09,Presidente Figueiredo,AM,Norte
2063,250,SKU-167,2025-04-18,7,3,28.28,4390.53,Guara,DF,Centro-Oeste
2064,740,SKU-014,2025-01-09,5,1,19.11,1241.76,Itapipoca,CE,Nordeste
2065,582,SKU-157,2025-11-01,5,3,14.38,5629.98,Cascavel,PR,Sul
2066,24,SKU-247,2025-02-14,3,4,17.09,6207.56,Governador Valadares,MG,Sudeste
2067,237,SKU-198,2025-12-18,14,3,24.63,4301.4,Paranagua,PR,Sul
2068,202,SKU-146,2025-04-22,6,4,5.93,9549.88,Ponta Grossa,PR,Sul
2069,518,SKU-236,2025-08-03,8,3,33.64,1908.48,Brasilia,DF,Centro-Oeste
2070,999,SKU-181,2026-03-16,9,3,20.19,3940.62,Teixeira de Freitas,BA,Nordeste
2071,869,SKU-237,2026-05-24,7,3,17.5,8981.16,Parintins,AM,Norte
2072,356,SKU-080,2025-08-12,1,3,25.32,4926.12,Maracanau,CE,Nordeste
2073,1489,SKU-167,2025-04-11,15,4,18.97,5854.04,Jaboatao dos Guararapes,PE,Nordeste
2074,1277,SKU-164,2025-07-17,9,3,24.73,1815.54,Guarulhos,SP,Sudeste
2075,443,SKU-100,2025-06-10,5,2,10.72,4458.3,Tabatinga,AM,Norte
2076,2,SKU-232,2025-07-13,3,4,22.45,6781.76,Gama,DF,Centro-Oeste
2077,1368,SKU-086,2025-02-14,6,2,11.73,5801.1,Governador Valadares,MG,Sudeste
2078,67,SKU-118,2025-09-01,5,3,25.83,1498.65,Feira de Santana,BA,Nordeste
2079,596,SKU-040,2025-09-26,5,1,10.65,1148.86,Contagem,MG,Sudeste
2080,363,SKU-020,2025-10-27,10,4,28.77,2326.28,Salvador,BA,Nordeste
2081,99,SKU-092,2025-11-18,15,3,15.34,7229.58,Fortaleza,CE,Nordeste
2082,1448,SKU-010,2025-02-11,4,4,8.41,11221.92,Londrina,PR,Sul
2083,276,SKU-080,2025-09-29,2,3,21.91,4926.12,Iguatu,CE,Nordeste
2084,891,SKU-028,2025-09-13,11,1,33.7,1158.5,Ipatinga,MG,Sudeste
2085,816,SKU-202,2025-01-15,2,4,14.75,7101.68,Iguatu,CE,Nordeste
2086,1237,SKU-044,2025-06-03,7,2,24.69,3007.1,Sorocaba,SP,Sudeste
2087,144,SKU-108,2025-12-28,6,2,25.14,4750.16,Foz do Iguacu,PR,Sul
2088,170,SKU-241,2025-12-15,12,3,6.53,1177.89,Caruaru,PE,Nordeste
2089,179,SKU-002,2026-05-27,13,4,19.62,9793.04,Presidente Figueiredo,AM,Norte
2090,690,SKU-237,2025-08-10,14,2,24.38,5987.44,Iguatu,CE,Nordeste
2091,1460,SKU-148,2025-03-05,1,3,25.35,4234.98,Recife,PE,Nordeste
2092,419,SKU-178,2025-09-08,15,4,21.97,8941.16,Governador Valadares,MG,Sudeste
2093,1299,SKU-005,2025-07-08,6,2,9.49,2100.12,Guara,DF,Centro-Oeste
2094,1354,SKU-174,2025-01-24,7,4,8.13,11676.4,Brasilia,DF,Centro-Oeste
2095,634,SKU-235,2026-04-19,11,1,32.53,1982.65,Volta Redonda,RJ,Sudeste
2096,23,SKU-010,2025-02-27,5,2,22.52,5610.96,Santa Maria,RS,Sul
2097,575,SKU-118,2026-03-23,3,4,31.82,1998.2,Campos dos Goytacazes,RJ,Sudeste
2098,807,SKU-142,2025-07-18,12,2,27.65,1832.74,Erechim,RS,Sul
2099,619,SKU-215,2025-03-16,3,2,22.34,4341.46,Serra Talhada,PE,Nordeste
2100,25,SKU-218,2025-12-12,3,2,5.75,937.96,Petropolis,RJ,Sudeste
2101,1273,SKU-011,2025-02-26,11,2,31.53,4275.94,Manacapuru,AM,Norte
2102,336,SKU-192,2025-10-14,5,2,18.62,61.26,Sorocaba,SP,Sudeste
2103,591,SKU-083,2026-05-18,1,4,28.68,10660.8,Itacoatiara,AM,Norte
2104,254,SKU-039,2025-06-12,10,1,33.8,1461.97,Governador Valadares,MG,Sudeste
2105,474,SKU-231,2025-10-26,9,3,17.48,5982.09,Paulista,PE,Nordeste
2106,518,SKU-036,2025-10-05,14,4,17.25,1517.92,Aguas Claras,DF,Centro-Oeste
2107,732,SKU-005,2026-03-13,3,3,18.2,3150.18,Foz do Iguacu,PR,Sul
2108,210,SKU-056,2026-04-09,9,4,25.85,11058.28,Quixada,CE,Nordeste
2109,1237,SKU-067,2025-01-15,7,4,5.11,9304.4,Planaltina,DF,Centro-Oeste
2110,164,SKU-120,2026-04-15,15,1,34.82,2130.1,Petropolis,RJ,Sudeste
2111,581,SKU-129,2026-04-10,9,2,21.37,1122.8,Governador Valadares,MG,Sudeste
2112,9,SKU-154,2025-05-20,5,2,31.81,5953.08,Campos dos Goytacazes,RJ,Sudeste
2113,28,SKU-007,2025-01-02,11,3,10.88,7206.72,Caucaia,CE,Nordeste
2114,414,SKU-109,2025-02-04,9,3,16.62,4612.35,Gravata,PE,Nordeste
2115,1,SKU-052,2025-03-18,14,4,16.34,6768.84,Itapipoca,CE,Nordeste
2116,216,SKU-017,2025-05-28,15,4,22.48,1834.96,Caxias do Sul,RS,Sul
2117,54,SKU-196,2025-09-26,6,2,21.7,4669.88,Itabuna,BA,Nordeste
2118,691,SKU-070,2025-03-27,10,4,28.75,7844.0,Teresopolis,RJ,Sudeste
2119,16,SKU-158,2025-09-25,8,1,20.67,2282.72,Campinas,SP,Sudeste
2120,1,SKU-132,2026-02-14,3,4,31.17,1723.2,Volta Redonda,RJ,Sudeste
2121,5,SKU-120,2025-04-16,5,1,19.14,2130.1,Curitiba,PR,Sul
2122,87,SKU-109,2026-01-17,11,4,22.91,6149.8,Juazeiro do Norte,CE,Nordeste
2123,1253,SKU-106,2025-03-27,1,1,14.83,476.65,Niteroi,RJ,Sudeste
2124,1292,SKU-147,2025-01-01,8,1,25.29,2713.88,Campinas,SP,Sudeste
2125,477,SKU-093,2025-01-29,6,2,5.35,698.32,Santos,SP,Sudeste
2126,676,SKU-145,2026-04-30,3,2,25.58,5199.28,Erechim,RS,Sul
2127,4,SKU-004,2025-06-26,8,4,15.93,11105.68,Recanto das Emas,DF,Centro-Oeste
2128,120,SKU-118,2025-12-08,10,2,31.04,999.1,Paulista,PE,Nordeste
2129,1135,SKU-116,2025-11-13,3,3,29.94,6542.43,Montes Claros,MG,Sudeste
2130,234,SKU-174,2025-09-22,5,2,6.68,5838.2,Campos dos Goytacazes,RJ,Sudeste
2131,25,SKU-200,2025-08-05,15,4,13.75,11817.04,Feira de Santana,BA,Nordeste
2132,1215,SKU-049,2025-09-02,14,4,33.12,406.4,Samambaia,DF,Centro-Oeste
2133,310,SKU-109,2026-02-09,13,4,16.38,6149.8,Campos dos Goytacazes,RJ,Sudeste
2134,1267,SKU-215,2025-11-24,5,3,19.89,6512.19,Angra dos Reis,RJ,Sudeste
2135,552,SKU-012,2026-01-07,9,3,23.46,7542.93,Gravata,PE,Nordeste
2136,14,SKU-070,2025-02-05,7,1,11.34,1961.0,Camacari,BA,Nordeste
2137,52,SKU-189,2025-02-16,1,3,18.33,3357.9,Foz do Iguacu,PR,Sul
2138,493,SKU-148,2026-03-24,6,2,10.48,2823.32,Itabuna,BA,Nordeste
2139,39,SKU-113,2025-04-22,15,1,32.04,1813.29,Rio de Janeiro,RJ,Sudeste
2140,750,SKU-096,2025-03-14,10,3,17.31,3919.53,Gravata,PE,Nordeste
2141,474,SKU-187,2025-11-26,6,2,29.56,2605.54,Nova Iguacu,RJ,Sudeste
2142,1034,SKU-106,2025-05-01,11,2,6.57,953.3,Maracanau,CE,Nordeste
2143,125,SKU-240,2025-01-09,5,1,31.54,366.71,Governador Valadares,MG,Sudeste
2144,44,SKU-158,2026-05-23,9,2,5.26,4565.44,Ilheus,BA,Nordeste
2145,1032,SKU-211,2026-05-11,14,1,26.55,964.92,Uberlandia,MG,Sudeste
2146,874,SKU-073,2026-04-27,8,3,23.27,3093.33,Coari,AM,Norte
2147,152,SKU-002,2025-10-29,8,2,22.52,4896.52,Caucaia,CE,Nordeste
2148,792,SKU-236,2025-09-16,5,4,34.6,2544.64,Uberlandia,MG,Sudeste
2149,291,SKU-118,2025-07-07,6,4,15.08,1998.2,Ribeirao Preto,SP,Sudeste
2150,971,SKU-160,2025-07-05,15,4,18.38,11203.4,Serra Talhada,PE,Nordeste
2151,395,SKU-167,2026-04-11,5,4,33.22,5854.04,Ilheus,BA,Nordeste
2152,176,SKU-067,2026-04-08,1,3,33.99,6978.3,Santa Maria,RS,Sul
2153,26,SKU-157,2025-05-20,10,2,17.48,3753.32,Sorocaba,SP,Sudeste
2154,298,SKU-179,2026-04-10,4,3,24.9,2250.63,Teresopolis,RJ,Sudeste
2155,106,SKU-230,2025-09-13,5,1,8.33,1812.73,Colombo,PR,Sul
2156,940,SKU-123,2025-09-06,2,4,26.56,4984.44,Porto Seguro,BA,Nordeste
2157,1277,SKU-018,2026-01-04,12,4,21.63,9098.92,Olinda,PE,Nordeste
2158,33,SKU-236,2025-09-03,11,1,33.98,636.16,Fortaleza,CE,Nordeste
2159,277,SKU-158,2025-09-16,7,1,30.99,2282.72,Caxias do Sul,RS,Sul
2160,4,SKU-181,2025-05-14,4,4,24.07,5254.16,Ponta Grossa,PR,Sul
2161,7,SKU-215,2026-03-27,9,2,29.25,4341.46,Caucaia,CE,Nordeste
2162,271,SKU-167,2025-06-15,4,3,13.95,4390.53,Porto Seguro,BA,Nordeste
2163,1121,SKU-205,2025-04-18,12,2,23.77,788.36,Bento Goncalves,RS,Sul
2164,2,SKU-140,2025-07-10,7,4,21.19,3107.0,Sao Bernardo do Campo,SP,Sudeste
2165,14,SKU-179,2025-11-02,9,3,23.68,2250.63,Tabatinga,AM,Norte
2166,255,SKU-060,2025-12-29,9,4,14.78,6219.0,Londrina,PR,Sul
2167,1302,SKU-043,2025-06-30,12,3,9.19,1266.12,Pocos de Caldas,MG,Sudeste
2168,452,SKU-111,2025-02-12,7,3,30.03,7111.71,Planaltina,DF,Centro-Oeste
2169,535,SKU-183,2025-11-14,5,2,21.11,5571.34,Pocos de Caldas,MG,Sudeste
2170,317,SKU-010,2025-12-03,14,2,6.33,5610.96,Nova Iguacu,RJ,Sudeste
2171,695,SKU-209,2026-04-17,12,1,28.78,1985.24,Contagem,MG,Sudeste
2172,46,SKU-005,2025-08-01,5,4,33.34,4200.24,Tefe,AM,Norte
2173,31,SKU-114,2026-05-08,3,4,9.09,8407.28,Tabatinga,AM,Norte
2174,347,SKU-136,2026-04-19,1,4,34.45,126.8,Pelotas,RS,Sul
2175,398,SKU-234,2026-05-10,2,4,21.83,365.8,Paranagua,PR,Sul
2176,1375,SKU-002,2026-02-21,5,2,24.98,4896.52,Canoas,RS,Sul
2177,623,SKU-089,2026-01-13,4,4,12.28,6861.36,Olinda,PE,Nordeste
2178,1368,SKU-034,2026-04-09,5,4,24.33,6084.64,Sao Paulo,SP,Sudeste
2179,177,SKU-087,2026-01-01,4,4,11.55,2364.48,Ipatinga,MG,Sudeste
2180,845,SKU-172,2025-05-10,5,2,21.52,3587.48,Fortaleza,CE,Nordeste
2181,766,SKU-202,2025-09-18,6,1,27.9,1775.42,Montes Claros,MG,Sudeste
2182,184,SKU-233,2026-02-25,11,2,34.43,4129.4,Quixada,CE,Nordeste
2183,5,SKU-027,2025-04-17,14,4,19.3,8300.48,Autazes,AM,Norte
2184,1369,SKU-093,2026-03-08,9,3,16.99,1047.48,Maracanau,CE,Nordeste
2185,243,SKU-202,2025-12-18,9,4,23.26,7101.68,Cascavel,PR,Sul
2186,689,SKU-230,2025-09-28,3,4,19.98,7250.92,Canoas,RS,Sul
2187,772,SKU-160,2025-03-14,6,2,13.5,5601.7,Gama,DF,Centro-Oeste
2188,443,SKU-236,2026-03-25,4,1,5.32,636.16,Olinda,PE,Nordeste
2189,701,SKU-068,2025-11-17,1,3,33.77,5094.63,Petrolina,PE,Nordeste
2190,372,SKU-007,2025-11-27,4,2,6.77,4804.48,Belo Horizonte,MG,Sudeste
2191,1115,SKU-063,2026-06-08,8,1,25.81,2615.89,Bento Goncalves,RS,Sul
2192,18,SKU-195,2026-01-20,7,2,21.33,445.76,Gravatai,RS,Sul
2193,468,SKU-014,2025-11-25,6,1,6.15,1241.76,Campinas,SP,Sudeste
2194,1014,SKU-053,2026-04-14,7,3,30.13,6742.59,Gravatai,RS,Sul
2195,329,SKU-034,2026-04-06,6,4,9.97,6084.64,Caucaia,CE,Nordeste
2196,1291,SKU-094,2026-03-18,6,3,18.88,6208.71,Planaltina,DF,Centro-Oeste
2197,1387,SKU-088,2025-12-18,6,3,34.29,8418.63,Sorocaba,SP,Sudeste
2198,1211,SKU-062,2026-02-01,2,2,21.89,4978.18,Angra dos Reis,RJ,Sudeste
2199,148,SKU-094,2025-10-21,3,1,21.77,2069.57,Gama,DF,Centro-Oeste
2200,726,SKU-034,2026-01-11,15,2,29.27,3042.32,Guarulhos,SP,Sudeste
2201,684,SKU-136,2026-05-28,11,2,28.25,63.4,Campos dos Goytacazes,RJ,Sudeste
2202,160,SKU-224,2025-03-10,5,2,7.78,5018.72,Teixeira de Freitas,BA,Nordeste
2203,769,SKU-082,2025-06-02,8,1,29.11,763.67,Santos,SP,Sudeste
2204,610,SKU-196,2025-09-26,3,4,11.07,9339.76,Autazes,AM,Norte
2205,147,SKU-015,2025-07-13,12,3,25.5,5827.17,Pelotas,RS,Sul
2206,1321,SKU-202,2025-06-22,12,3,31.34,5326.26,Curitiba,PR,Sul
2207,752,SKU-150,2025-07-25,5,4,12.01,4563.56,Piracicaba,SP,Sudeste
2208,17,SKU-205,2025-04-01,8,1,15.85,394.18,Montes Claros,MG,Sudeste
2209,504,SKU-150,2025-03-04,15,1,13.47,1140.89,Itapipoca,CE,Nordeste
2210,107,SKU-035,2025-08-31,2,2,14.75,5554.38,Recife,PE,Nordeste
2211,474,SKU-153,2025-03-31,5,1,11.12,1076.87,Ponta Grossa,PR,Sul
2212,972,SKU-182,2026-01-11,13,4,7.06,11258.6,Erechim,RS,Sul
2213,718,SKU-111,2025-06-30,3,4,17.83,9482.28,Jaboatao dos Guararapes,PE,Nordeste
2214,380,SKU-075,2025-05-12,13,1,28.04,2628.01,Belo Horizonte,MG,Sudeste
2215,49,SKU-023,2025-07-28,5,1,34.82,1143.5,Campinas,SP,Sudeste
2216,540,SKU-079,2025-02-05,9,2,23.54,4633.26,Brasilia,DF,Centro-Oeste
2217,460,SKU-136,2025-03-13,3,4,25.32,126.8,Foz do Iguacu,PR,Sul
2218,62,SKU-212,2025-04-21,4,1,20.39,2611.45,Nova Iguacu,RJ,Sudeste
2219,167,SKU-247,2025-07-31,13,1,18.27,1551.89,Contagem,MG,Sudeste
2220,293,SKU-221,2026-02-13,15,4,6.62,7140.8,Londrina,PR,Sul
2221,366,SKU-003,2025-08-11,5,1,23.55,2885.32,Maues,AM,Norte
2222,4,SKU-209,2025-01-31,1,1,12.18,1985.24,Pelotas,RS,Sul
2223,885,SKU-064,2025-10-06,8,3,22.77,6563.07,Recife,PE,Nordeste
2224,13,SKU-229,2026-05-02,6,4,15.35,6080.8,Quixada,CE,Nordeste
2225,857,SKU-040,2026-01-02,13,4,9.56,4595.44,Campos dos Goytacazes,RJ,Sudeste
2226,847,SKU-031,2026-02-08,12,1,30.06,988.93,Caninde,CE,Nordeste
2227,13,SKU-167,2025-02-26,4,3,28.12,4390.53,Fortaleza,CE,Nordeste
2228,876,SKU-147,2026-01-24,1,2,6.81,5427.76,Igarassu,PE,Nordeste
2229,2,SKU-153,2025-10-15,11,4,32.42,4307.48,Garanhuns,PE,Nordeste
2230,562,SKU-221,2025-05-21,1,2,11.55,3570.4,Fortaleza,CE,Nordeste
2231,379,SKU-191,2025-11-22,14,1,28.44,326.91,Guara,DF,Centro-Oeste
2232,1255,SKU-071,2025-02-19,5,4,10.94,6479.24,Contagem,MG,Sudeste
2233,80,SKU-008,2026-02-20,5,3,31.69,6266.55,Sobral,CE,Nordeste
2234,1172,SKU-139,2025-07-17,12,2,12.3,3656.78,Lauro de Freitas,BA,Nordeste
2235,1,SKU-148,2026-05-20,14,2,9.26,2823.32,Camacari,BA,Nordeste
2236,732,SKU-176,2026-01-18,14,3,27.28,7070.79,Juazeiro,BA,Nordeste
2237,25,SKU-159,2025-04-28,9,4,28.45,9378.16,Santa Maria,RS,Sul
2238,1122,SKU-200,2025-08-29,9,4,19.87,11817.04,Manacapuru,AM,Norte
2239,769,SKU-051,2026-02-10,1,2,9.36,456.9,Bento Goncalves,RS,Sul
2240,4,SKU-178,2025-08-30,5,4,12.66,8941.16,Camacari,BA,Nordeste
2241,270,SKU-231,2025-10-08,7,4,27.14,7976.12,Londrina,PR,Sul
2242,90,SKU-197,2025-04-01,8,2,6.16,1745.16,Caxias do Sul,RS,Sul
2243,179,SKU-228,2025-06-22,5,4,19.42,9652.4,Campinas,SP,Sudeste
2244,206,SKU-078,2025-01-05,13,1,8.33,1805.35,Cascavel,PR,Sul
2245,14,SKU-113,2025-07-02,15,1,26.2,1813.29,Novo Hamburgo,RS,Sul
2246,11,SKU-107,2026-01-26,14,1,8.06,1637.56,Recife,PE,Nordeste
2247,68,SKU-097,2025-03-19,12,1,20.49,1080.05,Governador Valadares,MG,Sudeste
2248,851,SKU-201,2025-12-07,6,3,15.19,4200.06,Guarapuava,PR,Sul
2249,1247,SKU-045,2026-02-12,8,2,16.39,3179.54,Ponta Grossa,PR,Sul
2250,321,SKU-069,2025-01-28,5,2,13.7,3869.92,Foz do Iguacu,PR,Sul
2251,1477,SKU-217,2025-12-29,4,4,28.64,152.52,Sao Paulo,SP,Sudeste
2252,1478,SKU-218,2025-03-30,3,1,23.03,468.98,Olinda,PE,Nordeste
2253,384,SKU-039,2025-08-14,11,4,29.0,5847.88,Sobral,CE,Nordeste
2254,30,SKU-026,2026-04-01,9,2,16.72,4799.12,Manacapuru,AM,Norte
2255,216,SKU-202,2025-02-26,13,3,30.13,5326.26,Fortaleza,CE,Nordeste
2256,528,SKU-067,2025-01-31,9,1,17.19,2326.1,Salvador,BA,Nordeste
2257,25,SKU-049,2026-02-26,5,3,30.68,304.8,Sao Jose dos Campos,SP,Sudeste
2258,1008,SKU-161,2025-09-15,1,3,10.66,6527.85,Quixada,CE,Nordeste
2259,2,SKU-108,2025-06-26,6,4,32.84,9500.32,Lauro de Freitas,BA,Nordeste
2260,1158,SKU-032,2025-11-09,5,2,22.82,3705.48,Ilheus,BA,Nordeste
2261,577,SKU-100,2026-03-15,14,3,13.81,6687.45,Angra dos Reis,RJ,Sudeste
2262,737,SKU-249,2025-12-29,9,4,8.91,2813.8,Vitoria da Conquista,BA,Nordeste
2263,1,SKU-004,2025-04-25,4,4,34.01,11105.68,Angra dos Reis,RJ,Sudeste
2264,122,SKU-119,2025-10-19,11,3,22.55,413.37,Gravatai,RS,Sul
2265,27,SKU-105,2025-08-06,15,2,29.7,656.18,Petrolina,PE,Nordeste
2266,816,SKU-156,2026-05-14,2,1,25.61,1361.63,Sao Paulo,SP,Sudeste
2267,311,SKU-120,2025-04-16,11,2,25.49,4260.2,Planaltina,DF,Centro-Oeste
2268,659,SKU-115,2026-02-19,14,1,27.13,1727.82,Porto Alegre,RS,Sul
2269,121,SKU-200,2025-11-05,11,3,7.7,8862.78,Maringa,PR,Sul
2270,759,SKU-164,2025-09-09,4,3,26.41,1815.54,Pocos de Caldas,MG,Sudeste
2271,628,SKU-124,2025-06-23,10,4,26.39,1216.16,Igarassu,PE,Nordeste
2272,1482,SKU-032,2025-08-02,7,1,32.55,1852.74,Paulista,PE,Nordeste
2273,124,SKU-117,2026-04-29,9,1,29.84,1064.24,Camacari,BA,Nordeste
2274,32,SKU-187,2025-03-08,5,4,33.79,5211.08,Presidente Figueiredo,AM,Norte
2275,12,SKU-185,2025-01-03,7,4,26.83,2011.2,Niteroi,RJ,Sudeste
2276,28,SKU-077,2026-02-15,10,3,12.64,7447.29,Niteroi,RJ,Sudeste
2277,1107,SKU-062,2025-03-03,12,4,15.9,9956.36,Maringa,PR,Sul
2278,894,SKU-224,2026-05-17,14,2,33.79,5018.72,Autazes,AM,Norte
2279,650,SKU-087,2025-07-09,9,2,19.91,1182.24,Sobral,CE,Nordeste
2280,696,SKU-249,2026-05-23,9,4,5.14,2813.8,Caninde,CE,Nordeste
2281,1187,SKU-162,2025-05-31,3,3,12.27,5586.36,Feira de Santana,BA,Nordeste
2282,16,SKU-167,2025-02-01,10,2,27.65,2927.02,Igarassu,PE,Nordeste
2283,1418,SKU-016,2026-02-23,9,4,17.36,127.08,Santos,SP,Sudeste
2284,292,SKU-234,2025-07-28,2,2,29.87,182.9,Teixeira de Freitas,BA,Nordeste
2285,266,SKU-104,2025-05-17,4,1,28.06,2586.86,Sao Paulo,SP,Sudeste
2286,712,SKU-191,2026-04-29,8,1,29.96,326.91,Brasilia,DF,Centro-Oeste
2287,6,SKU-063,2026-05-15,15,1,20.83,2615.89,Tefe,AM,Norte
2288,776,SKU-196,2026-03-22,10,2,9.93,4669.88,Fortaleza,CE,Nordeste
2289,1396,SKU-228,2025-08-29,11,3,20.14,7239.3,Taguatinga,DF,Centro-Oeste
2290,737,SKU-112,2026-05-19,10,3,21.22,2532.6,Olinda,PE,Nordeste
2291,266,SKU-016,2026-05-02,7,3,25.2,95.31,Foz do Iguacu,PR,Sul
2292,163,SKU-035,2026-03-14,13,4,16.86,11108.76,Londrina,PR,Sul
2293,550,SKU-042,2026-05-30,8,1,18.4,2111.32,Planaltina,DF,Centro-Oeste
2294,355,SKU-090,2025-01-04,13,1,10.81,2945.64,Vitoria da Conquista,BA,Nordeste
2295,41,SKU-048,2026-03-24,4,2,16.92,2443.88,Porto Alegre,RS,Sul
2296,30,SKU-191,2026-02-03,4,3,15.36,980.73,Teixeira de Freitas,BA,Nordeste
2297,98,SKU-157,2025-02-03,12,4,27.6,7506.64,Curitiba,PR,Sul
2298,231,SKU-086,2025-03-30,5,4,20.45,11602.2,Juiz de Fora,MG,Sudeste
2299,339,SKU-191,2026-05-06,4,3,8.67,980.73,Camacari,BA,Nordeste
2300,363,SKU-163,2025-01-26,7,1,26.6,929.64,Itabuna,BA,Nordeste
2301,796,SKU-197,2026-02-22,4,2,10.82,1745.16,Iguatu,CE,Nordeste
2302,81,SKU-067,2025-05-13,3,2,20.98,4652.2,Porto Seguro,BA,Nordeste
2303,907,SKU-198,2025-08-25,11,4,9.19,5735.2,Passo Fundo,RS,Sul
2304,55,SKU-087,2025-08-01,14,1,6.06,591.12,Passo Fundo,RS,Sul
2305,892,SKU-179,2025-02-24,3,1,21.3,750.21,Planaltina,DF,Centro-Oeste
2306,657,SKU-065,2025-02-04,4,2,27.29,5450.6,Ribeirao Preto,SP,Sudeste
2307,64,SKU-228,2025-07-21,4,1,23.97,2413.1,Autazes,AM,Norte
2308,441,SKU-094,2026-02-13,11,1,8.84,2069.57,Caninde,CE,Nordeste
2309,1279,SKU-069,2026-04-21,13,2,18.2,3869.92,Sobradinho,DF,Centro-Oeste
2310,770,SKU-161,2026-01-16,11,1,19.33,2175.95,Serra Talhada,PE,Nordeste
2311,237,SKU-005,2026-01-31,5,3,16.09,3150.18,Ilheus,BA,Nordeste
2312,806,SKU-177,2025-05-28,8,1,16.03,2780.37,Manacapuru,AM,Norte
2313,592,SKU-041,2026-03-22,11,3,5.9,6175.83,Pelotas,RS,Sul
2314,1027,SKU-051,2026-03-15,9,3,23.5,685.35,Maringa,PR,Sul
2315,1477,SKU-055,2025-02-08,8,2,23.1,3211.28,Recanto das Emas,DF,Centro-Oeste
2316,1257,SKU-174,2025-08-11,4,2,7.41,5838.2,Salvador,BA,Nordeste
2317,49,SKU-153,2026-06-07,13,3,27.73,3230.61,Paulista,PE,Nordeste
2318,211,SKU-021,2025-01-31,7,2,14.95,2748.44,Garanhuns,PE,Nordeste
2319,1160,SKU-189,2026-02-19,5,1,17.1,1119.3,Maracanau,CE,Nordeste
2320,381,SKU-121,2025-04-06,7,3,29.87,796.17,Sobradinho,DF,Centro-Oeste
2321,102,SKU-144,2026-01-02,9,1,31.72,77.64,Sao Jose dos Campos,SP,Sudeste
2322,181,SKU-080,2025-05-31,6,4,16.43,6568.16,Uberlandia,MG,Sudeste
2323,200,SKU-195,2026-02-15,4,2,32.23,445.76,Sobral,CE,Nordeste
2324,506,SKU-107,2025-08-22,1,3,23.45,4912.68,Planaltina,DF,Centro-Oeste
2325,70,SKU-145,2025-12-23,6,3,28.64,7798.92,Guarapuava,PR,Sul
2326,299,SKU-170,2026-01-12,8,2,7.23,3377.9,Osasco,SP,Sudeste
2327,81,SKU-014,2025-06-03,4,1,5.47,1241.76,Ipatinga,MG,Sudeste
2328,230,SKU-097,2025-08-15,4,2,15.53,2160.1,Igarassu,PE,Nordeste
2329,789,SKU-212,2025-07-10,15,2,33.41,5222.9,Santa Maria,RS,Sul
2330,397,SKU-069,2025-08-07,13,1,17.78,1934.96,Recife,PE,Nordeste
2331,19,SKU-032,2025-02-04,7,1,14.07,1852.74,Tefe,AM,Norte
2332,789,SKU-187,2025-01-24,5,4,11.24,5211.08,Governador Valadares,MG,Sudeste
2333,151,SKU-194,2026-04-04,10,2,24.93,5030.88,Tabatinga,AM,Norte
2334,211,SKU-241,2025-10-14,13,1,19.53,392.63,Recife,PE,Nordeste
2335,1008,SKU-172,2025-01-24,15,2,19.87,3587.48,Petrolina,PE,Nordeste
2336,1323,SKU-182,2026-01-10,14,1,5.43,2814.65,Teixeira de Freitas,BA,Nordeste
2337,102,SKU-070,2026-03-05,15,4,33.84,7844.0,Cascavel,PR,Sul
2338,380,SKU-055,2025-08-28,3,4,28.04,6422.56,Sorocaba,SP,Sudeste
2339,391,SKU-147,2025-01-31,9,3,16.67,8141.64,Feira de Santana,BA,Nordeste
2340,64,SKU-139,2025-11-07,15,4,18.28,7313.56,Sobradinho,DF,Centro-Oeste
2341,863,SKU-129,2025-08-31,1,4,13.2,2245.6,Foz do Iguacu,PR,Sul
2342,565,SKU-104,2026-06-05,7,3,23.57,7760.58,Manaus,AM,Norte
2343,45,SKU-083,2025-03-01,11,2,12.19,5330.4,Presidente Figueiredo,AM,Norte
2344,539,SKU-173,2026-02-04,5,3,16.8,4397.07,Taguatinga,DF,Centro-Oeste
2345,1302,SKU-077,2025-08-26,6,3,12.53,7447.29,Serra Talhada,PE,Nordeste
2346,55,SKU-029,2025-07-11,14,1,25.58,778.9,Recife,PE,Nordeste
2347,93,SKU-116,2025-03-07,6,1,20.63,2180.81,Sao Jose dos Campos,SP,Sudeste
2348,1136,SKU-108,2025-10-25,13,4,17.81,9500.32,Sao Jose dos Pinhais,PR,Sul
2349,9,SKU-123,2026-02-17,12,3,18.24,3738.33,Iguatu,CE,Nordeste
2350,1258,SKU-032,2025-03-25,13,4,7.43,7410.96,Uberlandia,MG,Sudeste
2351,184,SKU-194,2025-09-01,13,4,25.96,10061.76,Camacari,BA,Nordeste
2352,265,SKU-129,2025-03-13,6,1,6.27,561.4,Londrina,PR,Sul
2353,422,SKU-057,2025-08-09,12,2,16.18,4004.38,Tefe,AM,Norte
2354,779,SKU-103,2025-01-02,6,1,29.45,348.94,Tabatinga,AM,Norte
2355,853,SKU-197,2025-01-27,13,2,22.58,1745.16,Maracanau,CE,Nordeste
2356,418,SKU-028,2025-02-01,14,1,10.53,1158.5,Foz do Iguacu,PR,Sul
2357,340,SKU-247,2025-04-05,10,3,21.77,4655.67,Jaboatao dos Guararapes,PE,Nordeste
2358,143,SKU-146,2025-04-29,15,2,32.4,4774.94,Salvador,BA,Nordeste
2359,204,SKU-031,2025-04-08,9,2,30.0,1977.86,Aguas Claras,DF,Centro-Oeste
2360,302,SKU-129,2026-03-20,1,4,7.3,2245.6,Osasco,SP,Sudeste
2361,632,SKU-157,2025-06-01,1,2,26.21,3753.32,Tabatinga,AM,Norte
2362,375,SKU-234,2025-04-14,4,4,7.51,365.8,Samambaia,DF,Centro-Oeste
2363,1000,SKU-020,2025-07-19,1,3,22.29,1744.71,Juiz de Fora,MG,Sudeste
2364,489,SKU-242,2025-09-29,14,1,24.97,2373.33,Passo Fundo,RS,Sul
2365,699,SKU-240,2026-04-28,7,4,15.9,1466.84,Tabatinga,AM,Norte
2366,44,SKU-115,2025-09-19,12,1,16.66,1727.82,Niteroi,RJ,Sudeste
2367,1269,SKU-243,2025-07-05,11,4,28.67,11345.88,Belo Horizonte,MG,Sudeste
2368,89,SKU-016,2026-02-02,8,3,33.3,95.31,Paulista,PE,Nordeste
2369,694,SKU-044,2025-04-23,9,1,21.63,1503.55,Campinas,SP,Sudeste
2370,15,SKU-032,2025-05-15,15,2,31.24,3705.48,Recanto das Emas,DF,Centro-Oeste
2371,84,SKU-016,2025-07-06,10,3,15.72,95.31,Maues,AM,Norte
2372,791,SKU-035,2025-03-02,13,4,28.64,11108.76,Caxias do Sul,RS,Sul
2373,133,SKU-170,2025-12-16,14,4,21.65,6755.8,Presidente Figueiredo,AM,Norte
2374,1006,SKU-217,2025-01-21,14,4,24.0,152.52,Aguas Claras,DF,Centro-Oeste
2375,464,SKU-248,2025-10-23,2,3,5.93,5623.77,Uberlandia,MG,Sudeste
2376,37,SKU-013,2025-08-11,13,4,5.18,7923.88,Campos dos Goytacazes,RJ,Sudeste
2377,124,SKU-027,2025-01-14,15,3,12.65,6225.36,Recife,PE,Nordeste
2378,454,SKU-020,2026-05-27,5,1,12.7,581.57,Manacapuru,AM,Norte
2379,285,SKU-084,2025-09-27,14,3,21.98,4405.5,Salvador,BA,Nordeste
2380,259,SKU-152,2025-12-07,5,1,17.42,1552.31,Ipatinga,MG,Sudeste
2381,187,SKU-111,2025-08-14,5,3,22.14,7111.71,Guarulhos,SP,Sudeste
2382,37,SKU-071,2025-03-22,5,3,9.29,4859.43,Brasilia,DF,Centro-Oeste
2383,591,SKU-117,2026-03-30,5,4,10.37,4256.96,Bento Goncalves,RS,Sul
2384,324,SKU-193,2026-02-04,1,1,31.34,2477.85,Itabuna,BA,Nordeste
2385,19,SKU-241,2025-10-20,8,4,9.17,1570.52,Jaboatao dos Guararapes,PE,Nordeste
2386,1469,SKU-173,2026-01-20,13,3,22.47,4397.07,Santos,SP,Sudeste
2387,1390,SKU-100,2025-05-13,13,4,33.72,8916.6,Niteroi,RJ,Sudeste
2388,242,SKU-036,2026-02-13,10,4,5.24,1517.92,Santa Maria,RS,Sul
2389,423,SKU-070,2026-02-14,7,4,19.49,7844.0,Campinas,SP,Sudeste
2390,218,SKU-041,2026-05-25,3,4,29.65,8234.44,Curitiba,PR,Sul
2391,10,SKU-094,2026-05-25,3,2,11.19,4139.14,Montes Claros,MG,Sudeste
2392,124,SKU-247,2025-07-27,1,3,9.54,4655.67,Recife,PE,Nordeste
2393,422,SKU-191,2025-11-13,2,4,31.36,1307.64,Juazeiro do Norte,CE,Nordeste
2394,210,SKU-218,2025-02-27,15,3,28.18,1406.94,Sorocaba,SP,Sudeste
2395,815,SKU-059,2025-12-05,9,2,28.03,4022.46,Caxias do Sul,RS,Sul
2396,123,SKU-236,2026-02-28,5,1,14.88,636.16,Samambaia,DF,Centro-Oeste
2397,674,SKU-063,2025-06-03,10,2,26.77,5231.78,Rio de Janeiro,RJ,Sudeste
2398,16,SKU-038,2025-10-05,13,3,31.67,1067.19,Caxias do Sul,RS,Sul
2399,1004,SKU-233,2025-03-18,9,3,30.86,6194.1,Maues,AM,Norte
2400,84,SKU-178,2025-07-21,13,4,31.28,8941.16,Itapipoca,CE,Nordeste
2401,458,SKU-177,2025-11-08,7,1,27.69,2780.37,Niteroi,RJ,Sudeste
2402,1303,SKU-038,2025-08-22,14,1,11.51,355.73,Recanto das Emas,DF,Centro-Oeste
2403,709,SKU-191,2025-03-24,7,1,24.59,326.91,Piracicaba,SP,Sudeste
2404,42,SKU-080,2025-06-16,13,4,15.31,6568.16,Caninde,CE,Nordeste
2405,584,SKU-207,2026-03-22,8,2,25.38,2381.32,Camacari,BA,Nordeste
2406,320,SKU-073,2025-12-22,9,2,17.51,2062.22,Colombo,PR,Sul
2407,1358,SKU-037,2025-07-20,5,4,29.72,10260.24,Montes Claros,MG,Sudeste
2408,143,SKU-048,2025-05-12,15,3,11.08,3665.82,Niteroi,RJ,Sudeste
2409,340,SKU-135,2025-07-11,6,1,14.93,1931.2,Santa Maria,RS,Sul
2410,214,SKU-142,2025-07-11,7,4,9.77,3665.48,Paranagua,PR,Sul
2411,350,SKU-098,2026-01-23,8,1,20.97,683.02,Autazes,AM,Norte
2412,146,SKU-181,2026-05-28,11,4,7.37,5254.16,Belo Horizonte,MG,Sudeste
2413,349,SKU-054,2025-03-15,6,2,26.5,4741.24,Gravata,PE,Nordeste
2414,561,SKU-027,2026-01-16,8,2,16.88,4150.24,Rio de Janeiro,RJ,Sudeste
2415,1070,SKU-183,2025-03-26,1,3,28.71,8357.01,Ponta Grossa,PR,Sul
2416,619,SKU-032,2025-01-16,3,4,7.45,7410.96,Foz do Iguacu,PR,Sul
2417,538,SKU-223,2026-01-27,5,3,15.58,7481.31,Sobral,CE,Nordeste
2418,1306,SKU-055,2025-03-12,4,4,7.9,6422.56,Volta Redonda,RJ,Sudeste
2419,88,SKU-063,2025-10-11,8,4,9.94,10463.56,Serra Talhada,PE,Nordeste
2420,3,SKU-007,2025-02-16,5,2,28.75,4804.48,Ponta Grossa,PR,Sul
2421,149,SKU-154,2026-05-24,14,3,27.17,8929.62,Tabatinga,AM,Norte
2422,471,SKU-106,2025-03-12,7,1,30.14,476.65,Caninde,CE,Nordeste
2423,8,SKU-182,2025-05-14,8,1,15.99,2814.65,Taguatinga,DF,Centro-Oeste
2424,566,SKU-056,2026-04-13,3,4,34.33,11058.28,Bento Goncalves,RS,Sul
2425,376,SKU-074,2025-02-16,3,2,11.43,3130.96,Juiz de Fora,MG,Sudeste
2426,89,SKU-155,2025-11-26,5,3,21.7,309.93,Fortaleza,CE,Nordeste
2427,319,SKU-176,2025-05-01,13,3,26.96,7070.79,Manacapuru,AM,Norte
2428,249,SKU-119,2025-11-14,1,4,19.15,551.16,Sobral,CE,Nordeste
2429,330,SKU-057,2026-02-17,1,4,17.33,8008.76,Porto Seguro,BA,Nordeste
2430,1,SKU-248,2026-04-06,14,4,33.87,7498.36,Juiz de Fora,MG,Sudeste
2431,1478,SKU-219,2025-06-08,3,1,30.96,1190.35,Pocos de Caldas,MG,Sudeste
2432,28,SKU-213,2025-08-06,8,4,30.96,5904.32,Itacoatiara,AM,Norte
2433,477,SKU-067,2026-03-27,4,2,17.8,4652.2,Erechim,RS,Sul
2434,68,SKU-003,2025-11-03,3,3,24.32,8655.96,Serra Talhada,PE,Nordeste
2435,671,SKU-010,2026-02-16,15,4,24.8,11221.92,Recife,PE,Nordeste
2436,123,SKU-091,2025-08-26,4,1,10.45,960.03,Cascavel,PR,Sul
2437,1496,SKU-134,2025-10-11,14,1,8.37,759.99,Coari,AM,Norte
2438,965,SKU-090,2025-04-11,1,2,34.01,5891.28,Uberlandia,MG,Sudeste
2439,1150,SKU-192,2025-08-29,13,4,21.72,122.52,Angra dos Reis,RJ,Sudeste
2440,763,SKU-079,2025-08-19,2,4,12.57,9266.52,Parintins,AM,Norte
2441,725,SKU-187,2025-12-13,10,3,32.77,3908.31,Tabatinga,AM,Norte
2442,1307,SKU-043,2025-03-17,4,2,19.99,844.08,Caxias do Sul,RS,Sul
2443,884,SKU-105,2025-07-18,8,4,15.09,1312.36,Juazeiro do Norte,CE,Nordeste
2444,254,SKU-110,2026-05-20,6,4,19.64,1836.84,Samambaia,DF,Centro-Oeste
2445,942,SKU-109,2025-03-15,8,2,30.0,3074.9,Londrina,PR,Sul
2446,110,SKU-153,2025-03-16,9,3,11.6,3230.61,Manaus,AM,Norte
2447,651,SKU-205,2025-11-01,4,2,17.97,788.36,Juazeiro do Norte,CE,Nordeste
2448,70,SKU-156,2025-01-14,14,4,30.49,5446.52,Volta Redonda,RJ,Sudeste
2449,3,SKU-025,2025-03-18,5,1,11.72,979.31,Volta Redonda,RJ,Sudeste
2450,429,SKU-001,2025-11-12,5,3,10.5,3669.84,Novo Hamburgo,RS,Sul
2451,388,SKU-041,2025-03-18,2,3,34.78,6175.83,Brasilia,DF,Centro-Oeste
2452,1,SKU-186,2026-02-08,14,1,29.01,273.82,Petrolina,PE,Nordeste
2453,332,SKU-156,2025-01-19,2,3,30.18,4084.89,Recanto das Emas,DF,Centro-Oeste
2454,189,SKU-232,2026-05-08,8,2,20.91,3390.88,Sao Bernardo do Campo,SP,Sudeste
2455,578,SKU-147,2026-01-26,3,4,24.99,10855.52,Igarassu,PE,Nordeste
2456,1436,SKU-150,2026-02-08,8,1,6.35,1140.89,Contagem,MG,Sudeste
2457,58,SKU-079,2025-08-18,10,2,6.71,4633.26,Tefe,AM,Norte
2458,495,SKU-041,2025-10-01,11,3,23.61,6175.83,Caucaia,CE,Nordeste
2459,1077,SKU-166,2026-01-08,4,3,32.45,8920.05,Itapipoca,CE,Nordeste
2460,45,SKU-225,2026-05-16,5,4,5.21,10243.72,Volta Redonda,RJ,Sudeste
2461,702,SKU-025,2026-04-23,1,4,11.17,3917.24,Governador Valadares,MG,Sudeste
2462,1010,SKU-151,2026-03-11,14,3,17.19,7860.54,Autazes,AM,Norte
2463,629,SKU-141,2026-03-07,11,1,6.05,2420.37,Tabatinga,AM,Norte
2464,563,SKU-052,2025-12-22,5,4,34.59,6768.84,Itapipoca,CE,Nordeste
2465,1040,SKU-243,2025-07-19,3,4,13.21,11345.88,Fortaleza,CE,Nordeste
2466,233,SKU-039,2026-05-17,10,4,30.19,5847.88,Paulista,PE,Nordeste
2467,246,SKU-224,2025-09-28,10,3,20.55,7528.08,Garanhuns,PE,Nordeste
2468,112,SKU-150,2025-09-29,14,4,27.34,4563.56,Juazeiro,BA,Nordeste
2469,606,SKU-189,2025-09-02,11,3,30.61,3357.9,Foz do Iguacu,PR,Sul
2470,4,SKU-164,2025-05-13,8,3,5.71,1815.54,Itabuna,BA,Nordeste
2471,382,SKU-154,2025-01-06,7,3,25.38,8929.62,Presidente Figueiredo,AM,Norte
2472,161,SKU-059,2025-09-22,13,3,31.33,6033.69,Passo Fundo,RS,Sul
2473,1005,SKU-072,2025-02-03,9,4,20.75,5914.92,Itabuna,BA,Nordeste
2474,80,SKU-187,2026-01-16,2,4,22.41,5211.08,Uberaba,MG,Sudeste
2475,103,SKU-154,2026-01-24,12,3,34.28,8929.62,Manaus,AM,Norte
2476,1271,SKU-208,2025-01-30,13,4,11.64,10254.44,Porto Alegre,RS,Sul
2477,1156,SKU-023,2025-12-27,3,1,26.65,1143.5,Caruaru,PE,Nordeste
2478,995,SKU-181,2025-09-21,7,1,14.43,1313.54,Santos,SP,Sudeste
2479,209,SKU-059,2026-04-08,8,4,11.18,8044.92,Guarapuava,PR,Sul
2480,130,SKU-110,2025-09-30,4,4,30.91,1836.84,Sao Jose dos Campos,SP,Sudeste
2481,1093,SKU-244,2025-05-20,8,4,10.9,2048.04,Recanto das Emas,DF,Centro-Oeste
2482,116,SKU-086,2025-05-31,14,1,26.26,2900.55,Planaltina,DF,Centro-Oeste
2483,1007,SKU-014,2025-04-01,1,1,10.37,1241.76,Iguatu,CE,Nordeste
2484,364,SKU-137,2025-04-23,5,3,8.45,6810.45,Colombo,PR,Sul
2485,539,SKU-119,2026-05-03,14,4,11.07,551.16,Canoas,RS,Sul
2486,1053,SKU-110,2025-03-31,14,3,12.55,1377.63,Teixeira de Freitas,BA,Nordeste
2487,657,SKU-070,2026-04-30,11,2,30.65,3922.0,Sorocaba,SP,Sudeste
2488,871,SKU-165,2025-07-07,12,4,5.95,6619.04,Fortaleza,CE,Nordeste
2489,258,SKU-136,2026-04-27,8,3,17.98,95.1,Fortaleza,CE,Nordeste
2490,16,SKU-217,2025-05-03,15,2,22.99,76.26,Novo Hamburgo,RS,Sul
2491,19,SKU-056,2025-04-23,6,2,10.63,5529.14,Sobral,CE,Nordeste
2492,551,SKU-151,2025-11-01,8,1,26.0,2620.18,Canoas,RS,Sul
2493,268,SKU-129,2026-04-02,8,1,15.03,561.4,Manaus,AM,Norte
2494,517,SKU-195,2025-02-15,15,4,30.35,891.52,Feira de Santana,BA,Nordeste
2495,3,SKU-110,2025-10-01,4,1,19.88,459.21,Caninde,CE,Nordeste
2496,880,SKU-175,2025-11-05,4,4,20.93,10373.92,Colombo,PR,Sul
2497,983,SKU-059,2025-09-18,11,3,18.87,6033.69,Paulista,PE,Nordeste
2498,133,SKU-174,2025-01-08,8,3,31.33,8757.3,Taguatinga,DF,Centro-Oeste
2499,60,SKU-015,2025-01-11,14,2,8.53,3884.78,Caninde,CE,Nordeste
2500,1015,SKU-063,2026-02-04,8,3,12.37,7847.67,Campos dos Goytacazes,RJ,Sudeste
2501,842,SKU-084,2026-05-30,9,3,33.44,4405.5,Curitiba,PR,Sul
2502,488,SKU-147,2025-11-20,8,2,5.72,5427.76,Belo Horizonte,MG,Sudeste
2503,602,SKU-096,2026-03-23,7,1,30.34,1306.51,Vitoria da Conquista,BA,Nordeste
2504,589,SKU-200,2025-02-25,14,1,27.3,2954.26,Contagem,MG,Sudeste
2505,1253,SKU-010,2025-05-14,10,4,16.43,11221.92,Porto Alegre,RS,Sul
2506,1023,SKU-043,2025-09-09,5,3,30.49,1266.12,Paulista,PE,Nordeste
2507,1411,SKU-063,2025-01-31,13,4,22.92,10463.56,Ceilandia,DF,Centro-Oeste
2508,200,SKU-207,2025-03-03,1,2,25.48,2381.32,Pelotas,RS,Sul
2509,27,SKU-222,2026-01-01,1,2,7.8,1749.84,Salvador,BA,Nordeste
2510,140,SKU-052,2025-03-22,3,2,25.99,3384.42,Gravata,PE,Nordeste
2511,988,SKU-015,2025-11-05,4,1,28.45,1942.39,Piracicaba,SP,Sudeste
2512,1247,SKU-015,2025-12-21,15,3,20.92,5827.17,Maracanau,CE,Nordeste
2513,414,SKU-114,2026-05-13,12,4,31.55,8407.28,Sobradinho,DF,Centro-Oeste
2514,42,SKU-213,2025-12-04,14,3,12.1,4428.24,Volta Redonda,RJ,Sudeste
2515,16,SKU-041,2026-05-13,14,2,30.79,4117.22,Bento Goncalves,RS,Sul
2516,36,SKU-239,2025-10-09,6,2,22.61,451.94,Cabo Frio,RJ,Sudeste
2517,60,SKU-093,2026-01-09,11,4,25.57,1396.64,Autazes,AM,Norte
2518,797,SKU-087,2025-12-13,10,1,12.31,591.12,Parintins,AM,Norte
2519,283,SKU-187,2025-12-03,7,3,12.85,3908.31,Maues,AM,Norte
2520,22,SKU-205,2025-12-13,9,1,29.74,394.18,Colombo,PR,Sul
2521,131,SKU-190,2025-04-28,3,3,27.11,5186.49,Presidente Figueiredo,AM,Norte
2522,655,SKU-074,2026-02-21,8,3,6.23,4696.44,Salvador,BA,Nordeste
2523,1309,SKU-106,2026-01-05,6,3,28.52,1429.95,Samambaia,DF,Centro-Oeste
2524,1119,SKU-131,2026-06-08,11,1,30.76,2445.52,Itacoatiara,AM,Norte
2525,43,SKU-113,2025-12-04,15,3,18.41,5439.87,Quixada,CE,Nordeste
2526,379,SKU-096,2025-07-04,4,3,13.52,3919.53,Petropolis,RJ,Sudeste
2527,411,SKU-038,2025-10-23,1,2,19.48,711.46,Itapipoca,CE,Nordeste
2528,2,SKU-016,2025-10-19,9,3,31.78,95.31,Planaltina,DF,Centro-Oeste
2529,1047,SKU-146,2026-03-03,7,4,31.89,9549.88,Campos dos Goytacazes,RJ,Sudeste
2530,33,SKU-174,2025-12-16,3,4,24.77,11676.4,Caucaia,CE,Nordeste
2531,176,SKU-151,2025-08-15,7,3,32.05,7860.54,Ipatinga,MG,Sudeste
2532,314,SKU-160,2025-01-22,8,4,14.03,11203.4,Juiz de Fora,MG,Sudeste
2533,40,SKU-124,2026-02-11,14,3,10.92,912.12,Duque de Caxias,RJ,Sudeste
2534,216,SKU-029,2025-07-26,6,3,8.1,2336.7,Sao Paulo,SP,Sudeste
2535,132,SKU-094,2025-12-11,10,2,28.71,4139.14,Juazeiro,BA,Nordeste
2536,1395,SKU-228,2026-01-08,9,4,29.04,9652.4,Campos dos Goytacazes,RJ,Sudeste
2537,1375,SKU-170,2025-08-08,7,2,16.19,3377.9,Iguatu,CE,Nordeste
2538,403,SKU-144,2025-12-31,1,1,14.05,77.64,Ceilandia,DF,Centro-Oeste
2539,394,SKU-195,2025-02-22,6,3,11.03,668.64,Caucaia,CE,Nordeste
2540,1249,SKU-175,2026-04-28,8,3,27.98,7780.44,Teresopolis,RJ,Sudeste
2541,524,SKU-058,2026-02-05,14,4,31.62,4727.76,Samambaia,DF,Centro-Oeste
2542,11,SKU-175,2026-03-07,9,1,20.71,2593.48,Autazes,AM,Norte
2543,197,SKU-174,2025-01-26,4,1,6.0,2919.1,Camacari,BA,Nordeste
2544,549,SKU-024,2025-04-21,3,3,30.24,5567.91,Belo Horizonte,MG,Sudeste
2545,261,SKU-013,2025-02-03,10,2,25.58,3961.94,Canoas,RS,Sul
2546,296,SKU-128,2025-02-13,9,2,32.29,797.38,Bento Goncalves,RS,Sul
2547,621,SKU-133,2025-06-23,9,1,21.79,2589.21,Samambaia,DF,Centro-Oeste
2548,145,SKU-244,2026-04-06,7,1,27.58,512.01,Igarassu,PE,Nordeste
2549,259,SKU-192,2025-10-07,5,2,27.17,61.26,Manacapuru,AM,Norte
2550,408,SKU-024,2025-07-10,5,3,10.59,5567.91,Garanhuns,PE,Nordeste
2551,361,SKU-039,2026-02-27,8,3,13.24,4385.91,Ribeirao Preto,SP,Sudeste
2552,644,SKU-050,2025-06-20,4,4,22.98,7959.16,Garanhuns,PE,Nordeste
2553,308,SKU-201,2025-12-02,8,1,25.49,1400.02,Maues,AM,Norte
2554,1029,SKU-078,2025-10-07,11,2,14.33,3610.7,Maues,AM,Norte
2555,17,SKU-239,2025-09-21,10,4,29.46,903.88,Erechim,RS,Sul
2556,754,SKU-064,2025-04-05,5,3,14.91,6563.07,Garanhuns,PE,Nordeste
2557,654,SKU-051,2025-10-13,13,1,33.25,228.45,Serra Talhada,PE,Nordeste
2558,1,SKU-143,2026-01-20,7,3,27.97,2758.71,Aguas Claras,DF,Centro-Oeste
2559,276,SKU-207,2025-03-07,14,1,24.84,1190.66,Itacoatiara,AM,Norte
2560,36,SKU-201,2025-05-30,7,2,24.95,2800.04,Betim,MG,Sudeste
2561,485,SKU-036,2025-07-10,8,1,11.8,379.48,Canoas,RS,Sul
2562,762,SKU-199,2025-10-04,9,1,34.44,1970.86,Nova Iguacu,RJ,Sudeste
2563,271,SKU-236,2025-11-05,15,3,19.87,1908.48,Porto Alegre,RS,Sul
2564,117,SKU-085,2025-12-02,11,4,25.59,4175.84,Teixeira de Freitas,BA,Nordeste
2565,253,SKU-210,2026-01-16,1,4,20.07,1698.88,Manaus,AM,Norte
2566,1185,SKU-087,2025-03-10,5,2,32.5,1182.24,Iguatu,CE,Nordeste
2567,626,SKU-241,2025-09-28,8,2,34.04,785.26,Pelotas,RS,Sul
2568,4,SKU-106,2025-04-20,15,3,33.86,1429.95,Itabuna,BA,Nordeste
2569,106,SKU-065,2025-07-01,11,1,6.84,2725.3,Uberlandia,MG,Sudeste
2570,405,SKU-114,2025-09-14,1,4,26.46,8407.28,Vitoria da Conquista,BA,Nordeste
2571,104,SKU-022,2025-04-05,7,3,25.12,3680.73,Sorocaba,SP,Sudeste
2572,223,SKU-026,2025-08-30,1,2,14.5,4799.12,Tabatinga,AM,Norte
2573,457,SKU-161,2025-09-27,9,2,32.37,4351.9,Uberaba,MG,Sudeste
2574,1137,SKU-122,2026-03-10,14,4,26.31,1802.6,Pelotas,RS,Sul
2575,374,SKU-152,2025-02-18,2,3,8.87,4656.93,Bento Goncalves,RS,Sul
2576,1,SKU-011,2026-06-02,1,1,27.1,2137.97,Fortaleza,CE,Nordeste
2577,212,SKU-033,2025-03-25,14,3,15.49,7776.81,Sao Jose dos Pinhais,PR,Sul
2578,892,SKU-093,2025-01-22,12,3,30.42,1047.48,Fortaleza,CE,Nordeste
2579,57,SKU-158,2026-03-16,6,1,33.72,2282.72,Ponta Grossa,PR,Sul
2580,1230,SKU-129,2025-07-18,8,1,14.36,561.4,Guarulhos,SP,Sudeste
2581,814,SKU-190,2026-01-11,1,1,11.62,1728.83,Jaboatao dos Guararapes,PE,Nordeste
2582,546,SKU-040,2025-05-24,5,1,17.04,1148.86,Guara,DF,Centro-Oeste
2583,186,SKU-240,2025-07-25,14,4,8.31,1466.84,Maracanau,CE,Nordeste
2584,44,SKU-073,2025-09-09,4,1,23.29,1031.11,Sobral,CE,Nordeste
2585,969,SKU-046,2026-02-28,3,4,17.34,5747.04,Recife,PE,Nordeste
2586,84,SKU-103,2025-03-30,1,4,34.04,1395.76,Camacari,BA,Nordeste
2587,277,SKU-038,2025-09-14,7,4,14.78,1422.92,Vitoria da Conquista,BA,Nordeste
2588,327,SKU-036,2025-02-25,3,2,17.16,758.96,Fortaleza,CE,Nordeste
2589,324,SKU-081,2025-04-26,9,1,5.23,1574.73,Porto Seguro,BA,Nordeste
2590,371,SKU-110,2025-01-03,3,3,18.87,1377.63,Niteroi,RJ,Sudeste
2591,15,SKU-134,2025-04-04,13,4,18.61,3039.96,Samambaia,DF,Centro-Oeste
2592,57,SKU-062,2026-01-09,1,2,22.23,4978.18,Canoas,RS,Sul
2593,608,SKU-095,2025-10-07,14,3,27.02,1082.85,Feira de Santana,BA,Nordeste
2594,1144,SKU-085,2026-04-30,4,1,31.89,1043.96,Planaltina,DF,Centro-Oeste
2595,39,SKU-028,2025-08-21,11,1,9.44,1158.5,Governador Valadares,MG,Sudeste
2596,117,SKU-192,2025-12-09,3,3,27.18,91.89,Brasilia,DF,Centro-Oeste
2597,791,SKU-078,2025-03-12,9,1,14.69,1805.35,Colombo,PR,Sul
2598,4,SKU-081,2025-04-11,7,1,23.2,1574.73,Santa Maria,RS,Sul
2599,910,SKU-186,2025-09-11,1,2,34.42,547.64,Canoas,RS,Sul
2600,162,SKU-182,2026-01-13,10,3,10.81,8443.95,Sao Paulo,SP,Sudeste
2601,1016,SKU-231,2025-10-16,8,1,17.17,1994.03,Ponta Grossa,PR,Sul
2602,1299,SKU-009,2025-05-31,8,1,28.59,1645.67,Ribeirao Preto,SP,Sudeste
2603,9,SKU-210,2025-07-08,9,3,26.11,1274.16,Taguatinga,DF,Centro-Oeste
2604,1217,SKU-214,2025-08-18,2,2,32.61,1485.74,Guara,DF,Centro-Oeste
2605,317,SKU-216,2026-01-19,10,4,20.88,4405.44,Iguatu,CE,Nordeste
2606,311,SKU-010,2025-12-30,4,1,19.81,2805.48,Erechim,RS,Sul
2607,4,SKU-180,2025-03-12,2,1,25.57,962.45,Lauro de Freitas,BA,Nordeste
2608,910,SKU-156,2025-07-13,10,2,26.52,2723.26,Angra dos Reis,RJ,Sudeste
2609,77,SKU-228,2026-01-20,10,3,24.31,7239.3,Osasco,SP,Sudeste
2610,775,SKU-066,2025-11-04,14,1,16.57,2619.46,Foz do Iguacu,PR,Sul
2611,41,SKU-190,2025-12-09,1,2,32.94,3457.66,Teixeira de Freitas,BA,Nordeste
2612,674,SKU-219,2026-01-27,3,3,5.2,3571.05,Guarapuava,PR,Sul
2613,1140,SKU-121,2025-11-25,2,4,9.42,1061.56,Ipatinga,MG,Sudeste
2614,520,SKU-210,2025-06-13,13,4,5.78,1698.88,Governador Valadares,MG,Sudeste
2615,832,SKU-246,2025-03-08,12,1,21.83,2564.91,Manaus,AM,Norte
2616,27,SKU-156,2025-08-14,10,4,30.15,5446.52,Ceilandia,DF,Centro-Oeste
2617,128,SKU-147,2025-01-04,14,1,24.61,2713.88,Sao Paulo,SP,Sudeste
2618,67,SKU-035,2026-05-27,6,4,25.0,11108.76,Manaus,AM,Norte
2619,1299,SKU-206,2026-04-18,2,4,29.7,2612.08,Fortaleza,CE,Nordeste
2620,127,SKU-151,2026-04-21,15,2,25.93,5240.36,Itacoatiara,AM,Norte
2621,1382,SKU-027,2025-12-10,5,4,24.42,8300.48,Aguas Claras,DF,Centro-Oeste
2622,297,SKU-247,2026-05-18,6,4,11.07,6207.56,Lauro de Freitas,BA,Nordeste
2623,242,SKU-205,2025-04-25,4,2,9.48,788.36,Feira de Santana,BA,Nordeste
2624,217,SKU-062,2026-04-16,6,3,26.92,7467.27,Taguatinga,DF,Centro-Oeste
2625,6,SKU-127,2026-01-01,7,1,17.73,2325.32,Colombo,PR,Sul
2626,626,SKU-049,2026-01-07,12,1,21.53,101.6,Angra dos Reis,RJ,Sudeste
2627,384,SKU-131,2026-04-06,6,3,19.97,7336.56,Samambaia,DF,Centro-Oeste
2628,1125,SKU-158,2025-12-08,7,3,11.48,6848.16,Gravatai,RS,Sul
2629,562,SKU-152,2026-04-26,14,1,10.32,1552.31,Belo Horizonte,MG,Sudeste
2630,14,SKU-052,2025-03-05,2,4,31.76,6768.84,Serra Talhada,PE,Nordeste
2631,41,SKU-208,2026-05-18,10,1,22.32,2563.61,Aguas Claras,DF,Centro-Oeste
2632,510,SKU-054,2026-01-14,4,2,25.35,4741.24,Caxias do Sul,RS,Sul
2633,888,SKU-123,2025-08-10,3,1,14.63,1246.11,Gravata,PE,Nordeste
2634,413,SKU-189,2026-05-04,3,3,11.96,3357.9,Juazeiro,BA,Nordeste
2635,283,SKU-044,2025-02-24,8,2,22.95,3007.1,Colombo,PR,Sul
2636,107,SKU-130,2025-05-07,10,1,10.59,55.98,Governador Valadares,MG,Sudeste
2637,1103,SKU-151,2025-07-21,4,3,27.38,7860.54,Angra dos Reis,RJ,Sudeste
2638,502,SKU-043,2025-05-11,11,2,22.37,844.08,Angra dos Reis,RJ,Sudeste
2639,332,SKU-111,2025-12-10,11,1,28.8,2370.57,Planaltina,DF,Centro-Oeste
2640,792,SKU-217,2026-03-26,6,3,30.09,114.39,Sorocaba,SP,Sudeste
2641,1400,SKU-178,2026-05-22,8,4,28.43,8941.16,Ceilandia,DF,Centro-Oeste
2642,148,SKU-019,2025-05-09,6,3,11.35,1791.87,Itabuna,BA,Nordeste
2643,103,SKU-237,2025-03-20,1,1,25.7,2993.72,Crato,CE,Nordeste
2644,1109,SKU-037,2026-04-16,1,2,6.5,5130.12,Colombo,PR,Sul
2645,817,SKU-049,2026-01-25,3,3,18.52,304.8,Porto Seguro,BA,Nordeste
2646,1173,SKU-066,2025-07-21,7,2,22.3,5238.92,Gravata,PE,Nordeste
2647,1194,SKU-203,2026-04-17,6,1,29.2,473.5,Tabatinga,AM,Norte
2648,2,SKU-147,2025-10-06,5,2,28.22,5427.76,Planaltina,DF,Centro-Oeste
2649,974,SKU-016,2025-03-11,8,1,14.0,31.77,Itapipoca,CE,Nordeste
2650,113,SKU-050,2025-12-24,15,3,30.24,5969.37,Uberlandia,MG,Sudeste
2651,1379,SKU-028,2025-03-14,4,4,23.34,4634.0,Ceilandia,DF,Centro-Oeste
2652,1383,SKU-196,2025-09-09,9,3,18.45,7004.82,Itabuna,BA,Nordeste
2653,153,SKU-129,2025-03-21,14,1,7.67,561.4,Fortaleza,CE,Nordeste
2654,62,SKU-118,2026-01-14,5,4,6.6,1998.2,Campos dos Goytacazes,RJ,Sudeste
2655,1070,SKU-225,2025-06-15,5,4,10.62,10243.72,Juazeiro,BA,Nordeste
2656,274,SKU-042,2025-01-04,12,2,33.85,4222.64,Gravatai,RS,Sul
2657,105,SKU-100,2025-06-23,1,2,24.91,4458.3,Planaltina,DF,Centro-Oeste
2658,375,SKU-221,2025-03-27,5,4,12.38,7140.8,Ponta Grossa,PR,Sul
2659,236,SKU-234,2025-03-05,11,3,30.0,274.35,Paranagua,PR,Sul
2660,7,SKU-170,2025-02-21,9,4,6.52,6755.8,Erechim,RS,Sul
2661,1099,SKU-020,2025-02-22,7,4,22.34,2326.28,Feira de Santana,BA,Nordeste
2662,63,SKU-035,2025-03-18,1,3,23.97,8331.57,Petropolis,RJ,Sudeste
2663,1254,SKU-043,2025-10-26,7,1,19.63,422.04,Jaboatao dos Guararapes,PE,Nordeste
2664,412,SKU-232,2025-12-12,12,4,12.59,6781.76,Cabo Frio,RJ,Sudeste
2665,1369,SKU-086,2025-10-04,7,1,10.75,2900.55,Novo Hamburgo,RS,Sul
2666,207,SKU-206,2025-01-13,6,2,20.54,1306.04,Ceilandia,DF,Centro-Oeste
2667,1233,SKU-179,2025-11-24,11,1,18.18,750.21,Ceilandia,DF,Centro-Oeste
2668,222,SKU-122,2025-06-24,10,1,26.12,450.65,Betim,MG,Sudeste
2669,56,SKU-022,2025-04-29,10,1,24.51,1226.91,Uberaba,MG,Sudeste
2670,1249,SKU-070,2026-05-31,13,1,13.71,1961.0,Curitiba,PR,Sul
2671,15,SKU-209,2026-01-06,10,4,32.04,7940.96,Samambaia,DF,Centro-Oeste
2672,28,SKU-219,2025-06-22,14,4,14.64,4761.4,Campinas,SP,Sudeste
2673,48,SKU-182,2025-02-01,1,1,18.51,2814.65,Santos,SP,Sudeste
2674,589,SKU-130,2025-11-06,9,3,18.08,167.94,Autazes,AM,Norte
2675,243,SKU-094,2025-11-01,3,1,25.73,2069.57,Ipatinga,MG,Sudeste
2676,1328,SKU-154,2025-05-08,10,2,24.86,5953.08,Crato,CE,Nordeste
2677,1362,SKU-234,2026-03-03,15,3,33.7,274.35,Ceilandia,DF,Centro-Oeste
2678,1404,SKU-049,2025-06-03,2,1,21.79,101.6,Campinas,SP,Sudeste
2679,64,SKU-133,2025-11-19,14,2,11.53,5178.42,Porto Seguro,BA,Nordeste
2680,1162,SKU-197,2025-06-24,15,2,13.69,1745.16,Coari,AM,Norte
2681,779,SKU-004,2025-05-09,3,2,31.44,5552.84,Guarapuava,PR,Sul
2682,1336,SKU-123,2025-03-25,3,2,34.97,2492.22,Belo Horizonte,MG,Sudeste
2683,160,SKU-240,2025-09-17,13,2,12.25,733.42,Igarassu,PE,Nordeste
2684,5,SKU-115,2026-05-01,15,4,5.89,6911.28,Uberaba,MG,Sudeste
2685,815,SKU-167,2026-05-21,1,4,26.25,5854.04,Sobral,CE,Nordeste
2686,1417,SKU-180,2026-05-27,8,4,30.9,3849.8,Rio de Janeiro,RJ,Sudeste
2687,647,SKU-046,2025-10-27,15,1,5.61,1436.76,Porto Alegre,RS,Sul
2688,949,SKU-219,2025-03-16,15,1,25.64,1190.35,Guara,DF,Centro-Oeste
2689,39,SKU-205,2026-04-19,6,2,15.34,788.36,Governador Valadares,MG,Sudeste
2690,138,SKU-017,2026-03-24,13,2,22.81,917.48,Iguatu,CE,Nordeste
2691,798,SKU-193,2025-08-28,11,3,25.98,7433.55,Bento Goncalves,RS,Sul
2692,22,SKU-142,2025-06-23,13,2,32.24,1832.74,Pelotas,RS,Sul
2693,1052,SKU-141,2026-03-13,3,1,19.34,2420.37,Ribeirao Preto,SP,Sudeste
2694,648,SKU-060,2025-12-27,9,4,28.2,6219.0,Caxias do Sul,RS,Sul
2695,580,SKU-095,2025-08-29,10,1,29.62,360.95,Serra Talhada,PE,Nordeste
2696,61,SKU-021,2025-07-15,6,3,12.48,4122.66,Fortaleza,CE,Nordeste
2697,1,SKU-121,2025-01-04,9,4,19.38,1061.56,Osasco,SP,Sudeste
2698,1271,SKU-232,2025-11-01,13,3,24.76,5086.32,Recanto das Emas,DF,Centro-Oeste
2699,1255,SKU-051,2025-12-21,3,4,16.34,913.8,Garanhuns,PE,Nordeste
2700,897,SKU-061,2025-01-12,10,3,32.36,5676.03,Feira de Santana,BA,Nordeste
2701,925,SKU-066,2025-10-14,15,3,13.34,7858.38,Juiz de Fora,MG,Sudeste
2702,220,SKU-086,2025-12-11,12,1,10.88,2900.55,Porto Alegre,RS,Sul
2703,174,SKU-018,2025-12-26,11,3,7.89,6824.19,Caruaru,PE,Nordeste
2704,724,SKU-029,2025-04-12,6,1,22.9,778.9,Sobral,CE,Nordeste
2705,23,SKU-059,2026-03-16,1,2,17.06,4022.46,Lauro de Freitas,BA,Nordeste
2706,1337,SKU-086,2025-02-01,15,3,6.95,8701.65,Passo Fundo,RS,Sul
2707,1278,SKU-037,2025-05-25,14,2,12.82,5130.12,Igarassu,PE,Nordeste
2708,393,SKU-208,2026-04-23,4,1,34.79,2563.61,Pelotas,RS,Sul
2709,615,SKU-140,2025-04-25,15,2,20.48,1553.5,Caucaia,CE,Nordeste
2710,952,SKU-135,2025-08-24,12,3,33.34,5793.6,Paranagua,PR,Sul
2711,710,SKU-192,2025-11-24,15,2,33.63,61.26,Niteroi,RJ,Sudeste
2712,47,SKU-192,2025-11-21,2,4,12.33,122.52,Maracanau,CE,Nordeste
2713,17,SKU-156,2025-07-30,9,2,34.72,2723.26,Rio de Janeiro,RJ,Sudeste
2714,395,SKU-042,2025-09-04,15,1,29.49,2111.32,Lauro de Freitas,BA,Nordeste
2715,112,SKU-213,2025-01-27,9,1,12.05,1476.08,Parintins,AM,Norte
2716,972,SKU-063,2026-03-04,11,3,21.41,7847.67,Feira de Santana,BA,Nordeste
2717,5,SKU-012,2025-05-13,12,1,20.02,2514.31,Londrina,PR,Sul
2718,107,SKU-140,2025-03-31,7,4,6.37,3107.0,Coari,AM,Norte
2719,10,SKU-163,2026-04-27,13,4,24.25,3718.56,Pelotas,RS,Sul
2720,10,SKU-146,2026-05-05,5,1,11.29,2387.47,Belo Horizonte,MG,Sudeste
2721,62,SKU-080,2026-05-23,5,3,11.39,4926.12,Santa Maria,RS,Sul
2722,32,SKU-012,2026-02-26,5,3,6.99,7542.93,Sao Paulo,SP,Sudeste
2723,1075,SKU-001,2025-03-09,2,1,23.87,1223.28,Nova Iguacu,RJ,Sudeste
2724,93,SKU-094,2025-12-08,12,4,22.14,8278.28,Belo Horizonte,MG,Sudeste
2725,349,SKU-250,2025-05-31,7,2,25.37,4638.78,Gama,DF,Centro-Oeste
2726,866,SKU-178,2026-04-21,13,2,24.71,4470.58,Iguatu,CE,Nordeste
2727,925,SKU-182,2026-05-24,15,4,19.73,11258.6,Quixada,CE,Nordeste
2728,220,SKU-017,2025-08-11,13,4,18.94,1834.96,Petropolis,RJ,Sudeste
2729,78,SKU-138,2025-03-28,5,2,23.44,2831.72,Belo Horizonte,MG,Sudeste
2730,399,SKU-058,2025-02-09,6,3,15.84,3545.82,Planaltina,DF,Centro-Oeste
2731,188,SKU-129,2026-02-24,5,1,24.36,561.4,Maracanau,CE,Nordeste
2732,25,SKU-143,2025-02-01,13,4,33.86,3678.28,Aguas Claras,DF,Centro-Oeste
2733,158,SKU-174,2025-02-11,15,2,23.79,5838.2,Volta Redonda,RJ,Sudeste
2734,366,SKU-082,2026-06-07,13,3,23.59,2291.01,Ceilandia,DF,Centro-Oeste
2735,1455,SKU-164,2025-11-30,6,2,24.85,1210.36,Belo Horizonte,MG,Sudeste
2736,1222,SKU-212,2025-11-10,8,2,28.02,5222.9,Taguatinga,DF,Centro-Oeste
2737,15,SKU-145,2025-11-20,9,3,5.93,7798.92,Caruaru,PE,Nordeste
2738,160,SKU-108,2026-04-13,11,1,9.21,2375.08,Guarulhos,SP,Sudeste
2739,13,SKU-091,2025-07-21,1,4,21.77,3840.12,Maringa,PR,Sul
2740,720,SKU-089,2026-01-03,5,3,26.57,5146.02,Gravatai,RS,Sul
2741,131,SKU-195,2025-02-06,11,4,27.77,891.52,Presidente Figueiredo,AM,Norte
2742,270,SKU-120,2026-05-31,13,2,24.33,4260.2,Uberlandia,MG,Sudeste
2743,1288,SKU-190,2025-02-09,1,4,28.39,6915.32,Ribeirao Preto,SP,Sudeste
2744,897,SKU-159,2025-11-14,13,4,27.79,9378.16,Niteroi,RJ,Sudeste
2745,54,SKU-104,2025-04-19,12,4,16.01,10347.44,Caninde,CE,Nordeste
2746,2,SKU-242,2025-10-14,9,1,33.28,2373.33,Ribeirao Preto,SP,Sudeste
2747,288,SKU-124,2025-03-25,7,4,12.71,1216.16,Maringa,PR,Sul
2748,30,SKU-075,2025-11-04,9,4,6.78,10512.04,Sao Jose dos Pinhais,PR,Sul
2749,272,SKU-022,2025-04-28,8,1,34.39,1226.91,Maues,AM,Norte
2750,919,SKU-060,2025-09-06,11,2,14.79,3109.5,Ribeirao Preto,SP,Sudeste
2751,141,SKU-202,2025-01-30,11,4,12.33,7101.68,Guarapuava,PR,Sul
2752,283,SKU-136,2026-05-10,11,3,23.02,95.1,Sao Jose dos Campos,SP,Sudeste
2753,913,SKU-067,2025-08-22,10,1,29.08,2326.1,Itapipoca,CE,Nordeste
2754,1164,SKU-129,2025-05-27,5,3,17.12,1684.2,Taguatinga,DF,Centro-Oeste
2755,342,SKU-073,2025-05-05,2,1,32.87,1031.11,Porto Alegre,RS,Sul
2756,407,SKU-197,2025-10-23,15,2,9.08,1745.16,Duque de Caxias,RJ,Sudeste
2757,205,SKU-098,2026-01-16,8,1,20.3,683.02,Petropolis,RJ,Sudeste
2758,216,SKU-021,2026-05-02,15,1,5.65,1374.22,Ponta Grossa,PR,Sul
2759,875,SKU-070,2025-07-22,5,2,15.62,3922.0,Igarassu,PE,Nordeste
2760,3,SKU-209,2025-12-05,15,2,16.4,3970.48,Feira de Santana,BA,Nordeste
2761,646,SKU-040,2025-07-30,2,1,7.19,1148.86,Ilheus,BA,Nordeste
2762,622,SKU-030,2025-01-28,2,2,5.83,2316.32,Guarulhos,SP,Sudeste
2763,103,SKU-103,2025-07-28,3,1,28.52,348.94,Vitoria da Conquista,BA,Nordeste
2764,13,SKU-173,2025-11-13,11,3,9.92,4397.07,Igarassu,PE,Nordeste
2765,1461,SKU-063,2026-01-10,13,2,21.82,5231.78,Montes Claros,MG,Sudeste
2766,284,SKU-032,2026-02-24,10,1,33.9,1852.74,Lauro de Freitas,BA,Nordeste
2767,780,SKU-080,2025-10-04,5,2,17.39,3284.08,Cabo Frio,RJ,Sudeste
2768,1094,SKU-085,2025-11-19,3,2,18.16,2087.92,Camacari,BA,Nordeste
2769,256,SKU-033,2026-01-13,10,1,21.02,2592.27,Sao Jose dos Pinhais,PR,Sul
2770,1010,SKU-169,2025-11-15,4,1,10.49,2191.93,Pelotas,RS,Sul
2771,194,SKU-095,2025-08-24,15,3,20.34,1082.85,Gravatai,RS,Sul
2772,637,SKU-131,2025-01-31,1,3,5.84,7336.56,Crato,CE,Nordeste
2773,1149,SKU-184,2026-06-05,6,1,22.58,2552.87,Maracanau,CE,Nordeste
2774,112,SKU-203,2025-10-29,8,2,15.74,947.0,Paranagua,PR,Sul
2775,373,SKU-065,2025-10-20,4,3,21.96,8175.9,Sao Jose dos Pinhais,PR,Sul
2776,4,SKU-110,2025-10-17,10,1,6.46,459.21,Sao Bernardo do Campo,SP,Sudeste
2777,439,SKU-131,2025-05-19,12,4,13.93,9782.08,Olinda,PE,Nordeste
2778,689,SKU-094,2026-01-09,13,2,19.91,4139.14,Samambaia,DF,Centro-Oeste
2779,1184,SKU-144,2025-12-27,10,3,24.6,232.92,Recife,PE,Nordeste
2780,21,SKU-032,2025-01-23,5,3,5.73,5558.22,Montes Claros,MG,Sudeste
2781,993,SKU-091,2025-07-22,10,4,6.31,3840.12,Recife,PE,Nordeste
2782,1051,SKU-158,2025-08-16,1,2,30.27,4565.44,Paranagua,PR,Sul
2783,305,SKU-037,2026-02-11,5,2,15.82,5130.12,Angra dos Reis,RJ,Sudeste
2784,70,SKU-176,2026-02-08,11,1,11.53,2356.93,Salvador,BA,Nordeste
2785,1030,SKU-192,2025-11-01,15,2,25.22,61.26,Sobradinho,DF,Centro-Oeste
2786,438,SKU-243,2025-10-01,3,2,18.8,5672.94,Gama,DF,Centro-Oeste
2787,718,SKU-063,2026-03-14,15,1,28.59,2615.89,Itapipoca,CE,Nordeste
2788,116,SKU-107,2025-09-26,12,3,32.79,4912.68,Sao Jose dos Pinhais,PR,Sul
2789,851,SKU-091,2025-12-29,8,4,26.99,3840.12,Petropolis,RJ,Sudeste
2790,800,SKU-186,2025-04-22,8,4,26.29,1095.28,Maringa,PR,Sul
2791,809,SKU-136,2025-08-23,3,2,30.5,63.4,Curitiba,PR,Sul
2792,78,SKU-248,2025-08-02,7,4,30.87,7498.36,Ipatinga,MG,Sudeste
2793,21,SKU-105,2025-10-05,5,1,27.99,328.09,Curitiba,PR,Sul
2794,807,SKU-100,2025-12-11,7,3,7.98,6687.45,Pocos de Caldas,MG,Sudeste
2795,91,SKU-021,2025-05-06,9,1,15.51,1374.22,Juiz de Fora,MG,Sudeste
2796,786,SKU-042,2025-02-08,10,4,28.25,8445.28,Foz do Iguacu,PR,Sul
2797,204,SKU-204,2025-05-19,8,4,28.4,3921.0,Igarassu,PE,Nordeste
2798,957,SKU-047,2025-07-31,15,2,14.55,447.14,Ponta Grossa,PR,Sul
2799,859,SKU-210,2026-04-13,9,2,26.94,849.44,Ipatinga,MG,Sudeste
2800,1395,SKU-156,2026-03-05,1,2,7.39,2723.26,Feira de Santana,BA,Nordeste
2801,1,SKU-098,2025-01-02,5,4,18.23,2732.08,Uberlandia,MG,Sudeste
2802,65,SKU-161,2025-09-15,13,4,33.69,8703.8,Aguas Claras,DF,Centro-Oeste
2803,1292,SKU-088,2025-08-10,4,4,7.05,11224.84,Teixeira de Freitas,BA,Nordeste
2804,25,SKU-007,2025-12-31,4,2,5.13,4804.48,Sobradinho,DF,Centro-Oeste
2805,10,SKU-117,2025-08-16,1,1,24.96,1064.24,Gama,DF,Centro-Oeste
2806,355,SKU-054,2025-08-27,3,4,18.48,9482.48,Caxias do Sul,RS,Sul
2807,576,SKU-050,2025-10-09,1,1,27.26,1989.79,Tabatinga,AM,Norte
2808,1204,SKU-197,2025-06-13,11,4,25.1,3490.32,Lauro de Freitas,BA,Nordeste
2809,1040,SKU-179,2025-01-28,10,2,17.36,1500.42,Sao Paulo,SP,Sudeste
2810,9,SKU-039,2025-06-26,14,1,21.82,1461.97,Caucaia,CE,Nordeste
2811,45,SKU-193,2025-05-05,11,3,15.42,7433.55,Erechim,RS,Sul
2812,746,SKU-146,2026-02-28,14,1,8.94,2387.47,Caxias do Sul,RS,Sul
2813,174,SKU-159,2026-04-21,13,3,8.45,7033.62,Teixeira de Freitas,BA,Nordeste
2814,592,SKU-051,2025-06-21,9,2,5.41,456.9,Autazes,AM,Norte
2815,8,SKU-112,2025-01-04,1,3,33.17,2532.6,Crato,CE,Nordeste
2816,51,SKU-204,2025-10-14,8,1,33.4,980.25,Sao Paulo,SP,Sudeste
2817,410,SKU-140,2026-03-10,6,4,24.49,3107.0,Maues,AM,Norte
2818,187,SKU-139,2025-12-13,5,1,22.63,1828.39,Ceilandia,DF,Centro-Oeste
2819,181,SKU-076,2026-03-25,10,2,32.04,5448.88,Garanhuns,PE,Nordeste
2820,139,SKU-101,2025-05-12,2,4,10.34,1256.72,Paulista,PE,Nordeste
2821,452,SKU-032,2025-10-22,5,2,6.18,3705.48,Bento Goncalves,RS,Sul
2822,889,SKU-083,2025-02-17,8,3,32.2,7995.6,Uberlandia,MG,Sudeste
2823,1160,SKU-067,2025-07-18,15,3,23.14,6978.3,Erechim,RS,Sul
2824,135,SKU-109,2026-01-22,9,4,12.69,6149.8,Guarulhos,SP,Sudeste
2825,1206,SKU-144,2026-03-06,10,3,20.99,232.92,Sobral,CE,Nordeste
2826,13,SKU-193,2025-03-30,11,1,16.86,2477.85,Igarassu,PE,Nordeste
2827,42,SKU-110,2025-10-24,11,1,20.12,459.21,Samambaia,DF,Centro-Oeste
2828,517,SKU-138,2025-11-21,3,2,18.64,2831.72,Campinas,SP,Sudeste
2829,128,SKU-055,2025-04-23,9,4,27.22,6422.56,Lauro de Freitas,BA,Nordeste
2830,1496,SKU-238,2025-09-22,1,2,34.6,5897.92,Caninde,CE,Nordeste
2831,121,SKU-001,2025-10-27,7,1,19.47,1223.28,Samambaia,DF,Centro-Oeste
2832,191,SKU-206,2026-06-06,7,4,16.2,2612.08,Taguatinga,DF,Centro-Oeste
2833,1220,SKU-232,2025-05-23,8,1,30.01,1695.44,Pelotas,RS,Sul
2834,1365,SKU-247,2025-12-17,15,4,8.53,6207.56,Porto Seguro,BA,Nordeste
2835,365,SKU-048,2025-03-16,9,2,30.58,2443.88,Sao Paulo,SP,Sudeste
2836,924,SKU-118,2026-06-03,4,3,28.63,1498.65,Volta Redonda,RJ,Sudeste
2837,37,SKU-079,2025-07-05,1,3,28.27,6949.89,Recife,PE,Nordeste
2838,519,SKU-201,2025-01-01,7,3,32.51,4200.06,Manacapuru,AM,Norte
2839,653,SKU-012,2025-07-30,14,1,11.07,2514.31,Londrina,PR,Sul
2840,1248,SKU-063,2026-02-20,9,3,24.63,7847.67,Uberaba,MG,Sudeste
2841,169,SKU-188,2025-10-01,12,4,30.97,144.8,Fortaleza,CE,Nordeste
2842,387,SKU-012,2026-03-13,2,1,5.75,2514.31,Guarapuava,PR,Sul
2843,1046,SKU-202,2025-09-03,13,2,31.16,3550.84,Sao Paulo,SP,Sudeste
2844,127,SKU-152,2025-03-23,7,4,34.75,6209.24,Ponta Grossa,PR,Sul
2845,484,SKU-022,2026-01-26,3,2,20.11,2453.82,Iguatu,CE,Nordeste
2846,1155,SKU-233,2026-01-02,12,4,26.24,8258.8,Curitiba,PR,Sul
2847,171,SKU-249,2026-01-19,5,4,17.87,2813.8,Itacoatiara,AM,Norte
2848,878,SKU-186,2026-05-27,9,3,7.01,821.46,Ipatinga,MG,Sudeste
2849,209,SKU-060,2025-03-07,9,3,8.26,4664.25,Sobradinho,DF,Centro-Oeste
2850,346,SKU-108,2025-08-01,11,3,25.58,7125.24,Uberlandia,MG,Sudeste
2851,47,SKU-053,2025-08-13,1,2,8.68,4495.06,Brasilia,DF,Centro-Oeste
2852,333,SKU-211,2025-05-06,5,2,30.83,1929.84,Belo Horizonte,MG,Sudeste
2853,786,SKU-243,2026-06-08,8,3,32.69,8509.41,Porto Seguro,BA,Nordeste
2854,1284,SKU-124,2025-03-14,12,3,29.9,912.12,Londrina,PR,Sul
2855,1359,SKU-167,2026-01-24,9,4,5.21,5854.04,Porto Seguro,BA,Nordeste
2856,535,SKU-060,2025-03-28,8,1,17.06,1554.75,Foz do Iguacu,PR,Sul
2857,653,SKU-126,2026-04-06,7,4,32.97,324.12,Iguatu,CE,Nordeste
2858,255,SKU-065,2026-05-08,1,4,6.41,10901.2,Vitoria da Conquista,BA,Nordeste
2859,390,SKU-189,2025-12-17,15,2,22.58,2238.6,Foz do Iguacu,PR,Sul
2860,167,SKU-048,2025-03-14,10,4,15.91,4887.76,Sao Jose dos Pinhais,PR,Sul
2861,447,SKU-127,2025-05-18,5,4,34.88,9301.28,Crato,CE,Nordeste
2862,833,SKU-037,2025-06-20,12,1,17.93,2565.06,Tabatinga,AM,Norte
2863,5,SKU-228,2025-06-24,7,4,28.51,9652.4,Bento Goncalves,RS,Sul
2864,935,SKU-071,2025-02-05,5,1,16.4,1619.81,Juazeiro do Norte,CE,Nordeste
2865,272,SKU-246,2026-03-19,13,2,22.52,5129.82,Pelotas,RS,Sul
2866,1134,SKU-066,2025-09-11,10,1,10.82,2619.46,Manacapuru,AM,Norte
2867,1019,SKU-062,2025-09-05,13,1,31.91,2489.09,Niteroi,RJ,Sudeste
2868,1139,SKU-068,2025-01-22,6,4,15.61,6792.84,Autazes,AM,Norte
2869,190,SKU-128,2025-11-24,3,3,9.0,1196.07,Foz do Iguacu,PR,Sul
2870,501,SKU-027,2025-12-18,8,1,13.29,2075.12,Serra Talhada,PE,Nordeste
2871,1319,SKU-089,2026-04-11,15,2,14.52,3430.68,Itapipoca,CE,Nordeste
2872,462,SKU-167,2026-05-29,6,4,26.38,5854.04,Nova Iguacu,RJ,Sudeste
2873,196,SKU-102,2026-03-11,13,4,34.2,7362.12,Canoas,RS,Sul
2874,1069,SKU-183,2025-12-30,11,4,24.93,11142.68,Angra dos Reis,RJ,Sudeste
2875,442,SKU-037,2025-12-01,10,4,32.12,10260.24,Teresopolis,RJ,Sudeste
2876,855,SKU-029,2026-03-19,5,2,12.91,1557.8,Serra Talhada,PE,Nordeste
2877,616,SKU-108,2025-06-22,3,2,16.8,4750.16,Coari,AM,Norte
2878,294,SKU-221,2026-01-06,4,1,19.56,1785.2,Guara,DF,Centro-Oeste
2879,297,SKU-145,2025-02-19,11,1,29.38,2599.64,Santos,SP,Sudeste
2880,1466,SKU-210,2026-05-22,6,1,23.2,424.72,Piracicaba,SP,Sudeste
2881,1107,SKU-190,2025-05-11,2,1,10.64,1728.83,Juazeiro do Norte,CE,Nordeste
2882,1261,SKU-032,2026-01-10,12,1,22.16,1852.74,Foz do Iguacu,PR,Sul
2883,961,SKU-044,2025-11-09,1,3,17.51,4510.65,Juiz de Fora,MG,Sudeste
2884,18,SKU-087,2026-03-12,4,4,11.51,2364.48,Erechim,RS,Sul
2885,1458,SKU-091,2025-02-07,3,2,13.64,1920.06,Governador Valadares,MG,Sudeste
2886,169,SKU-173,2025-04-04,6,3,5.43,4397.07,Guarulhos,SP,Sudeste
2887,160,SKU-219,2025-10-18,3,1,25.18,1190.35,Belo Horizonte,MG,Sudeste
2888,1179,SKU-136,2025-11-01,8,2,27.59,63.4,Salvador,BA,Nordeste
2889,129,SKU-004,2025-08-06,14,2,33.25,5552.84,Manaus,AM,Norte
2890,526,SKU-241,2026-04-22,5,1,9.19,392.63,Curitiba,PR,Sul
2891,1296,SKU-052,2025-03-30,8,1,32.22,1692.21,Guarulhos,SP,Sudeste
2892,19,SKU-143,2025-06-28,13,2,25.33,1839.14,Pelotas,RS,Sul
2893,1142,SKU-122,2025-08-14,8,4,18.08,1802.6,Ilheus,BA,Nordeste
2894,251,SKU-113,2025-05-11,6,4,15.71,7253.16,Gravatai,RS,Sul
2895,157,SKU-238,2025-04-20,15,3,19.04,8846.88,Petropolis,RJ,Sudeste
2896,241,SKU-110,2025-04-19,4,3,31.74,1377.63,Erechim,RS,Sul
2897,966,SKU-148,2025-05-11,2,3,10.38,4234.98,Santos,SP,Sudeste
2898,192,SKU-240,2025-04-11,10,2,31.54,733.42,Canoas,RS,Sul
2899,7,SKU-041,2026-04-29,8,3,20.13,6175.83,Paranagua,PR,Sul
2900,63,SKU-181,2025-03-13,4,2,23.09,2627.08,Brasilia,DF,Centro-Oeste
2901,318,SKU-029,2025-04-23,4,2,34.59,1557.8,Lauro de Freitas,BA,Nordeste
2902,497,SKU-202,2026-01-07,13,3,18.86,5326.26,Duque de Caxias,RJ,Sudeste
2903,58,SKU-203,2025-04-02,1,4,33.21,1894.0,Juiz de Fora,MG,Sudeste
2904,1050,SKU-181,2026-02-05,12,3,22.94,3940.62,Sao Paulo,SP,Sudeste
2905,126,SKU-065,2025-07-14,5,4,12.54,10901.2,Novo Hamburgo,RS,Sul
2906,138,SKU-054,2025-06-14,3,4,22.65,9482.48,Maringa,PR,Sul
2907,727,SKU-237,2025-01-08,15,1,18.9,2993.72,Juiz de Fora,MG,Sudeste
2908,1192,SKU-114,2026-02-12,1,2,14.57,4203.64,Caninde,CE,Nordeste
2909,1084,SKU-130,2026-04-02,10,3,25.06,167.94,Rio de Janeiro,RJ,Sudeste
2910,1263,SKU-049,2026-01-17,1,2,6.18,203.2,Piracicaba,SP,Sudeste
2911,1219,SKU-171,2026-03-10,9,2,24.02,4009.76,Montes Claros,MG,Sudeste
2912,813,SKU-109,2026-05-03,6,4,31.54,6149.8,Guarapuava,PR,Sul
2913,471,SKU-031,2026-05-06,11,2,21.58,1977.86,Paranagua,PR,Sul
2914,3,SKU-075,2025-10-08,12,4,24.13,10512.04,Pelotas,RS,Sul
2915,135,SKU-097,2025-12-29,14,4,30.67,4320.2,Coari,AM,Norte
2916,902,SKU-086,2025-10-31,8,4,27.05,11602.2,Feira de Santana,BA,Nordeste
2917,159,SKU-053,2025-11-18,2,1,29.53,2247.53,Tabatinga,AM,Norte
2918,940,SKU-216,2026-05-27,12,4,22.07,4405.44,Paulista,PE,Nordeste
2919,1010,SKU-093,2026-02-23,13,3,28.67,1047.48,Sao Paulo,SP,Sudeste
2920,1298,SKU-236,2025-08-23,3,2,18.43,1272.32,Vitoria da Conquista,BA,Nordeste
2921,500,SKU-102,2025-10-06,10,3,24.12,5521.59,Rio de Janeiro,RJ,Sudeste
2922,46,SKU-249,2025-05-11,6,3,7.78,2110.35,Foz do Iguacu,PR,Sul
2923,360,SKU-151,2026-01-13,8,2,18.59,5240.36,Contagem,MG,Sudeste
2924,250,SKU-012,2025-10-07,4,1,13.54,2514.31,Petrolina,PE,Nordeste
2925,8,SKU-159,2026-04-29,3,1,21.35,2344.54,Passo Fundo,RS,Sul
2926,57,SKU-144,2025-05-27,11,1,5.48,77.64,Gravatai,RS,Sul
2927,871,SKU-080,2025-07-14,2,2,9.99,3284.08,Salvador,BA,Nordeste
2928,781,SKU-173,2025-11-09,1,4,31.93,5862.76,Coari,AM,Norte
2929,333,SKU-111,2025-12-03,9,2,23.1,4741.14,Maues,AM,Norte
2930,1312,SKU-169,2025-10-29,1,4,17.09,8767.72,Brasilia,DF,Centro-Oeste
2931,1359,SKU-113,2026-06-02,7,2,14.32,3626.58,Garanhuns,PE,Nordeste
2932,227,SKU-080,2025-08-16,11,4,32.88,6568.16,Piracicaba,SP,Sudeste
2933,156,SKU-133,2026-02-23,9,2,31.36,5178.42,Salvador,BA,Nordeste
2934,173,SKU-149,2025-07-05,10,3,28.61,8640.21,Olinda,PE,Nordeste
2935,355,SKU-048,2026-01-22,13,4,21.97,4887.76,Contagem,MG,Sudeste
2936,1256,SKU-037,2025-12-02,4,4,27.03,10260.24,Ipatinga,MG,Sudeste
2937,613,SKU-078,2026-02-27,8,2,19.21,3610.7,Ribeirao Preto,SP,Sudeste
2938,56,SKU-200,2025-09-04,7,3,24.14,8862.78,Garanhuns,PE,Nordeste
2939,22,SKU-091,2025-04-13,9,3,22.98,2880.09,Jaboatao dos Guararapes,PE,Nordeste
2940,7,SKU-097,2026-02-10,13,2,20.06,2160.1,Tefe,AM,Norte
2941,830,SKU-134,2026-04-28,15,2,13.16,1519.98,Sao Jose dos Pinhais,PR,Sul
2942,1457,SKU-228,2025-01-20,2,2,25.41,4826.2,Gama,DF,Centro-Oeste
2943,420,SKU-110,2025-11-28,5,4,29.0,1836.84,Santa Maria,RS,Sul
2944,6,SKU-144,2025-08-22,9,2,31.06,155.28,Manacapuru,AM,Norte
2945,3,SKU-102,2025-07-15,13,3,19.07,5521.59,Ceilandia,DF,Centro-Oeste
2946,34,SKU-214,2025-07-28,11,4,33.97,2971.48,Samambaia,DF,Centro-Oeste
2947,1413,SKU-142,2025-01-03,15,1,28.28,916.37,Juiz de Fora,MG,Sudeste
2948,969,SKU-020,2026-01-30,1,2,7.87,1163.14,Vitoria da Conquista,BA,Nordeste
2949,1,SKU-040,2025-09-04,15,1,15.91,1148.86,Caxias do Sul,RS,Sul
2950,66,SKU-209,2026-02-09,10,2,25.37,3970.48,Curitiba,PR,Sul
2951,473,SKU-021,2025-06-21,9,4,6.37,5496.88,Caxias do Sul,RS,Sul
2952,545,SKU-110,2026-05-11,10,2,6.05,918.42,Petropolis,RJ,Sudeste
2953,194,SKU-005,2025-09-08,11,1,24.89,1050.06,Quixada,CE,Nordeste
2954,166,SKU-232,2025-01-15,11,1,25.97,1695.44,Teresopolis,RJ,Sudeste
2955,1494,SKU-192,2025-03-23,14,4,16.29,122.52,Itabuna,BA,Nordeste
2956,872,SKU-241,2025-10-29,13,3,20.89,1177.89,Ponta Grossa,PR,Sul
2957,1126,SKU-233,2026-05-08,5,1,16.18,2064.7,Volta Redonda,RJ,Sudeste
2958,787,SKU-078,2026-03-22,8,1,8.41,1805.35,Osasco,SP,Sudeste
2959,1,SKU-124,2025-05-25,1,2,32.18,608.08,Curitiba,PR,Sul
2960,596,SKU-169,2025-01-10,3,2,13.49,4383.86,Ceilandia,DF,Centro-Oeste
2961,1060,SKU-043,2025-04-26,6,4,24.98,1688.16,Sao Paulo,SP,Sudeste
2962,1119,SKU-223,2025-08-08,4,2,12.96,4987.54,Cabo Frio,RJ,Sudeste
2963,36,SKU-189,2025-12-25,6,2,26.34,2238.6,Olinda,PE,Nordeste
2964,40,SKU-223,2025-02-13,7,2,7.65,4987.54,Niteroi,RJ,Sudeste
2965,342,SKU-089,2025-10-25,15,2,20.87,3430.68,Pelotas,RS,Sul
2966,238,SKU-174,2025-01-28,8,1,27.48,2919.1,Campos dos Goytacazes,RJ,Sudeste
2967,398,SKU-029,2026-03-20,12,4,28.84,3115.6,Tefe,AM,Norte
2968,35,SKU-154,2025-01-08,9,2,14.6,5953.08,Itabuna,BA,Nordeste
2969,250,SKU-066,2025-06-23,3,4,18.27,10477.84,Santos,SP,Sudeste
2970,5,SKU-147,2025-11-03,11,1,19.5,2713.88,Itabuna,BA,Nordeste
2971,1109,SKU-073,2025-01-13,9,3,28.76,3093.33,Teresopolis,RJ,Sudeste
2972,130,SKU-020,2025-03-04,1,3,5.82,1744.71,Juazeiro,BA,Nordeste
2973,432,SKU-129,2025-11-24,8,2,21.43,1122.8,Igarassu,PE,Nordeste
2974,10,SKU-201,2026-05-24,1,3,18.08,4200.06,Guara,DF,Centro-Oeste
2975,819,SKU-144,2025-08-21,11,1,24.51,77.64,Petrolina,PE,Nordeste
2976,142,SKU-011,2025-12-14,8,2,14.66,4275.94,Campinas,SP,Sudeste
2977,1228,SKU-114,2025-06-21,15,4,24.24,8407.28,Maracanau,CE,Nordeste
2978,800,SKU-141,2025-07-11,3,1,8.53,2420.37,Manacapuru,AM,Norte
2979,1,SKU-028,2025-04-03,1,2,6.9,2317.0,Santa Maria,RS,Sul
2980,288,SKU-051,2026-01-28,1,1,7.19,228.45,Recanto das Emas,DF,Centro-Oeste
2981,212,SKU-046,2025-11-07,11,1,17.04,1436.76,Niteroi,RJ,Sudeste
2982,344,SKU-183,2025-10-07,1,4,29.06,11142.68,Angra dos Reis,RJ,Sudeste
2983,683,SKU-070,2025-12-27,7,4,22.0,7844.0,Autazes,AM,Norte
2984,1363,SKU-162,2025-04-02,8,2,31.83,3724.24,Curitiba,PR,Sul
2985,829,SKU-155,2025-01-26,4,3,24.04,309.93,Parintins,AM,Norte
2986,456,SKU-169,2025-05-04,14,1,32.42,2191.93,Duque de Caxias,RJ,Sudeste
2987,1244,SKU-179,2026-02-21,8,4,28.87,3000.84,Igarassu,PE,Nordeste
2988,274,SKU-019,2025-12-13,2,2,13.04,1194.58,Recife,PE,Nordeste
2989,366,SKU-146,2025-06-06,2,1,18.5,2387.47,Foz do Iguacu,PR,Sul
2990,1307,SKU-124,2026-04-23,9,1,8.87,304.04,Contagem,MG,Sudeste
2991,1,SKU-181,2025-12-25,8,2,14.16,2627.08,Itacoatiara,AM,Norte
2992,332,SKU-035,2025-11-27,15,2,26.86,5554.38,Piracicaba,SP,Sudeste
2993,200,SKU-151,2025-07-06,13,3,20.72,7860.54,Maues,AM,Norte
2994,94,SKU-182,2026-05-30,10,4,10.24,11258.6,Juazeiro do Norte,CE,Nordeste
2995,568,SKU-244,2025-07-14,15,2,23.86,1024.02,Teixeira de Freitas,BA,Nordeste
2996,715,SKU-005,2025-06-17,10,3,5.9,3150.18,Samambaia,DF,Centro-Oeste
2997,394,SKU-171,2026-03-10,13,2,26.42,4009.76,Coari,AM,Norte
2998,235,SKU-137,2025-10-20,10,3,9.06,6810.45,Maracanau,CE,Nordeste
2999,480,SKU-082,2026-02-07,2,3,8.93,2291.01,Erechim,RS,Sul
3000,473,SKU-142,2026-03-03,4,4,17.16,3665.48,Ipatinga,MG,Sudeste
3001,180,SKU-222,2025-08-20,11,2,30.71,1749.84,Sao Bernardo do Campo,SP,Sudeste
3002,45,SKU-219,2025-04-17,13,4,17.72,4761.4,Santa Maria,RS,Sul
3003,9,SKU-068,2025-05-17,15,1,16.23,1698.21,Santa Maria,RS,Sul
3004,725,SKU-088,2025-07-01,9,4,11.35,11224.84,Pocos de Caldas,MG,Sudeste
3005,278,SKU-228,2025-08-11,5,2,15.93,4826.2,Ribeirao Preto,SP,Sudeste
3006,118,SKU-093,2025-05-01,2,3,11.1,1047.48,Maringa,PR,Sul
3007,14,SKU-120,2025-12-14,10,3,31.68,6390.3,Cascavel,PR,Sul
3008,179,SKU-165,2025-10-23,9,2,27.96,3309.52,Cabo Frio,RJ,Sudeste
3009,786,SKU-046,2025-11-04,2,4,12.13,5747.04,Volta Redonda,RJ,Sudeste
3010,47,SKU-029,2025-05-06,3,4,13.19,3115.6,Itapipoca,CE,Nordeste
3011,1226,SKU-170,2026-02-01,8,3,10.34,5066.85,Sobradinho,DF,Centro-Oeste
3012,54,SKU-113,2025-07-29,9,3,11.43,5439.87,Recanto das Emas,DF,Centro-Oeste
3013,1174,SKU-096,2025-05-02,8,3,12.2,3919.53,Sao Paulo,SP,Sudeste
3014,162,SKU-031,2025-09-25,4,3,34.45,2966.79,Cabo Frio,RJ,Sudeste
3015,1108,SKU-123,2025-07-01,3,2,6.46,2492.22,Caninde,CE,Nordeste
3016,113,SKU-190,2025-07-21,3,1,5.77,1728.83,Parintins,AM,Norte
3017,105,SKU-077,2025-09-02,5,4,21.05,9929.72,Olinda,PE,Nordeste
3018,73,SKU-013,2025-03-14,7,3,23.96,5942.91,Sao Bernardo do Campo,SP,Sudeste
3019,825,SKU-152,2026-02-03,11,1,26.76,1552.31,Serra Talhada,PE,Nordeste
3020,270,SKU-192,2026-04-02,9,3,23.21,91.89,Uberlandia,MG,Sudeste
3021,1255,SKU-154,2025-02-07,14,4,15.14,11906.16,Jaboatao dos Guararapes,PE,Nordeste
3022,906,SKU-113,2025-03-27,15,3,22.44,5439.87,Niteroi,RJ,Sudeste
3023,49,SKU-001,2025-05-23,15,2,7.44,2446.56,Sao Paulo,SP,Sudeste
3024,108,SKU-014,2025-07-11,7,4,9.95,4967.04,Sobradinho,DF,Centro-Oeste
3025,944,SKU-247,2026-06-08,1,2,24.17,3103.78,Petropolis,RJ,Sudeste
3026,475,SKU-228,2025-03-23,5,3,27.43,7239.3,Sobradinho,DF,Centro-Oeste
3027,37,SKU-010,2026-04-19,14,4,27.89,11221.92,Recanto das Emas,DF,Centro-Oeste
3028,621,SKU-248,2026-04-09,5,3,9.92,5623.77,Campinas,SP,Sudeste
3029,16,SKU-215,2025-10-04,4,2,12.72,4341.46,Guarulhos,SP,Sudeste
3030,1072,SKU-044,2025-09-10,6,4,7.03,6014.2,Lauro de Freitas,BA,Nordeste
3031,52,SKU-181,2025-11-26,12,3,18.71,3940.62,Teixeira de Freitas,BA,Nordeste
3032,300,SKU-230,2026-05-17,6,2,22.79,3625.46,Sorocaba,SP,Sudeste
3033,388,SKU-148,2026-04-26,8,2,16.7,2823.32,Recife,PE,Nordeste
3034,158,SKU-161,2025-04-13,5,1,16.07,2175.95,Erechim,RS,Sul
3035,810,SKU-138,2025-04-16,10,3,5.13,4247.58,Ponta Grossa,PR,Sul
3036,8,SKU-061,2025-12-16,6,4,27.26,7568.04,Pocos de Caldas,MG,Sudeste
3037,894,SKU-162,2026-02-24,7,4,17.77,7448.48,Piracicaba,SP,Sudeste
3038,77,SKU-079,2026-04-25,14,4,5.51,9266.52,Crato,CE,Nordeste
3039,15,SKU-044,2025-03-31,7,1,7.66,1503.55,Maringa,PR,Sul
3040,49,SKU-036,2026-01-24,9,3,30.15,1138.44,Londrina,PR,Sul
3041,3,SKU-201,2025-05-14,9,3,15.36,4200.06,Curitiba,PR,Sul
3042,196,SKU-202,2025-08-28,3,3,17.16,5326.26,Gravatai,RS,Sul
3043,972,SKU-165,2025-09-08,1,4,28.19,6619.04,Gama,DF,Centro-Oeste
3044,1024,SKU-186,2026-03-04,15,3,28.2,821.46,Teixeira de Freitas,BA,Nordeste
3045,85,SKU-225,2025-09-16,2,3,26.82,7682.79,Montes Claros,MG,Sudeste
3046,52,SKU-242,2025-12-05,2,3,17.58,7119.99,Brasilia,DF,Centro-Oeste
3047,666,SKU-207,2025-11-29,13,2,30.56,2381.32,Itapipoca,CE,Nordeste
3048,617,SKU-045,2025-10-08,13,4,14.83,6359.08,Contagem,MG,Sudeste
3049,598,SKU-128,2025-09-18,6,1,9.27,398.69,Bento Goncalves,RS,Sul
3050,120,SKU-113,2025-01-01,10,1,21.81,1813.29,Volta Redonda,RJ,Sudeste
3051,778,SKU-241,2025-05-12,8,3,9.31,1177.89,Gama,DF,Centro-Oeste
3052,1191,SKU-057,2025-12-15,14,1,26.21,2002.19,Erechim,RS,Sul
3053,363,SKU-181,2025-09-11,2,3,9.83,3940.62,Guarapuava,PR,Sul
3054,159,SKU-186,2026-03-21,6,2,5.65,547.64,Osasco,SP,Sudeste
3055,37,SKU-102,2025-09-09,2,2,12.9,3681.06,Jaboatao dos Guararapes,PE,Nordeste
3056,431,SKU-128,2026-05-23,11,2,18.46,797.38,Itacoatiara,AM,Norte
3057,233,SKU-090,2025-07-13,2,2,25.75,5891.28,Ribeirao Preto,SP,Sudeste
3058,772,SKU-157,2025-03-09,4,4,7.55,7506.64,Recife,PE,Nordeste
3059,71,SKU-213,2025-08-25,5,1,20.14,1476.08,Ilheus,BA,Nordeste
3060,16,SKU-167,2025-11-05,11,2,17.59,2927.02,Recife,PE,Nordeste
3061,58,SKU-005,2025-07-23,1,1,11.68,1050.06,Autazes,AM,Norte
3062,813,SKU-176,2025-03-10,12,1,22.41,2356.93,Igarassu,PE,Nordeste
3063,1432,SKU-239,2026-02-28,4,4,33.19,903.88,Quixada,CE,Nordeste
3064,1100,SKU-088,2026-04-13,6,4,14.33,11224.84,Ilheus,BA,Nordeste
3065,586,SKU-015,2025-08-02,10,3,31.99,5827.17,Parintins,AM,Norte
3066,177,SKU-221,2025-09-14,15,2,15.75,3570.4,Niteroi,RJ,Sudeste
3067,7,SKU-098,2025-07-29,9,3,16.14,2049.06,Porto Alegre,RS,Sul
3068,587,SKU-193,2025-05-19,4,2,25.73,4955.7,Caxias do Sul,RS,Sul
3069,213,SKU-191,2025-03-13,6,3,34.21,980.73,Tabatinga,AM,Norte
3070,847,SKU-008,2026-04-21,7,1,9.3,2088.85,Curitiba,PR,Sul
3071,36,SKU-204,2026-03-09,6,1,16.57,980.25,Londrina,PR,Sul
3072,613,SKU-032,2025-11-01,3,3,29.45,5558.22,Iguatu,CE,Nordeste
3073,23,SKU-240,2026-03-07,11,3,21.87,1100.13,Santa Maria,RS,Sul
3074,35,SKU-179,2026-04-10,1,2,6.64,1500.42,Planaltina,DF,Centro-Oeste
3075,300,SKU-084,2026-05-05,4,2,15.35,2937.0,Santos,SP,Sudeste
3076,834,SKU-199,2026-01-05,6,2,18.62,3941.72,Petropolis,RJ,Sudeste
3077,462,SKU-138,2025-09-28,14,1,22.75,1415.86,Planaltina,DF,Centro-Oeste
3078,560,SKU-244,2025-03-26,10,4,25.36,2048.04,Lauro de Freitas,BA,Nordeste
3079,11,SKU-181,2025-10-10,5,3,30.09,3940.62,Petrolina,PE,Nordeste
3080,295,SKU-197,2025-11-26,1,2,12.15,1745.16,Brasilia,DF,Centro-Oeste
3081,111,SKU-248,2026-01-15,7,2,14.09,3749.18,Pocos de Caldas,MG,Sudeste
3082,383,SKU-094,2025-12-05,9,3,19.81,6208.71,Campinas,SP,Sudeste
3083,532,SKU-196,2026-05-15,7,3,27.93,7004.82,Duque de Caxias,RJ,Sudeste
3084,320,SKU-012,2025-08-22,12,4,19.7,10057.24,Salvador,BA,Nordeste
3085,31,SKU-129,2025-01-29,8,1,28.92,561.4,Londrina,PR,Sul
3086,365,SKU-183,2025-02-03,11,4,12.24,11142.68,Recife,PE,Nordeste
3087,103,SKU-106,2025-04-11,10,2,24.91,953.3,Guarulhos,SP,Sudeste
3088,587,SKU-206,2025-03-31,6,4,31.56,2612.08,Teixeira de Freitas,BA,Nordeste
3089,1074,SKU-125,2025-12-20,14,3,24.43,4972.14,Manacapuru,AM,Norte
3090,30,SKU-144,2026-02-14,15,4,25.62,310.56,Tabatinga,AM,Norte
3091,17,SKU-091,2025-02-23,15,4,32.22,3840.12,Gravata,PE,Nordeste
3092,402,SKU-089,2026-01-03,14,4,8.29,6861.36,Juazeiro,BA,Nordeste
3093,273,SKU-107,2025-03-24,1,4,17.44,6550.24,Planaltina,DF,Centro-Oeste
3094,494,SKU-108,2025-09-02,10,4,12.53,9500.32,Sorocaba,SP,Sudeste
3095,1175,SKU-081,2025-05-03,4,4,8.5,6298.92,Nova Iguacu,RJ,Sudeste
3096,531,SKU-107,2025-07-12,9,2,8.95,3275.12,Feira de Santana,BA,Nordeste
3097,41,SKU-102,2026-02-18,11,1,22.8,1840.53,Petropolis,RJ,Sudeste
3098,766,SKU-232,2026-04-07,8,3,21.74,5086.32,Serra Talhada,PE,Nordeste
3099,474,SKU-135,2026-05-09,7,4,27.19,7724.8,Teresopolis,RJ,Sudeste
3100,1301,SKU-015,2025-12-22,12,2,19.84,3884.78,Ribeirao Preto,SP,Sudeste
3101,73,SKU-147,2025-07-07,7,2,27.86,5427.76,Ceilandia,DF,Centro-Oeste
3102,105,SKU-061,2025-01-05,10,1,9.02,1892.01,Guarapuava,PR,Sul
3103,1265,SKU-197,2025-01-11,13,1,19.64,872.58,Caxias do Sul,RS,Sul
3104,565,SKU-147,2026-05-30,6,4,12.31,10855.52,Osasco,SP,Sudeste
3105,681,SKU-058,2026-02-02,4,1,17.6,1181.94,Juiz de Fora,MG,Sudeste
3106,1,SKU-049,2025-12-23,8,4,19.11,406.4,Teixeira de Freitas,BA,Nordeste
3107,223,SKU-159,2025-10-24,13,2,27.99,4689.08,Coari,AM,Norte
3108,10,SKU-205,2025-11-02,14,1,30.14,394.18,Sao Jose dos Campos,SP,Sudeste
3109,842,SKU-121,2025-07-28,13,1,11.54,265.39,Betim,MG,Sudeste
3110,426,SKU-182,2026-04-01,12,3,30.95,8443.95,Caruaru,PE,Nordeste
3111,955,SKU-033,2025-08-23,9,3,30.17,7776.81,Niteroi,RJ,Sudeste
3112,412,SKU-193,2025-06-04,11,1,33.96,2477.85,Manaus,AM,Norte
3113,1074,SKU-220,2025-12-04,6,4,34.0,9264.16,Cabo Frio,RJ,Sudeste
3114,69,SKU-167,2025-03-07,13,1,7.82,1463.51,Pocos de Caldas,MG,Sudeste
3115,14,SKU-125,2025-01-31,7,2,24.13,3314.76,Garanhuns,PE,Nordeste
3116,89,SKU-167,2025-11-08,3,4,10.26,5854.04,Nova Iguacu,RJ,Sudeste
3117,271,SKU-218,2025-12-01,11,3,15.09,1406.94,Canoas,RS,Sul
3118,377,SKU-013,2025-06-27,8,3,34.64,5942.91,Sao Jose dos Campos,SP,Sudeste
3119,209,SKU-089,2025-07-22,12,1,24.8,1715.34,Betim,MG,Sudeste
3120,189,SKU-217,2026-04-04,11,3,17.44,114.39,Teresopolis,RJ,Sudeste
3121,189,SKU-209,2025-09-13,9,1,16.07,1985.24,Maues,AM,Norte
3122,9,SKU-203,2025-03-10,3,2,26.03,947.0,Paulista,PE,Nordeste
3123,133,SKU-219,2025-10-27,9,1,20.01,1190.35,Uberaba,MG,Sudeste
3124,96,SKU-129,2025-06-23,2,1,32.21,561.4,Volta Redonda,RJ,Sudeste
3125,126,SKU-120,2026-03-29,4,4,17.41,8520.4,Ceilandia,DF,Centro-Oeste
3126,254,SKU-022,2026-02-23,9,3,18.21,3680.73,Vitoria da Conquista,BA,Nordeste
3127,1226,SKU-043,2025-05-18,11,4,8.26,1688.16,Gama,DF,Centro-Oeste
3128,120,SKU-238,2025-01-25,10,2,21.88,5897.92,Coari,AM,Norte
3129,920,SKU-049,2025-09-20,2,3,18.74,304.8,Garanhuns,PE,Nordeste
3130,793,SKU-061,2026-03-24,12,3,23.76,5676.03,Sao Paulo,SP,Sudeste
3131,1207,SKU-218,2025-04-03,9,3,22.83,1406.94,Igarassu,PE,Nordeste
3132,62,SKU-243,2025-08-02,7,3,33.78,8509.41,Samambaia,DF,Centro-Oeste
3133,986,SKU-237,2025-04-30,7,3,7.61,8981.16,Fortaleza,CE,Nordeste
3134,234,SKU-144,2025-12-02,9,2,17.29,155.28,Maues,AM,Norte
3135,5,SKU-240,2026-03-25,15,2,5.02,733.42,Belo Horizonte,MG,Sudeste
3136,1111,SKU-058,2025-08-08,13,1,33.31,1181.94,Belo Horizonte,MG,Sudeste
3137,1255,SKU-159,2026-03-14,8,4,30.57,9378.16,Caruaru,PE,Nordeste
3138,48,SKU-005,2025-07-24,4,4,11.71,4200.24,Colombo,PR,Sul
3139,1462,SKU-097,2026-01-06,10,4,19.49,4320.2,Caucaia,CE,Nordeste
3140,607,SKU-001,2025-12-22,13,4,24.78,4893.12,Teixeira de Freitas,BA,Nordeste
3141,135,SKU-221,2025-07-18,5,4,19.67,7140.8,Sorocaba,SP,Sudeste
3142,243,SKU-116,2025-07-26,1,2,7.28,4361.62,Sao Jose dos Pinhais,PR,Sul
3143,537,SKU-191,2025-12-16,8,3,34.63,980.73,Autazes,AM,Norte
3144,846,SKU-062,2025-02-21,9,3,20.52,7467.27,Tefe,AM,Norte
3145,30,SKU-218,2025-06-14,10,3,11.37,1406.94,Petropolis,RJ,Sudeste
3146,971,SKU-109,2026-03-06,15,2,14.49,3074.9,Caninde,CE,Nordeste
3147,7,SKU-009,2025-12-02,7,1,14.18,1645.67,Duque de Caxias,RJ,Sudeste
3148,29,SKU-081,2026-04-24,11,1,6.23,1574.73,Teresopolis,RJ,Sudeste
3149,8,SKU-228,2025-02-05,5,4,11.29,9652.4,Tabatinga,AM,Norte
3150,245,SKU-235,2025-08-26,14,3,26.85,5947.95,Ponta Grossa,PR,Sul
3151,256,SKU-147,2025-08-26,4,1,21.63,2713.88,Londrina,PR,Sul
3152,23,SKU-136,2025-11-22,3,4,19.93,126.8,Manacapuru,AM,Norte
3153,24,SKU-246,2025-01-14,11,3,13.81,7694.73,Coari,AM,Norte
3154,953,SKU-045,2026-01-03,4,1,8.11,1589.77,Brasilia,DF,Centro-Oeste
3155,867,SKU-154,2025-11-04,5,1,22.33,2976.54,Uberaba,MG,Sudeste
3156,10,SKU-047,2025-11-18,12,4,23.64,894.28,Brasilia,DF,Centro-Oeste
3157,713,SKU-195,2025-05-23,8,2,21.73,445.76,Iguatu,CE,Nordeste
3158,241,SKU-111,2025-02-07,6,4,29.94,9482.28,Presidente Figueiredo,AM,Norte
3159,1211,SKU-215,2025-03-14,11,2,28.43,4341.46,Curitiba,PR,Sul
3160,78,SKU-157,2026-04-27,11,2,21.01,3753.32,Cascavel,PR,Sul
3161,747,SKU-050,2025-01-22,3,1,20.32,1989.79,Caruaru,PE,Nordeste
3162,728,SKU-146,2025-07-29,13,4,26.17,9549.88,Governador Valadares,MG,Sudeste
3163,232,SKU-131,2025-06-20,9,1,19.16,2445.52,Ilheus,BA,Nordeste
3164,14,SKU-084,2025-05-01,14,2,11.7,2937.0,Niteroi,RJ,Sudeste
3165,346,SKU-107,2025-02-27,14,3,18.13,4912.68,Iguatu,CE,Nordeste
3166,321,SKU-019,2025-05-20,15,2,27.9,1194.58,Porto Alegre,RS,Sul
3167,44,SKU-249,2026-03-31,6,3,29.11,2110.35,Curitiba,PR,Sul
3168,395,SKU-193,2025-07-10,7,2,25.39,4955.7,Sao Jose dos Campos,SP,Sudeste
3169,1,SKU-113,2026-05-16,13,4,8.32,7253.16,Betim,MG,Sudeste
3170,549,SKU-170,2025-06-29,4,4,14.71,6755.8,Caucaia,CE,Nordeste
3171,1284,SKU-073,2026-03-01,12,4,33.44,4124.44,Feira de Santana,BA,Nordeste
3172,844,SKU-081,2025-08-23,8,4,15.69,6298.92,Montes Claros,MG,Sudeste
3173,788,SKU-249,2025-11-01,12,2,34.49,1406.9,Vitoria da Conquista,BA,Nordeste
3174,278,SKU-216,2025-02-19,13,1,29.49,1101.36,Feira de Santana,BA,Nordeste
3175,1289,SKU-210,2025-04-25,13,3,27.07,1274.16,Maracanau,CE,Nordeste
3176,91,SKU-222,2025-12-19,12,1,14.59,874.92,Petrolina,PE,Nordeste
3177,279,SKU-010,2026-01-13,10,1,24.83,2805.48,Manaus,AM,Norte
3178,459,SKU-130,2025-08-03,7,1,30.78,55.98,Santa Maria,RS,Sul
3179,170,SKU-016,2025-07-01,4,4,14.6,127.08,Recife,PE,Nordeste
3180,1279,SKU-077,2025-12-19,13,4,11.08,9929.72,Canoas,RS,Sul
3181,452,SKU-039,2025-09-08,5,3,23.71,4385.91,Vitoria da Conquista,BA,Nordeste
3182,898,SKU-116,2025-02-24,14,3,7.31,6542.43,Teixeira de Freitas,BA,Nordeste
3183,436,SKU-244,2025-05-17,14,4,10.77,2048.04,Manaus,AM,Norte
3184,627,SKU-206,2025-06-20,2,3,34.86,1959.06,Ipatinga,MG,Sudeste
3185,227,SKU-171,2026-02-04,10,2,26.46,4009.76,Tefe,AM,Norte
3186,1317,SKU-246,2025-09-14,11,4,17.54,10259.64,Contagem,MG,Sudeste
3187,345,SKU-054,2025-12-19,7,3,19.09,7111.86,Juazeiro do Norte,CE,Nordeste
3188,430,SKU-147,2025-07-13,12,1,28.9,2713.88,Juiz de Fora,MG,Sudeste
3189,505,SKU-072,2025-04-03,9,2,32.99,2957.46,Pelotas,RS,Sul
3190,863,SKU-001,2026-02-06,14,2,15.46,2446.56,Planaltina,DF,Centro-Oeste
3191,816,SKU-234,2026-05-29,2,3,13.24,274.35,Ilheus,BA,Nordeste
3192,1075,SKU-157,2025-06-18,2,3,21.16,5629.98,Manacapuru,AM,Norte
3193,114,SKU-001,2025-02-22,4,2,15.41,2446.56,Porto Alegre,RS,Sul
3194,1233,SKU-041,2026-06-02,11,2,17.93,4117.22,Gravatai,RS,Sul
3195,150,SKU-157,2025-01-10,7,3,34.52,5629.98,Sobradinho,DF,Centro-Oeste
3196,208,SKU-026,2026-03-13,3,4,24.63,9598.24,Nova Iguacu,RJ,Sudeste
3197,921,SKU-204,2026-01-11,7,1,20.74,980.25,Pocos de Caldas,MG,Sudeste
3198,1240,SKU-081,2026-01-31,8,3,33.81,4724.19,Santa Maria,RS,Sul
3199,238,SKU-176,2025-06-29,9,2,5.61,4713.86,Montes Claros,MG,Sudeste
3200,304,SKU-134,2025-10-24,4,4,19.0,3039.96,Novo Hamburgo,RS,Sul
3201,14,SKU-052,2025-09-07,1,1,30.56,1692.21,Guarapuava,PR,Sul
3202,22,SKU-041,2026-02-08,4,2,20.42,4117.22,Sao Jose dos Campos,SP,Sudeste
3203,749,SKU-104,2025-11-16,5,1,20.47,2586.86,Paranagua,PR,Sul
3204,503,SKU-162,2025-04-03,14,4,29.21,7448.48,Santa Maria,RS,Sul
3205,651,SKU-057,2025-02-05,7,2,33.28,4004.38,Campinas,SP,Sudeste
3206,269,SKU-197,2026-01-20,5,4,10.37,3490.32,Pocos de Caldas,MG,Sudeste
3207,211,SKU-082,2025-11-10,11,1,13.7,763.67,Osasco,SP,Sudeste
3208,177,SKU-158,2026-01-23,2,2,9.89,4565.44,Gama,DF,Centro-Oeste
3209,886,SKU-027,2025-01-02,7,3,20.81,6225.36,Rio de Janeiro,RJ,Sudeste
3210,813,SKU-199,2026-03-01,14,1,27.19,1970.86,Santos,SP,Sudeste
3211,241,SKU-002,2025-10-31,5,4,22.73,9793.04,Angra dos Reis,RJ,Sudeste
3212,576,SKU-086,2025-07-24,15,1,32.27,2900.55,Olinda,PE,Nordeste
3213,159,SKU-019,2025-01-25,9,4,16.67,2389.16,Caninde,CE,Nordeste
3214,136,SKU-121,2025-08-15,1,2,32.28,530.78,Paulista,PE,Nordeste
3215,1155,SKU-234,2025-10-08,4,2,31.91,182.9,Presidente Figueiredo,AM,Norte
3216,193,SKU-191,2025-09-18,11,1,18.83,326.91,Rio de Janeiro,RJ,Sudeste
3217,337,SKU-044,2026-01-19,11,1,10.07,1503.55,Sorocaba,SP,Sudeste
3218,1302,SKU-008,2026-03-12,6,4,18.34,8355.4,Colombo,PR,Sul
3219,93,SKU-057,2025-07-23,8,1,19.99,2002.19,Duque de Caxias,RJ,Sudeste
3220,510,SKU-082,2026-01-01,10,3,27.07,2291.01,Petropolis,RJ,Sudeste
3221,1272,SKU-222,2025-06-19,3,3,27.61,2624.76,Taguatinga,DF,Centro-Oeste
3222,1,SKU-201,2025-07-04,9,1,15.7,1400.02,Belo Horizonte,MG,Sudeste
3223,530,SKU-175,2025-12-29,9,2,8.32,5186.96,Iguatu,CE,Nordeste
3224,1,SKU-249,2025-06-11,1,4,23.22,2813.8,Montes Claros,MG,Sudeste
3225,1094,SKU-195,2025-02-28,12,4,27.1,891.52,Betim,MG,Sudeste
3226,1269,SKU-017,2025-08-26,6,3,12.16,1376.22,Pelotas,RS,Sul
3227,6,SKU-194,2025-06-22,13,4,12.52,10061.76,Olinda,PE,Nordeste
3228,1423,SKU-144,2025-08-24,11,3,13.87,232.92,Passo Fundo,RS,Sul
3229,245,SKU-066,2025-08-04,12,3,9.63,7858.38,Tabatinga,AM,Norte
3230,427,SKU-049,2025-08-19,5,1,20.68,101.6,Londrina,PR,Sul
3231,479,SKU-168,2025-09-09,6,2,22.72,2991.28,Osasco,SP,Sudeste
3232,998,SKU-086,2025-02-28,11,3,33.12,8701.65,Maues,AM,Norte
3233,23,SKU-150,2025-01-29,8,3,8.54,3422.67,Contagem,MG,Sudeste
3234,372,SKU-027,2025-03-02,8,1,19.5,2075.12,Cascavel,PR,Sul
3235,506,SKU-060,2025-04-20,14,1,19.15,1554.75,Sobral,CE,Nordeste
3236,777,SKU-008,2025-07-25,12,3,15.7,6266.55,Autazes,AM,Norte
3237,127,SKU-243,2026-02-10,8,3,25.23,8509.41,Maracanau,CE,Nordeste
3238,141,SKU-072,2026-01-23,3,4,16.31,5914.92,Guarulhos,SP,Sudeste
3239,82,SKU-097,2025-03-01,2,3,30.54,3240.15,Sobral,CE,Nordeste
3240,40,SKU-143,2025-04-19,4,1,10.79,919.57,Presidente Figueiredo,AM,Norte
3241,391,SKU-040,2025-12-31,1,2,28.72,2297.72,Planaltina,DF,Centro-Oeste
3242,153,SKU-149,2025-09-10,7,3,8.51,8640.21,Santos,SP,Sudeste
3243,568,SKU-182,2025-12-03,12,4,34.23,11258.6,Vitoria da Conquista,BA,Nordeste
3244,1269,SKU-108,2025-10-24,4,1,11.51,2375.08,Campos dos Goytacazes,RJ,Sudeste
3245,254,SKU-134,2025-03-13,2,4,14.45,3039.96,Colombo,PR,Sul
3246,104,SKU-063,2026-05-15,14,4,31.59,10463.56,Uberaba,MG,Sudeste
3247,1166,SKU-132,2025-08-24,4,2,5.34,861.6,Gama,DF,Centro-Oeste
3248,553,SKU-035,2026-02-11,4,1,20.66,2777.19,Tabatinga,AM,Norte
3249,58,SKU-207,2026-04-25,2,2,13.71,2381.32,Campinas,SP,Sudeste
3250,108,SKU-208,2026-05-16,12,3,18.66,7690.83,Ilheus,BA,Nordeste
3251,374,SKU-173,2026-04-06,1,4,6.11,5862.76,Recanto das Emas,DF,Centro-Oeste
3252,512,SKU-107,2026-04-15,14,1,23.09,1637.56,Porto Seguro,BA,Nordeste
3253,183,SKU-123,2026-04-07,11,2,23.29,2492.22,Rio de Janeiro,RJ,Sudeste
3254,70,SKU-176,2025-09-14,9,1,15.29,2356.93,Novo Hamburgo,RS,Sul
3255,1231,SKU-187,2025-04-09,13,1,20.57,1302.77,Ribeirao Preto,SP,Sudeste
3256,24,SKU-173,2026-05-24,1,3,17.88,4397.07,Ponta Grossa,PR,Sul
3257,351,SKU-183,2025-06-15,8,1,31.94,2785.67,Autazes,AM,Norte
3258,670,SKU-206,2025-03-11,2,4,33.59,2612.08,Recanto das Emas,DF,Centro-Oeste
3259,239,SKU-130,2026-04-19,13,2,11.95,111.96,Santa Maria,RS,Sul
3260,12,SKU-009,2025-09-28,8,3,18.19,4937.01,Tefe,AM,Norte
3261,1310,SKU-029,2025-05-29,9,4,14.83,3115.6,Juazeiro do Norte,CE,Nordeste
3262,1046,SKU-142,2025-05-28,10,1,9.99,916.37,Caninde,CE,Nordeste
3263,630,SKU-137,2026-06-06,10,3,32.35,6810.45,Betim,MG,Sudeste
3264,1372,SKU-150,2025-03-07,2,4,5.77,4563.56,Coari,AM,Norte
3265,787,SKU-090,2025-12-09,12,3,10.8,8836.92,Porto Alegre,RS,Sul
3266,957,SKU-055,2026-04-12,6,4,11.1,6422.56,Tabatinga,AM,Norte
3267,494,SKU-249,2026-05-21,13,1,19.79,703.45,Campos dos Goytacazes,RJ,Sudeste
3268,594,SKU-066,2025-09-19,1,1,13.13,2619.46,Curitiba,PR,Sul
3269,9,SKU-188,2025-10-06,1,1,28.53,36.2,Porto Seguro,BA,Nordeste
3270,41,SKU-199,2025-05-06,8,1,26.8,1970.86,Curitiba,PR,Sul
3271,897,SKU-156,2026-05-13,3,2,22.53,2723.26,Itacoatiara,AM,Norte
3272,817,SKU-129,2025-12-05,5,3,9.62,1684.2,Santa Maria,RS,Sul
3273,1485,SKU-183,2026-05-13,13,2,31.88,5571.34,Feira de Santana,BA,Nordeste
3274,1098,SKU-236,2026-05-07,5,2,29.37,1272.32,Paulista,PE,Nordeste
3275,312,SKU-241,2026-01-11,15,4,30.09,1570.52,Passo Fundo,RS,Sul
3276,11,SKU-016,2025-11-27,11,2,34.22,63.54,Montes Claros,MG,Sudeste
3277,776,SKU-015,2026-03-17,4,4,18.79,7769.56,Tabatinga,AM,Norte
3278,778,SKU-001,2025-04-20,5,4,13.68,4893.12,Porto Alegre,RS,Sul
3279,9,SKU-237,2025-06-11,5,3,16.31,8981.16,Sao Paulo,SP,Sudeste
3280,28,SKU-231,2025-04-12,6,4,25.46,7976.12,Quixada,CE,Nordeste
3281,40,SKU-199,2025-01-01,10,4,8.31,7883.44,Ipatinga,MG,Sudeste
3282,1480,SKU-189,2026-04-25,1,1,18.17,1119.3,Gravatai,RS,Sul
3283,267,SKU-204,2025-10-30,10,2,34.99,1960.5,Juazeiro do Norte,CE,Nordeste
3284,791,SKU-235,2025-01-25,8,3,11.32,5947.95,Parintins,AM,Norte
3285,1243,SKU-105,2026-04-18,1,4,9.06,1312.36,Ipatinga,MG,Sudeste
3286,38,SKU-090,2025-11-16,10,2,33.52,5891.28,Caruaru,PE,Nordeste
3287,11,SKU-131,2025-11-13,6,4,13.18,9782.08,Juazeiro do Norte,CE,Nordeste
3288,277,SKU-212,2025-10-17,11,4,29.21,10445.8,Itacoatiara,AM,Norte
3289,6,SKU-053,2026-03-23,12,1,16.72,2247.53,Volta Redonda,RJ,Sudeste
3290,959,SKU-090,2025-02-03,5,2,16.79,5891.28,Nova Iguacu,RJ,Sudeste
3291,3,SKU-160,2026-04-28,13,2,7.81,5601.7,Juiz de Fora,MG,Sudeste
3292,902,SKU-015,2026-03-19,5,4,18.17,7769.56,Paulista,PE,Nordeste
3293,659,SKU-084,2025-08-28,10,2,13.33,2937.0,Campos dos Goytacazes,RJ,Sudeste
3294,127,SKU-086,2025-08-18,15,2,33.35,5801.1,Tefe,AM,Norte
3295,12,SKU-141,2025-01-13,9,3,21.62,7261.11,Nova Iguacu,RJ,Sudeste
3296,4,SKU-086,2026-04-09,13,2,10.6,5801.1,Novo Hamburgo,RS,Sul
3297,985,SKU-220,2026-01-30,7,3,15.71,6948.12,Vitoria da Conquista,BA,Nordeste
3298,24,SKU-031,2025-01-31,8,4,5.33,3955.72,Juazeiro,BA,Nordeste
3299,1,SKU-247,2025-06-10,8,3,6.08,4655.67,Gravata,PE,Nordeste
3300,1193,SKU-069,2025-10-24,15,1,8.8,1934.96,Gravatai,RS,Sul
3301,693,SKU-150,2026-03-21,7,2,32.98,2281.78,Camacari,BA,Nordeste
3302,548,SKU-224,2026-02-13,7,2,14.41,5018.72,Sao Paulo,SP,Sudeste
3303,643,SKU-086,2025-12-21,14,1,15.99,2900.55,Itapipoca,CE,Nordeste
3304,866,SKU-178,2026-01-07,15,1,30.98,2235.29,Passo Fundo,RS,Sul
3305,422,SKU-151,2025-12-09,13,2,7.01,5240.36,Ipatinga,MG,Sudeste
3306,68,SKU-196,2025-09-15,10,3,20.9,7004.82,Campinas,SP,Sudeste
3307,1482,SKU-109,2025-06-13,13,1,10.92,1537.45,Guarapuava,PR,Sul
3308,17,SKU-071,2026-01-21,4,1,14.6,1619.81,Paulista,PE,Nordeste
3309,42,SKU-037,2025-05-11,12,3,32.09,7695.18,Fortaleza,CE,Nordeste
3310,699,SKU-025,2025-01-03,10,1,13.09,979.31,Petropolis,RJ,Sudeste
3311,790,SKU-019,2025-10-07,15,1,28.23,597.29,Presidente Figueiredo,AM,Norte
3312,1406,SKU-065,2025-09-10,11,4,28.04,10901.2,Colombo,PR,Sul
3313,887,SKU-222,2025-05-03,8,2,31.83,1749.84,Parintins,AM,Norte
3314,864,SKU-154,2025-09-13,6,1,26.83,2976.54,Manaus,AM,Norte
3315,412,SKU-207,2025-01-13,9,3,30.58,3571.98,Manaus,AM,Norte
3316,28,SKU-005,2025-07-17,1,2,13.48,2100.12,Sorocaba,SP,Sudeste
3317,473,SKU-190,2025-04-26,11,1,15.17,1728.83,Gravatai,RS,Sul
3318,417,SKU-211,2026-03-19,2,1,24.04,964.92,Nova Iguacu,RJ,Sudeste
3319,20,SKU-180,2026-03-01,3,3,17.54,2887.35,Uberlandia,MG,Sudeste
3320,1254,SKU-226,2025-10-25,3,4,33.88,3272.56,Petrolina,PE,Nordeste
3321,398,SKU-039,2025-12-22,8,2,16.9,2923.94,Belo Horizonte,MG,Sudeste
3322,1013,SKU-069,2026-06-06,2,3,22.54,5804.88,Lauro de Freitas,BA,Nordeste
3323,1084,SKU-100,2025-01-05,12,2,5.01,4458.3,Caxias do Sul,RS,Sul
3324,1075,SKU-191,2026-03-20,12,3,17.52,980.73,Teixeira de Freitas,BA,Nordeste
3325,1225,SKU-031,2026-03-06,4,4,15.63,3955.72,Parintins,AM,Norte
3326,3,SKU-148,2025-12-20,11,1,14.1,1411.66,Presidente Figueiredo,AM,Norte
3327,863,SKU-075,2025-04-13,7,4,13.12,10512.04,Osasco,SP,Sudeste
3328,39,SKU-186,2025-11-27,14,2,28.83,547.64,Juiz de Fora,MG,Sudeste
3329,87,SKU-121,2025-06-01,7,3,31.8,796.17,Maues,AM,Norte
3330,108,SKU-235,2025-07-10,6,4,7.96,7930.6,Erechim,RS,Sul
3331,1005,SKU-239,2026-01-07,2,4,12.54,903.88,Tefe,AM,Norte
3332,395,SKU-004,2025-11-27,9,2,22.3,5552.84,Curitiba,PR,Sul
3333,82,SKU-070,2025-10-13,9,2,25.26,3922.0,Caninde,CE,Nordeste
3334,200,SKU-140,2026-06-07,10,1,22.69,776.75,Sao Bernardo do Campo,SP,Sudeste
3335,234,SKU-098,2025-07-20,13,2,16.11,1366.04,Aguas Claras,DF,Centro-Oeste
3336,38,SKU-118,2026-03-23,4,2,9.17,999.1,Gravata,PE,Nordeste
3337,15,SKU-045,2026-04-27,9,3,11.92,4769.31,Londrina,PR,Sul
3338,73,SKU-190,2025-12-19,14,3,24.04,5186.49,Caninde,CE,Nordeste
3339,851,SKU-244,2025-02-03,1,2,32.15,1024.02,Pocos de Caldas,MG,Sudeste
3340,17,SKU-117,2026-05-25,3,1,25.34,1064.24,Sao Bernardo do Campo,SP,Sudeste
3341,491,SKU-093,2025-01-19,5,2,27.47,698.32,Planaltina,DF,Centro-Oeste
3342,325,SKU-199,2026-01-09,10,2,13.33,3941.72,Ponta Grossa,PR,Sul
3343,12,SKU-191,2025-08-11,7,2,33.49,653.82,Cabo Frio,RJ,Sudeste
3344,1061,SKU-192,2026-03-14,7,4,30.7,122.52,Sao Bernardo do Campo,SP,Sudeste
3345,627,SKU-246,2025-09-21,12,4,19.46,10259.64,Belo Horizonte,MG,Sudeste
3346,1292,SKU-021,2025-03-04,5,3,5.05,4122.66,Bento Goncalves,RS,Sul
3347,102,SKU-120,2025-06-27,8,4,5.54,8520.4,Cabo Frio,RJ,Sudeste
3348,344,SKU-122,2025-12-21,3,2,10.65,901.3,Maringa,PR,Sul
3349,171,SKU-152,2025-08-20,15,2,9.02,3104.62,Montes Claros,MG,Sudeste
3350,886,SKU-123,2026-04-07,8,2,18.68,2492.22,Foz do Iguacu,PR,Sul
3351,695,SKU-013,2025-06-18,15,1,24.75,1980.97,Autazes,AM,Norte
3352,191,SKU-024,2025-04-13,4,3,20.79,5567.91,Recife,PE,Nordeste
3353,770,SKU-049,2025-08-24,9,4,26.35,406.4,Maues,AM,Norte
3354,1047,SKU-224,2025-11-01,8,2,29.34,5018.72,Ribeirao Preto,SP,Sudeste
3355,177,SKU-177,2025-09-10,8,3,24.9,8341.11,Planaltina,DF,Centro-Oeste
3356,861,SKU-015,2026-01-28,6,2,25.47,3884.78,Pocos de Caldas,MG,Sudeste
3357,98,SKU-166,2025-02-25,7,2,34.72,5946.7,Ilheus,BA,Nordeste
3358,15,SKU-108,2026-05-01,9,3,17.35,7125.24,Quixada,CE,Nordeste
3359,675,SKU-018,2026-03-21,14,2,26.53,4549.46,Nova Iguacu,RJ,Sudeste
3360,509,SKU-159,2025-10-25,12,3,34.34,7033.62,Taguatinga,DF,Centro-Oeste
3361,1420,SKU-030,2025-12-10,2,4,10.19,4632.64,Salvador,BA,Nordeste
3362,588,SKU-118,2025-08-07,7,4,19.62,1998.2,Olinda,PE,Nordeste
3363,695,SKU-130,2026-01-24,15,3,13.76,167.94,Recanto das Emas,DF,Centro-Oeste
3364,380,SKU-119,2025-03-29,1,4,21.62,551.16,Juiz de Fora,MG,Sudeste
3365,6,SKU-184,2025-05-07,3,1,28.67,2552.87,Duque de Caxias,RJ,Sudeste
3366,396,SKU-105,2026-03-03,6,1,16.85,328.09,Feira de Santana,BA,Nordeste
3367,372,SKU-151,2025-12-15,10,1,12.6,2620.18,Brasilia,DF,Centro-Oeste
3368,746,SKU-114,2025-04-11,12,1,24.91,2101.82,Sao Paulo,SP,Sudeste
3369,117,SKU-241,2025-12-28,11,4,32.01,1570.52,Maringa,PR,Sul
3370,54,SKU-220,2025-10-28,5,4,17.71,9264.16,Uberaba,MG,Sudeste
3371,1008,SKU-051,2025-02-15,8,3,8.45,685.35,Teresopolis,RJ,Sudeste
3372,44,SKU-085,2025-03-07,13,2,24.58,2087.92,Ponta Grossa,PR,Sul
3373,1337,SKU-084,2025-08-26,8,4,18.9,5874.0,Quixada,CE,Nordeste
3374,310,SKU-065,2025-05-14,14,4,28.97,10901.2,Camacari,BA,Nordeste
3375,363,SKU-013,2025-07-31,10,1,5.27,1980.97,Guara,DF,Centro-Oeste
3376,18,SKU-001,2026-04-27,1,4,7.25,4893.12,Pocos de Caldas,MG,Sudeste
3377,1373,SKU-106,2025-03-29,7,1,19.44,476.65,Guarapuava,PR,Sul
3378,1187,SKU-106,2026-05-25,2,3,19.24,1429.95,Angra dos Reis,RJ,Sudeste
3379,856,SKU-044,2025-10-24,11,2,16.05,3007.1,Gravata,PE,Nordeste
3380,992,SKU-201,2025-02-21,15,2,9.61,2800.04,Novo Hamburgo,RS,Sul
3381,1468,SKU-235,2026-01-16,8,2,31.51,3965.3,Camacari,BA,Nordeste
3382,806,SKU-228,2026-01-24,9,4,11.21,9652.4,Guarulhos,SP,Sudeste
3383,875,SKU-192,2025-02-26,5,4,10.28,122.52,Erechim,RS,Sul
3384,997,SKU-216,2026-01-31,3,3,33.42,3304.08,Jaboatao dos Guararapes,PE,Nordeste
3385,706,SKU-023,2025-09-24,13,2,24.69,2287.0,Caxias do Sul,RS,Sul
3386,507,SKU-046,2026-03-28,4,3,16.83,4310.28,Cascavel,PR,Sul
3387,519,SKU-196,2025-02-09,7,3,6.91,7004.82,Gama,DF,Centro-Oeste
3388,1191,SKU-103,2025-08-11,7,1,6.85,348.94,Caruaru,PE,Nordeste
3389,39,SKU-237,2025-05-01,5,1,15.76,2993.72,Campos dos Goytacazes,RJ,Sudeste
3390,8,SKU-131,2026-04-19,2,1,31.13,2445.52,Parintins,AM,Norte
3391,72,SKU-168,2026-01-08,10,2,31.21,2991.28,Maracanau,CE,Nordeste
3392,273,SKU-239,2025-06-13,6,4,32.66,903.88,Uberaba,MG,Sudeste
3393,520,SKU-140,2026-02-06,6,4,18.82,3107.0,Sorocaba,SP,Sudeste
3394,146,SKU-152,2025-02-07,15,4,7.68,6209.24,Uberaba,MG,Sudeste
3395,563,SKU-156,2025-04-09,14,3,13.77,4084.89,Itacoatiara,AM,Norte
3396,1331,SKU-003,2025-02-20,4,2,22.22,5770.64,Caxias do Sul,RS,Sul
3397,1444,SKU-101,2026-06-06,1,2,19.13,628.36,Guarapuava,PR,Sul
3398,45,SKU-064,2026-03-21,2,3,7.27,6563.07,Quixada,CE,Nordeste
3399,733,SKU-190,2025-03-11,12,3,10.18,5186.49,Feira de Santana,BA,Nordeste
3400,537,SKU-204,2026-02-28,9,1,19.19,980.25,Juazeiro,BA,Nordeste
3401,554,SKU-040,2025-08-14,6,3,15.85,3446.58,Pocos de Caldas,MG,Sudeste
3402,479,SKU-172,2025-01-27,9,4,10.85,7174.96,Juiz de Fora,MG,Sudeste
3403,919,SKU-183,2025-07-01,9,2,28.92,5571.34,Vitoria da Conquista,BA,Nordeste
3404,1101,SKU-135,2026-05-25,13,1,16.24,1931.2,Gravatai,RS,Sul
3405,1235,SKU-167,2026-02-24,9,3,19.53,4390.53,Governador Valadares,MG,Sudeste
3406,675,SKU-218,2026-05-26,1,3,17.37,1406.94,Juazeiro,BA,Nordeste
3407,325,SKU-039,2025-09-09,6,1,27.75,1461.97,Cabo Frio,RJ,Sudeste
3408,802,SKU-013,2025-02-20,13,4,14.48,7923.88,Foz do Iguacu,PR,Sul
3409,3,SKU-174,2025-12-13,1,1,24.52,2919.1,Camacari,BA,Nordeste
3410,24,SKU-144,2026-03-07,8,4,22.84,310.56,Cascavel,PR,Sul
3411,298,SKU-151,2025-08-06,7,4,20.94,10480.72,Tefe,AM,Norte
3412,66,SKU-099,2025-10-30,4,4,27.88,6555.52,Canoas,RS,Sul
3413,148,SKU-114,2026-03-30,4,3,27.31,6305.46,Caruaru,PE,Nordeste
3414,1364,SKU-148,2025-06-01,9,2,28.8,2823.32,Olinda,PE,Nordeste
3415,26,SKU-237,2025-03-18,5,3,5.02,8981.16,Passo Fundo,RS,Sul
3416,74,SKU-227,2026-05-26,6,2,13.65,2728.54,Salvador,BA,Nordeste
3417,1395,SKU-030,2025-10-24,8,1,14.58,1158.16,Ribeirao Preto,SP,Sudeste
3418,32,SKU-107,2025-01-28,3,4,30.93,6550.24,Aguas Claras,DF,Centro-Oeste
3419,545,SKU-070,2025-12-30,1,4,18.53,7844.0,Garanhuns,PE,Nordeste
3420,505,SKU-193,2025-11-21,13,1,23.19,2477.85,Angra dos Reis,RJ,Sudeste
3421,145,SKU-185,2025-08-26,8,4,18.08,2011.2,Erechim,RS,Sul
3422,638,SKU-135,2025-12-25,11,4,29.19,7724.8,Presidente Figueiredo,AM,Norte
3423,706,SKU-232,2026-01-06,9,4,8.49,6781.76,Teresopolis,RJ,Sudeste
3424,107,SKU-068,2025-09-28,14,4,6.94,6792.84,Caruaru,PE,Nordeste
3425,492,SKU-047,2025-12-14,5,4,12.53,894.28,Quixada,CE,Nordeste
3426,95,SKU-164,2025-06-11,9,1,9.25,605.18,Coari,AM,Norte
3427,325,SKU-095,2026-01-28,15,1,28.56,360.95,Ceilandia,DF,Centro-Oeste
3428,465,SKU-145,2026-04-26,14,3,16.2,7798.92,Sobradinho,DF,Centro-Oeste
3429,1423,SKU-033,2025-07-11,6,1,24.18,2592.27,Sao Paulo,SP,Sudeste
3430,535,SKU-082,2025-10-21,7,3,27.18,2291.01,Maracanau,CE,Nordeste
3431,168,SKU-094,2025-10-19,10,1,14.68,2069.57,Ceilandia,DF,Centro-Oeste
3432,86,SKU-078,2025-07-09,3,3,17.26,5416.05,Caucaia,CE,Nordeste
3433,62,SKU-060,2025-09-10,4,1,28.24,1554.75,Paulista,PE,Nordeste
3434,71,SKU-225,2025-07-19,15,3,23.38,7682.79,Crato,CE,Nordeste
3435,1239,SKU-150,2025-01-21,3,4,34.93,4563.56,Pocos de Caldas,MG,Sudeste
3436,811,SKU-031,2026-02-18,13,1,20.76,988.93,Maues,AM,Norte
3437,607,SKU-163,2026-04-27,8,2,28.35,1859.28,Maracanau,CE,Nordeste
3438,1096,SKU-109,2025-09-11,4,1,22.64,1537.45,Quixada,CE,Nordeste
3439,520,SKU-209,2025-09-11,10,4,30.37,7940.96,Recife,PE,Nordeste
3440,389,SKU-146,2026-05-26,11,3,32.9,7162.41,Sao Paulo,SP,Sudeste
3441,633,SKU-072,2026-01-08,7,1,18.31,1478.73,Uberaba,MG,Sudeste
3442,45,SKU-157,2025-01-28,4,1,5.52,1876.66,Itapipoca,CE,Nordeste
3443,770,SKU-177,2025-06-01,3,4,15.67,11121.48,Caninde,CE,Nordeste
3444,192,SKU-099,2025-09-01,12,1,14.98,1638.88,Londrina,PR,Sul
3445,198,SKU-128,2025-05-04,10,1,18.76,398.69,Itabuna,BA,Nordeste
3446,470,SKU-198,2026-03-29,2,2,13.34,2867.6,Camacari,BA,Nordeste
3447,782,SKU-152,2026-04-17,1,1,34.47,1552.31,Coari,AM,Norte
3448,382,SKU-183,2025-11-19,4,2,25.72,5571.34,Sorocaba,SP,Sudeste
3449,836,SKU-087,2026-05-04,6,2,18.12,1182.24,Erechim,RS,Sul
3450,4,SKU-117,2025-01-25,7,3,7.46,3192.72,Porto Alegre,RS,Sul
3451,565,SKU-115,2025-07-06,6,1,28.38,1727.82,Parintins,AM,Norte
3452,240,SKU-063,2026-04-06,14,1,29.84,2615.89,Ipatinga,MG,Sudeste
3453,1341,SKU-240,2025-12-08,2,2,18.49,733.42,Itacoatiara,AM,Norte
3454,137,SKU-246,2025-06-24,8,3,7.53,7694.73,Caucaia,CE,Nordeste
3455,98,SKU-223,2026-03-13,9,2,21.99,4987.54,Tabatinga,AM,Norte
3456,80,SKU-105,2025-09-25,15,2,34.33,656.18,Gravata,PE,Nordeste
3457,29,SKU-114,2025-06-15,11,2,21.07,4203.64,Paulista,PE,Nordeste
3458,271,SKU-240,2026-02-13,6,4,19.42,1466.84,Lauro de Freitas,BA,Nordeste
3459,317,SKU-063,2025-12-01,12,3,8.01,7847.67,Sorocaba,SP,Sudeste
3460,871,SKU-172,2026-03-29,1,4,32.01,7174.96,Montes Claros,MG,Sudeste
3461,141,SKU-046,2025-12-03,13,1,5.77,1436.76,Tabatinga,AM,Norte
3462,171,SKU-115,2025-06-04,13,2,15.28,3455.64,Coari,AM,Norte
3463,207,SKU-121,2025-06-02,2,1,20.79,265.39,Betim,MG,Sudeste
3464,2,SKU-074,2025-03-29,10,3,6.78,4696.44,Sobral,CE,Nordeste
3465,101,SKU-104,2026-01-24,13,1,20.69,2586.86,Campos dos Goytacazes,RJ,Sudeste
3466,707,SKU-030,2025-03-30,2,3,24.06,3474.48,Garanhuns,PE,Nordeste
3467,90,SKU-073,2025-01-18,1,3,18.21,3093.33,Salvador,BA,Nordeste
3468,5,SKU-213,2025-11-16,10,3,21.56,4428.24,Osasco,SP,Sudeste
3469,36,SKU-161,2026-05-05,11,1,17.18,2175.95,Recanto das Emas,DF,Centro-Oeste
3470,5,SKU-167,2026-01-29,4,3,23.21,4390.53,Sao Jose dos Pinhais,PR,Sul
3471,178,SKU-167,2025-12-23,4,1,32.61,1463.51,Novo Hamburgo,RS,Sul
3472,489,SKU-104,2025-10-27,6,4,9.2,10347.44,Betim,MG,Sudeste
3473,171,SKU-131,2025-04-10,6,4,6.15,9782.08,Canoas,RS,Sul
3474,10,SKU-196,2025-10-31,7,2,12.82,4669.88,Aguas Claras,DF,Centro-Oeste
3475,752,SKU-172,2025-02-06,4,1,26.89,1793.74,Foz do Iguacu,PR,Sul
3476,539,SKU-243,2025-01-19,13,3,26.04,8509.41,Autazes,AM,Norte
3477,825,SKU-127,2025-06-19,7,3,8.13,6975.96,Piracicaba,SP,Sudeste
3478,24,SKU-113,2025-02-22,10,4,11.32,7253.16,Fortaleza,CE,Nordeste
3479,391,SKU-030,2026-02-12,4,4,33.78,4632.64,Parintins,AM,Norte
3480,1203,SKU-059,2025-10-29,2,4,23.08,8044.92,Pocos de Caldas,MG,Sudeste
3481,213,SKU-026,2026-01-26,3,3,14.77,7198.68,Garanhuns,PE,Nordeste
3482,218,SKU-060,2025-04-25,2,2,30.98,3109.5,Novo Hamburgo,RS,Sul
3483,31,SKU-104,2026-05-28,6,4,16.84,10347.44,Uberaba,MG,Sudeste
3484,1296,SKU-203,2025-11-13,1,4,13.4,1894.0,Osasco,SP,Sudeste
3485,610,SKU-166,2026-06-02,2,4,8.59,11893.4,Canoas,RS,Sul
3486,874,SKU-199,2026-05-23,3,1,32.99,1970.86,Ribeirao Preto,SP,Sudeste
3487,233,SKU-242,2025-03-26,2,3,30.03,7119.99,Paranagua,PR,Sul
3488,1212,SKU-086,2025-02-07,3,3,12.87,8701.65,Volta Redonda,RJ,Sudeste
3489,292,SKU-073,2025-12-20,5,2,22.99,2062.22,Serra Talhada,PE,Nordeste
3490,807,SKU-095,2025-09-21,14,1,24.8,360.95,Ceilandia,DF,Centro-Oeste
3491,82,SKU-187,2026-04-20,14,1,12.63,1302.77,Maues,AM,Norte
3492,290,SKU-006,2025-07-13,15,2,18.33,2089.4,Aguas Claras,DF,Centro-Oeste
3493,171,SKU-043,2025-11-16,12,2,29.5,844.08,Recife,PE,Nordeste
3494,973,SKU-073,2025-05-04,13,3,18.1,3093.33,Curitiba,PR,Sul
3495,52,SKU-178,2025-05-07,6,2,15.57,4470.58,Maringa,PR,Sul
3496,200,SKU-099,2025-03-30,14,2,9.3,3277.76,Olinda,PE,Nordeste
3497,17,SKU-137,2025-09-19,2,1,30.89,2270.15,Juazeiro,BA,Nordeste
3498,1072,SKU-148,2025-12-27,14,3,32.89,4234.98,Vitoria da Conquista,BA,Nordeste
3499,362,SKU-002,2026-01-12,9,4,32.08,9793.04,Manaus,AM,Norte
3500,1233,SKU-166,2025-06-26,3,1,18.16,2973.35,Caucaia,CE,Nordeste
3501,243,SKU-053,2025-11-11,4,1,25.77,2247.53,Uberaba,MG,Sudeste
3502,373,SKU-240,2025-04-18,8,2,9.54,733.42,Juazeiro do Norte,CE,Nordeste
3503,103,SKU-040,2026-02-24,5,2,18.46,2297.72,Igarassu,PE,Nordeste
3504,297,SKU-158,2025-12-10,9,1,22.42,2282.72,Guarapuava,PR,Sul
3505,1412,SKU-164,2026-04-14,5,3,22.51,1815.54,Uberaba,MG,Sudeste
3506,120,SKU-157,2025-07-18,11,1,11.04,1876.66,Crato,CE,Nordeste
3507,1181,SKU-041,2026-02-17,15,4,20.14,8234.44,Brasilia,DF,Centro-Oeste
3508,720,SKU-059,2026-02-19,13,4,31.93,8044.92,Manacapuru,AM,Norte
3509,61,SKU-049,2025-03-19,8,4,8.7,406.4,Caxias do Sul,RS,Sul
3510,318,SKU-004,2025-12-16,11,2,14.07,5552.84,Bento Goncalves,RS,Sul
3511,442,SKU-049,2025-07-24,1,1,24.63,101.6,Cabo Frio,RJ,Sudeste
3512,22,SKU-104,2025-10-14,9,1,9.73,2586.86,Olinda,PE,Nordeste
3513,9,SKU-031,2025-08-16,6,3,33.65,2966.79,Niteroi,RJ,Sudeste
3514,126,SKU-227,2025-09-04,8,4,21.33,5457.08,Volta Redonda,RJ,Sudeste
3515,102,SKU-208,2025-03-30,11,3,22.39,7690.83,Rio de Janeiro,RJ,Sudeste
3516,227,SKU-110,2025-01-13,6,4,30.38,1836.84,Novo Hamburgo,RS,Sul
3517,9,SKU-102,2025-02-08,5,2,17.31,3681.06,Juiz de Fora,MG,Sudeste
3518,1124,SKU-127,2025-05-15,11,2,32.99,4650.64,Feira de Santana,BA,Nordeste
3519,927,SKU-179,2025-05-30,6,4,33.85,3000.84,Nova Iguacu,RJ,Sudeste
3520,6,SKU-107,2025-05-09,2,1,6.81,1637.56,Curitiba,PR,Sul
3521,169,SKU-123,2026-05-24,2,1,16.84,1246.11,Sobradinho,DF,Centro-Oeste
3522,5,SKU-157,2026-05-05,7,3,10.52,5629.98,Gravata,PE,Nordeste
3523,277,SKU-096,2025-02-20,9,2,17.56,2613.02,Campos dos Goytacazes,RJ,Sudeste
3524,1301,SKU-173,2025-06-17,8,1,13.73,1465.69,Maracanau,CE,Nordeste
3525,1459,SKU-014,2026-04-10,1,1,32.71,1241.76,Erechim,RS,Sul
3526,66,SKU-003,2025-06-08,3,1,32.4,2885.32,Porto Seguro,BA,Nordeste
3527,251,SKU-011,2026-05-09,5,1,23.97,2137.97,Paranagua,PR,Sul
3528,410,SKU-084,2026-04-05,4,2,6.89,2937.0,Ipatinga,MG,Sudeste
3529,440,SKU-228,2025-12-05,3,2,9.58,4826.2,Pelotas,RS,Sul
3530,510,SKU-172,2025-06-28,10,3,12.68,5381.22,Duque de Caxias,RJ,Sudeste
3531,688,SKU-174,2025-09-12,4,3,19.68,8757.3,Ilheus,BA,Nordeste
3532,629,SKU-130,2026-02-16,9,3,15.83,167.94,Paranagua,PR,Sul
3533,7,SKU-122,2025-06-27,7,3,27.61,1351.95,Novo Hamburgo,RS,Sul
3534,1462,SKU-214,2025-09-05,11,4,30.27,2971.48,Juazeiro,BA,Nordeste
3535,2,SKU-213,2025-12-11,1,2,21.19,2952.16,Salvador,BA,Nordeste
3536,1154,SKU-128,2026-04-21,2,1,23.51,398.69,Sao Jose dos Campos,SP,Sudeste
3537,310,SKU-038,2025-04-08,12,1,28.81,355.73,Lauro de Freitas,BA,Nordeste
3538,390,SKU-073,2025-07-17,10,2,12.09,2062.22,Porto Seguro,BA,Nordeste
3539,279,SKU-005,2025-04-29,2,1,7.5,1050.06,Recife,PE,Nordeste
3540,1185,SKU-174,2025-07-24,3,2,14.81,5838.2,Sao Bernardo do Campo,SP,Sudeste
3541,1460,SKU-208,2026-01-28,7,1,25.6,2563.61,Caxias do Sul,RS,Sul
3542,840,SKU-034,2026-01-31,2,4,30.14,6084.64,Canoas,RS,Sul
3543,229,SKU-075,2025-02-23,8,2,10.71,5256.02,Campinas,SP,Sudeste
3544,16,SKU-115,2025-05-04,6,3,14.49,5183.46,Curitiba,PR,Sul
3545,882,SKU-155,2026-01-06,1,1,21.62,103.31,Brasilia,DF,Centro-Oeste
3546,1070,SKU-194,2025-12-07,3,4,28.14,10061.76,Gravatai,RS,Sul
3547,975,SKU-058,2026-01-09,6,3,7.61,3545.82,Caruaru,PE,Nordeste
3548,59,SKU-029,2025-09-03,13,1,9.5,778.9,Pocos de Caldas,MG,Sudeste
3549,871,SKU-123,2025-04-11,1,1,16.91,1246.11,Porto Seguro,BA,Nordeste
3550,51,SKU-149,2025-06-21,8,2,15.99,5760.14,Quixada,CE,Nordeste
3551,136,SKU-171,2025-11-05,6,1,16.02,2004.88,Angra dos Reis,RJ,Sudeste
3552,64,SKU-033,2026-05-23,7,4,25.82,10369.08,Vitoria da Conquista,BA,Nordeste
3553,1457,SKU-081,2026-04-21,2,1,17.03,1574.73,Manacapuru,AM,Norte
3554,356,SKU-028,2025-11-21,12,1,7.81,1158.5,Maringa,PR,Sul
3555,115,SKU-041,2025-10-27,8,3,34.82,6175.83,Guarapuava,PR,Sul
3556,80,SKU-235,2025-07-28,2,4,7.23,7930.6,Sobral,CE,Nordeste
3557,507,SKU-237,2025-01-01,15,4,17.07,11974.88,Ilheus,BA,Nordeste
3558,1340,SKU-168,2025-02-24,5,3,19.27,4486.92,Sao Jose dos Campos,SP,Sudeste
3559,1,SKU-032,2025-04-03,1,4,17.1,7410.96,Angra dos Reis,RJ,Sudeste
3560,238,SKU-053,2025-02-07,4,1,8.11,2247.53,Ipatinga,MG,Sudeste
3561,439,SKU-220,2025-04-03,6,1,18.65,2316.04,Sao Jose dos Campos,SP,Sudeste
3562,346,SKU-098,2026-01-02,10,4,12.79,2732.08,Campinas,SP,Sudeste
3563,10,SKU-199,2025-11-21,12,3,30.67,5912.58,Recife,PE,Nordeste
3564,1206,SKU-113,2025-06-02,4,3,7.25,5439.87,Petrolina,PE,Nordeste
3565,122,SKU-177,2025-06-26,5,3,33.81,8341.11,Niteroi,RJ,Sudeste
3566,1164,SKU-122,2025-11-21,5,3,24.77,1351.95,Olinda,PE,Nordeste
3567,1246,SKU-136,2025-05-30,15,2,11.86,63.4,Sao Bernardo do Campo,SP,Sudeste
3568,1479,SKU-076,2025-05-10,5,1,28.9,2724.44,Gravata,PE,Nordeste
3569,254,SKU-058,2025-12-23,3,1,23.84,1181.94,Lauro de Freitas,BA,Nordeste
3570,96,SKU-236,2026-03-09,5,4,14.56,2544.64,Angra dos Reis,RJ,Sudeste
3571,285,SKU-084,2025-07-12,10,2,7.96,2937.0,Petrolina,PE,Nordeste
3572,952,SKU-003,2026-03-17,2,1,28.37,2885.32,Londrina,PR,Sul
3573,729,SKU-055,2026-05-03,12,1,32.94,1605.64,Guarapuava,PR,Sul
3574,1180,SKU-062,2025-04-18,14,1,33.39,2489.09,Presidente Figueiredo,AM,Norte
3575,714,SKU-164,2026-05-11,12,4,22.3,2420.72,Teixeira de Freitas,BA,Nordeste
3576,225,SKU-029,2025-08-21,11,1,13.23,778.9,Ilheus,BA,Nordeste
3577,132,SKU-079,2026-05-26,11,2,12.14,4633.26,Gravatai,RS,Sul
3578,1041,SKU-220,2026-04-26,1,2,17.96,4632.08,Guara,DF,Centro-Oeste
3579,18,SKU-110,2026-05-30,2,3,9.69,1377.63,Itabuna,BA,Nordeste
3580,678,SKU-216,2026-05-11,4,3,6.46,3304.08,Piracicaba,SP,Sudeste
3581,351,SKU-022,2025-04-29,12,3,23.64,3680.73,Presidente Figueiredo,AM,Norte
3582,315,SKU-165,2025-01-19,12,3,10.07,4964.28,Sorocaba,SP,Sudeste
3583,941,SKU-241,2025-12-29,3,1,22.97,392.63,Itapipoca,CE,Nordeste
3584,393,SKU-136,2025-10-01,9,4,26.9,126.8,Garanhuns,PE,Nordeste
3585,7,SKU-243,2025-07-30,2,2,13.64,5672.94,Jaboatao dos Guararapes,PE,Nordeste
3586,548,SKU-221,2025-10-03,12,1,29.37,1785.2,Olinda,PE,Nordeste
3587,372,SKU-166,2025-01-27,13,1,16.81,2973.35,Caxias do Sul,RS,Sul
3588,29,SKU-246,2025-05-01,3,4,33.1,10259.64,Lauro de Freitas,BA,Nordeste
3589,1163,SKU-039,2025-06-14,6,2,12.24,2923.94,Petropolis,RJ,Sudeste
3590,242,SKU-128,2025-05-21,14,3,5.07,1196.07,Bento Goncalves,RS,Sul
3591,191,SKU-194,2026-03-16,5,1,17.74,2515.44,Caucaia,CE,Nordeste
3592,18,SKU-072,2025-06-28,3,4,24.58,5914.92,Maracanau,CE,Nordeste
3593,70,SKU-167,2026-05-19,15,2,25.99,2927.02,Maringa,PR,Sul
3594,933,SKU-174,2025-11-13,1,2,5.36,5838.2,Maringa,PR,Sul
3595,304,SKU-062,2026-05-08,2,3,8.36,7467.27,Maues,AM,Norte
3596,586,SKU-158,2025-10-22,3,2,15.27,4565.44,Lauro de Freitas,BA,Nordeste
3597,672,SKU-217,2025-12-04,6,2,33.57,76.26,Piracicaba,SP,Sudeste
3598,207,SKU-218,2026-05-19,7,4,23.23,1875.92,Samambaia,DF,Centro-Oeste
3599,143,SKU-201,2025-07-06,8,4,11.33,5600.08,Gama,DF,Centro-Oeste
3600,41,SKU-134,2025-04-12,10,4,33.83,3039.96,Petropolis,RJ,Sudeste
3601,41,SKU-062,2025-11-25,11,1,8.06,2489.09,Nova Iguacu,RJ,Sudeste
3602,74,SKU-028,2025-01-31,3,4,14.85,4634.0,Salvador,BA,Nordeste
3603,1138,SKU-104,2025-10-13,4,3,26.34,7760.58,Petropolis,RJ,Sudeste
3604,36,SKU-187,2025-05-10,9,2,11.84,2605.54,Belo Horizonte,MG,Sudeste
3605,366,SKU-064,2025-11-26,4,4,6.78,8750.76,Planaltina,DF,Centro-Oeste
3606,527,SKU-214,2025-04-18,9,2,19.4,1485.74,Tabatinga,AM,Norte
3607,1163,SKU-246,2025-07-30,2,4,23.54,10259.64,Nova Iguacu,RJ,Sudeste
3608,284,SKU-243,2025-07-10,1,2,16.27,5672.94,Osasco,SP,Sudeste
3609,585,SKU-208,2025-08-03,4,4,7.03,10254.44,Teresopolis,RJ,Sudeste
3610,13,SKU-115,2025-11-05,13,3,26.43,5183.46,Autazes,AM,Norte
3611,906,SKU-064,2025-01-04,15,2,18.33,4375.38,Paranagua,PR,Sul
3612,834,SKU-060,2025-05-07,1,1,11.7,1554.75,Passo Fundo,RS,Sul
3613,688,SKU-148,2025-09-30,5,4,10.07,5646.64,Juazeiro,BA,Nordeste
3614,4,SKU-220,2026-05-15,6,1,5.47,2316.04,Gravatai,RS,Sul
3615,647,SKU-130,2025-05-14,11,2,32.52,111.96,Parintins,AM,Norte
3616,30,SKU-131,2025-01-29,6,2,21.94,4891.04,Bento Goncalves,RS,Sul
3617,9,SKU-239,2025-05-20,13,3,19.76,677.91,Sobradinho,DF,Centro-Oeste
3618,50,SKU-088,2026-05-13,7,3,11.58,8418.63,Volta Redonda,RJ,Sudeste
3619,900,SKU-026,2025-11-25,13,2,11.49,4799.12,Guarulhos,SP,Sudeste
3620,2,SKU-106,2026-03-03,13,4,6.83,1906.6,Caruaru,PE,Nordeste
3621,1235,SKU-024,2025-04-13,10,1,26.56,1855.97,Niteroi,RJ,Sudeste
3622,179,SKU-191,2025-08-14,12,1,22.85,326.91,Maracanau,CE,Nordeste
3623,26,SKU-049,2025-09-19,2,1,11.91,101.6,Itapipoca,CE,Nordeste
3624,1421,SKU-003,2025-08-09,7,4,22.17,11541.28,Porto Alegre,RS,Sul
3625,20,SKU-138,2025-05-21,9,1,31.88,1415.86,Foz do Iguacu,PR,Sul
3626,32,SKU-123,2025-05-28,12,1,16.73,1246.11,Paranagua,PR,Sul
3627,146,SKU-077,2026-03-18,6,3,32.95,7447.29,Pelotas,RS,Sul
3628,1166,SKU-236,2025-11-25,10,1,28.03,636.16,Vitoria da Conquista,BA,Nordeste
3629,667,SKU-007,2025-12-10,11,2,16.54,4804.48,Itapipoca,CE,Nordeste
3630,28,SKU-007,2026-04-07,6,2,32.2,4804.48,Piracicaba,SP,Sudeste
3631,355,SKU-209,2025-01-24,15,2,14.41,3970.48,Salvador,BA,Nordeste
3632,1438,SKU-026,2026-03-01,12,3,13.33,7198.68,Paulista,PE,Nordeste
3633,314,SKU-191,2025-03-23,6,4,12.91,1307.64,Belo Horizonte,MG,Sudeste
3634,113,SKU-238,2026-01-06,7,1,34.21,2948.96,Juazeiro,BA,Nordeste
3635,366,SKU-072,2025-01-10,13,2,6.46,2957.46,Igarassu,PE,Nordeste
3636,162,SKU-189,2025-09-06,4,1,32.74,1119.3,Campinas,SP,Sudeste
3637,1179,SKU-222,2025-03-22,1,3,31.19,2624.76,Camacari,BA,Nordeste
3638,239,SKU-123,2025-01-20,6,1,30.29,1246.11,Guarapuava,PR,Sul
3639,156,SKU-066,2025-01-06,1,1,5.41,2619.46,Curitiba,PR,Sul
3640,141,SKU-106,2025-09-18,9,3,12.56,1429.95,Iguatu,CE,Nordeste
3641,950,SKU-076,2026-03-28,5,3,10.11,8173.32,Recife,PE,Nordeste
3642,1481,SKU-142,2025-05-26,8,3,16.89,2749.11,Montes Claros,MG,Sudeste
3643,281,SKU-022,2025-07-17,12,1,25.9,1226.91,Gama,DF,Centro-Oeste
3644,14,SKU-130,2025-04-25,6,2,25.03,111.96,Campos dos Goytacazes,RJ,Sudeste
3645,56,SKU-169,2026-01-17,10,1,21.71,2191.93,Volta Redonda,RJ,Sudeste
3646,176,SKU-006,2025-11-12,14,2,8.27,2089.4,Guarulhos,SP,Sudeste
3647,1062,SKU-218,2025-03-14,8,4,12.7,1875.92,Petrolina,PE,Nordeste
3648,1355,SKU-124,2026-02-01,12,2,29.56,608.08,Rio de Janeiro,RJ,Sudeste
3649,1392,SKU-059,2025-06-10,8,2,8.65,4022.46,Iguatu,CE,Nordeste
3650,9,SKU-093,2025-11-11,15,4,7.99,1396.64,Coari,AM,Norte
3651,140,SKU-098,2026-03-06,15,3,15.96,2049.06,Presidente Figueiredo,AM,Norte
3652,875,SKU-065,2025-11-12,3,1,33.24,2725.3,Manacapuru,AM,Norte
3653,402,SKU-198,2025-03-10,11,1,30.69,1433.8,Passo Fundo,RS,Sul
3654,31,SKU-242,2025-10-13,13,4,33.01,9493.32,Taguatinga,DF,Centro-Oeste
3655,516,SKU-192,2025-11-29,9,1,26.53,30.63,Cascavel,PR,Sul
3656,1246,SKU-148,2025-11-10,7,1,31.67,1411.66,Planaltina,DF,Centro-Oeste
3657,186,SKU-195,2025-09-19,11,4,12.04,891.52,Taguatinga,DF,Centro-Oeste
3658,852,SKU-144,2026-05-31,8,4,21.8,310.56,Maracanau,CE,Nordeste
3659,251,SKU-164,2026-05-04,15,4,29.08,2420.72,Guara,DF,Centro-Oeste
3660,73,SKU-136,2025-02-16,2,3,12.45,95.1,Montes Claros,MG,Sudeste
3661,489,SKU-219,2026-04-11,8,1,17.7,1190.35,Presidente Figueiredo,AM,Norte
3662,153,SKU-112,2026-04-14,12,4,17.75,3376.8,Recife,PE,Nordeste
3663,573,SKU-151,2025-05-04,14,2,31.82,5240.36,Governador Valadares,MG,Sudeste
3664,107,SKU-088,2025-08-04,14,1,18.45,2806.21,Guara,DF,Centro-Oeste
3665,1297,SKU-004,2025-12-30,10,4,27.56,11105.68,Crato,CE,Nordeste
3666,27,SKU-161,2026-01-19,11,4,27.01,8703.8,Erechim,RS,Sul
3667,688,SKU-107,2026-05-12,8,1,24.85,1637.56,Paranagua,PR,Sul
3668,1402,SKU-235,2025-04-24,15,3,6.02,5947.95,Quixada,CE,Nordeste
3669,8,SKU-249,2026-01-09,5,1,25.92,703.45,Juazeiro,BA,Nordeste
3670,109,SKU-073,2025-02-06,6,3,18.75,3093.33,Vitoria da Conquista,BA,Nordeste
3671,241,SKU-162,2025-08-10,5,4,12.75,7448.48,Colombo,PR,Sul
3672,204,SKU-188,2025-12-11,4,4,16.71,144.8,Caruaru,PE,Nordeste
3673,1037,SKU-177,2025-10-06,10,2,5.1,5560.74,Salvador,BA,Nordeste
3674,1217,SKU-244,2025-08-09,15,1,25.57,512.01,Ipatinga,MG,Sudeste
3675,819,SKU-034,2025-05-27,15,4,16.67,6084.64,Camacari,BA,Nordeste
3676,478,SKU-016,2025-10-07,1,2,27.06,63.54,Garanhuns,PE,Nordeste
3677,93,SKU-237,2026-03-10,7,1,28.64,2993.72,Ipatinga,MG,Sudeste
3678,709,SKU-079,2025-09-28,4,2,24.24,4633.26,Planaltina,DF,Centro-Oeste
3679,731,SKU-012,2025-02-27,7,4,23.09,10057.24,Jaboatao dos Guararapes,PE,Nordeste
3680,202,SKU-123,2026-05-23,5,4,25.42,4984.44,Maringa,PR,Sul
3681,376,SKU-108,2025-10-22,11,1,22.59,2375.08,Caruaru,PE,Nordeste
3682,289,SKU-086,2025-01-23,3,4,29.08,11602.2,Lauro de Freitas,BA,Nordeste
3683,191,SKU-026,2026-02-02,9,1,15.46,2399.56,Guara,DF,Centro-Oeste
3684,10,SKU-160,2026-06-06,1,2,11.24,5601.7,Fortaleza,CE,Nordeste
3685,426,SKU-051,2025-08-09,3,3,29.74,685.35,Brasilia,DF,Centro-Oeste
3686,75,SKU-198,2026-05-07,14,3,11.95,4301.4,Serra Talhada,PE,Nordeste
3687,781,SKU-195,2025-10-13,12,3,7.93,668.64,Campinas,SP,Sudeste
3688,229,SKU-148,2025-12-27,14,1,8.54,1411.66,Uberaba,MG,Sudeste
3689,148,SKU-231,2025-09-27,3,1,12.42,1994.03,Cabo Frio,RJ,Sudeste
3690,473,SKU-154,2025-04-07,6,3,18.04,8929.62,Lauro de Freitas,BA,Nordeste
3691,19,SKU-022,2025-05-29,14,1,29.29,1226.91,Erechim,RS,Sul
3692,1236,SKU-016,2026-01-12,5,4,34.52,127.08,Serra Talhada,PE,Nordeste
3693,43,SKU-147,2025-10-25,6,2,21.73,5427.76,Passo Fundo,RS,Sul
3694,1169,SKU-174,2025-10-21,4,2,20.9,5838.2,Guarapuava,PR,Sul
3695,351,SKU-123,2025-09-05,12,3,23.83,3738.33,Salvador,BA,Nordeste
3696,100,SKU-209,2025-07-03,8,4,19.25,7940.96,Uberlandia,MG,Sudeste
3697,511,SKU-209,2025-03-18,6,4,9.75,7940.96,Sorocaba,SP,Sudeste
3698,68,SKU-109,2026-03-31,4,2,13.34,3074.9,Colombo,PR,Sul
3699,729,SKU-037,2026-02-09,15,4,27.87,10260.24,Itapipoca,CE,Nordeste
3700,97,SKU-131,2025-10-02,8,1,29.04,2445.52,Tefe,AM,Norte
3701,49,SKU-125,2026-05-07,15,3,19.94,4972.14,Tefe,AM,Norte
3702,584,SKU-014,2025-10-29,7,1,18.29,1241.76,Uberaba,MG,Sudeste
3703,1132,SKU-246,2026-01-26,12,3,10.48,7694.73,Londrina,PR,Sul
3704,163,SKU-057,2025-03-18,5,1,9.22,2002.19,Curitiba,PR,Sul
3705,14,SKU-230,2025-01-09,3,4,29.17,7250.92,Ceilandia,DF,Centro-Oeste
3706,545,SKU-206,2025-10-14,1,2,28.6,1306.04,Passo Fundo,RS,Sul
3707,1466,SKU-047,2026-03-09,10,3,18.13,670.71,Duque de Caxias,RJ,Sudeste
3708,249,SKU-205,2026-01-02,6,3,5.9,1182.54,Samambaia,DF,Centro-Oeste
3709,75,SKU-017,2025-03-23,5,1,31.47,458.74,Camacari,BA,Nordeste
3710,218,SKU-114,2025-08-19,12,1,29.38,2101.82,Fortaleza,CE,Nordeste
3711,6,SKU-179,2025-03-09,15,4,13.26,3000.84,Caxias do Sul,RS,Sul
3712,1360,SKU-093,2026-03-01,3,1,29.06,349.16,Porto Alegre,RS,Sul
3713,1339,SKU-181,2026-04-01,8,2,18.59,2627.08,Erechim,RS,Sul
3714,996,SKU-169,2025-02-15,11,1,30.24,2191.93,Campinas,SP,Sudeste
3715,1171,SKU-075,2025-06-25,14,4,9.69,10512.04,Presidente Figueiredo,AM,Norte
3716,45,SKU-222,2025-06-13,2,3,5.47,2624.76,Sao Bernardo do Campo,SP,Sudeste
3717,75,SKU-098,2025-12-09,15,3,30.39,2049.06,Aguas Claras,DF,Centro-Oeste
3718,257,SKU-044,2025-11-17,6,1,34.28,1503.55,Ponta Grossa,PR,Sul
3719,456,SKU-011,2025-10-11,13,4,7.5,8551.88,Manaus,AM,Norte
3720,4,SKU-078,2025-12-14,15,1,7.49,1805.35,Itabuna,BA,Nordeste
3721,12,SKU-029,2025-12-02,7,4,6.74,3115.6,Ipatinga,MG,Sudeste
3722,555,SKU-049,2025-10-08,7,4,34.9,406.4,Aguas Claras,DF,Centro-Oeste
3723,7,SKU-084,2025-09-20,6,3,16.28,4405.5,Teixeira de Freitas,BA,Nordeste
3724,1,SKU-070,2025-06-23,7,2,14.29,3922.0,Curitiba,PR,Sul
3725,537,SKU-068,2026-05-28,14,4,27.71,6792.84,Crato,CE,Nordeste
3726,111,SKU-028,2025-06-13,5,4,28.32,4634.0,Niteroi,RJ,Sudeste
3727,488,SKU-212,2025-04-10,2,4,6.67,10445.8,Manaus,AM,Norte
3728,497,SKU-172,2025-12-05,3,3,32.31,5381.22,Osasco,SP,Sudeste
3729,256,SKU-189,2026-01-26,12,3,31.63,3357.9,Cascavel,PR,Sul
3730,138,SKU-231,2025-11-03,13,3,27.4,5982.09,Planaltina,DF,Centro-Oeste
3731,39,SKU-104,2026-05-21,14,1,20.9,2586.86,Sorocaba,SP,Sudeste
3732,6,SKU-085,2025-05-07,13,2,18.15,2087.92,Tefe,AM,Norte
3733,1173,SKU-106,2026-06-07,5,3,31.33,1429.95,Fortaleza,CE,Nordeste
3734,38,SKU-017,2026-02-25,7,1,13.84,458.74,Guarulhos,SP,Sudeste
3735,665,SKU-021,2026-03-26,15,1,6.32,1374.22,Parintins,AM,Norte
3736,116,SKU-110,2026-01-04,12,4,9.62,1836.84,Erechim,RS,Sul
3737,648,SKU-120,2026-02-05,5,4,27.12,8520.4,Sorocaba,SP,Sudeste
3738,29,SKU-118,2025-03-27,1,3,6.13,1498.65,Iguatu,CE,Nordeste
3739,14,SKU-213,2026-04-14,15,3,27.73,4428.24,Cabo Frio,RJ,Sudeste
3740,1,SKU-231,2026-04-05,5,4,21.61,7976.12,Pocos de Caldas,MG,Sudeste
3741,1425,SKU-093,2026-04-13,8,4,8.08,1396.64,Igarassu,PE,Nordeste
3742,967,SKU-111,2026-03-15,12,4,8.94,9482.28,Teresopolis,RJ,Sudeste
3743,46,SKU-212,2025-07-01,4,2,13.98,5222.9,Duque de Caxias,RJ,Sudeste
3744,1,SKU-163,2025-06-04,12,1,15.87,929.64,Juazeiro do Norte,CE,Nordeste
3745,212,SKU-125,2025-08-16,13,2,17.68,3314.76,Sobral,CE,Nordeste
3746,723,SKU-230,2025-04-15,10,2,25.61,3625.46,Sorocaba,SP,Sudeste
3747,526,SKU-069,2025-10-21,12,4,23.84,7739.84,Serra Talhada,PE,Nordeste
3748,1085,SKU-221,2025-01-30,13,1,10.29,1785.2,Montes Claros,MG,Sudeste
3749,260,SKU-034,2025-03-04,9,2,17.45,3042.32,Osasco,SP,Sudeste
3750,5,SKU-092,2026-05-18,12,1,28.76,2409.86,Olinda,PE,Nordeste
3751,6,SKU-168,2026-02-12,15,2,18.73,2991.28,Gravatai,RS,Sul
3752,183,SKU-091,2025-04-19,13,3,8.7,2880.09,Iguatu,CE,Nordeste
3753,13,SKU-181,2026-02-28,9,2,34.48,2627.08,Paulista,PE,Nordeste
3754,1116,SKU-237,2025-07-17,13,4,30.68,11974.88,Santos,SP,Sudeste
3755,207,SKU-221,2026-01-20,10,4,10.64,7140.8,Belo Horizonte,MG,Sudeste
3756,40,SKU-084,2025-10-10,7,3,6.38,4405.5,Manaus,AM,Norte
3757,580,SKU-005,2026-03-26,15,4,29.58,4200.24,Maues,AM,Norte
3758,19,SKU-216,2025-07-24,11,3,31.76,3304.08,Sao Paulo,SP,Sudeste
3759,1,SKU-100,2025-11-27,4,3,20.46,6687.45,Erechim,RS,Sul
3760,1370,SKU-194,2025-01-06,14,3,17.92,7546.32,Gravatai,RS,Sul
3761,647,SKU-107,2025-01-02,10,4,31.63,6550.24,Petrolina,PE,Nordeste
3762,1122,SKU-175,2025-09-08,5,4,16.19,10373.92,Ribeirao Preto,SP,Sudeste
3763,342,SKU-157,2025-02-22,5,3,27.43,5629.98,Porto Alegre,RS,Sul
3764,346,SKU-033,2026-05-16,5,1,9.79,2592.27,Iguatu,CE,Nordeste
3765,217,SKU-049,2025-01-05,15,1,14.62,101.6,Campinas,SP,Sudeste
3766,596,SKU-238,2025-12-02,15,4,14.85,11795.84,Maracanau,CE,Nordeste
3767,455,SKU-199,2025-01-01,7,3,10.4,5912.58,Curitiba,PR,Sul
3768,46,SKU-043,2026-05-29,6,3,28.52,1266.12,Juazeiro do Norte,CE,Nordeste
3769,161,SKU-048,2025-01-14,2,3,25.8,3665.82,Tabatinga,AM,Norte
3770,166,SKU-095,2025-02-27,8,1,10.66,360.95,Betim,MG,Sudeste
3771,14,SKU-206,2026-03-25,12,4,25.17,2612.08,Salvador,BA,Nordeste
3772,209,SKU-054,2025-05-04,12,3,7.63,7111.86,Sorocaba,SP,Sudeste
3773,18,SKU-075,2025-04-15,5,2,5.66,5256.02,Guarulhos,SP,Sudeste
3774,612,SKU-011,2025-10-09,10,3,7.03,6413.91,Serra Talhada,PE,Nordeste
3775,1259,SKU-055,2025-08-10,13,2,19.18,3211.28,Taguatinga,DF,Centro-Oeste
3776,910,SKU-144,2025-09-29,4,4,11.78,310.56,Itapipoca,CE,Nordeste
3777,5,SKU-240,2025-06-04,1,3,10.35,1100.13,Erechim,RS,Sul
3778,225,SKU-014,2026-01-11,2,4,10.96,4967.04,Guarulhos,SP,Sudeste
3779,41,SKU-213,2025-05-07,10,2,19.32,2952.16,Planaltina,DF,Centro-Oeste
3780,16,SKU-166,2025-11-17,10,1,22.02,2973.35,Garanhuns,PE,Nordeste
3781,136,SKU-049,2026-03-18,11,3,11.23,304.8,Paulista,PE,Nordeste
3782,733,SKU-022,2025-11-10,6,3,25.79,3680.73,Planaltina,DF,Centro-Oeste
3783,1363,SKU-142,2025-05-01,6,3,5.95,2749.11,Presidente Figueiredo,AM,Norte
3784,1478,SKU-235,2025-10-28,8,4,26.04,7930.6,Cabo Frio,RJ,Sudeste
3785,585,SKU-149,2026-05-06,3,4,28.43,11520.28,Porto Alegre,RS,Sul
3786,68,SKU-072,2025-06-09,9,2,12.22,2957.46,Bento Goncalves,RS,Sul
3787,611,SKU-062,2025-04-17,1,4,5.12,9956.36,Montes Claros,MG,Sudeste
3788,573,SKU-183,2025-06-07,13,4,5.48,11142.68,Sao Paulo,SP,Sudeste
3789,157,SKU-199,2026-03-22,1,4,17.86,7883.44,Paranagua,PR,Sul
3790,997,SKU-167,2025-06-06,6,4,6.28,5854.04,Ipatinga,MG,Sudeste
3791,355,SKU-130,2026-03-05,6,4,11.08,223.92,Manaus,AM,Norte
3792,73,SKU-125,2025-07-18,4,1,30.29,1657.38,Itacoatiara,AM,Norte
3793,63,SKU-219,2025-02-14,9,4,5.89,4761.4,Recanto das Emas,DF,Centro-Oeste
3794,52,SKU-119,2026-05-27,2,1,23.93,137.79,Crato,CE,Nordeste
3795,426,SKU-237,2026-02-10,11,2,8.13,5987.44,Sobradinho,DF,Centro-Oeste
3796,600,SKU-204,2026-02-28,9,2,17.11,1960.5,Itacoatiara,AM,Norte
3797,645,SKU-018,2026-03-10,14,4,5.34,9098.92,Garanhuns,PE,Nordeste
3798,952,SKU-175,2025-03-06,12,2,19.59,5186.96,Ribeirao Preto,SP,Sudeste
3799,1131,SKU-095,2025-06-25,7,3,16.32,1082.85,Manaus,AM,Norte
3800,461,SKU-020,2026-04-06,11,2,9.7,1163.14,Londrina,PR,Sul
3801,574,SKU-202,2026-04-13,9,4,5.25,7101.68,Rio de Janeiro,RJ,Sudeste
3802,10,SKU-055,2025-09-28,5,1,23.53,1605.64,Ilheus,BA,Nordeste
3803,1243,SKU-117,2025-02-15,4,3,31.92,3192.72,Manacapuru,AM,Norte
3804,109,SKU-231,2025-11-22,7,4,32.54,7976.12,Juazeiro do Norte,CE,Nordeste
3805,9,SKU-026,2025-08-10,7,1,25.1,2399.56,Manaus,AM,Norte
3806,754,SKU-192,2026-03-01,8,3,6.68,91.89,Recanto das Emas,DF,Centro-Oeste
3807,619,SKU-078,2025-08-16,14,1,20.94,1805.35,Manaus,AM,Norte
3808,753,SKU-114,2025-06-27,2,3,26.18,6305.46,Passo Fundo,RS,Sul
3809,31,SKU-189,2026-05-24,13,1,13.62,1119.3,Volta Redonda,RJ,Sudeste
3810,1370,SKU-125,2025-04-11,12,2,23.95,3314.76,Maracanau,CE,Nordeste
3811,14,SKU-210,2025-06-21,3,1,30.22,424.72,Porto Seguro,BA,Nordeste
3812,121,SKU-153,2025-10-10,9,3,12.39,3230.61,Angra dos Reis,RJ,Sudeste
3813,46,SKU-058,2025-02-09,7,3,24.48,3545.82,Guara,DF,Centro-Oeste
3814,298,SKU-009,2025-11-13,5,1,32.65,1645.67,Caninde,CE,Nordeste
3815,779,SKU-103,2025-09-17,8,1,27.92,348.94,Teixeira de Freitas,BA,Nordeste
3816,142,SKU-249,2026-01-31,9,2,8.51,1406.9,Guara,DF,Centro-Oeste
3817,671,SKU-216,2026-03-14,11,3,23.93,3304.08,Juazeiro,BA,Nordeste
3818,1101,SKU-039,2025-09-27,8,3,21.87,4385.91,Garanhuns,PE,Nordeste
3819,54,SKU-046,2025-02-26,10,4,9.86,5747.04,Igarassu,PE,Nordeste
3820,122,SKU-111,2025-01-25,4,1,14.43,2370.57,Londrina,PR,Sul
3821,415,SKU-113,2025-08-27,4,4,25.13,7253.16,Manacapuru,AM,Norte
3822,583,SKU-206,2025-07-27,7,4,9.13,2612.08,Ilheus,BA,Nordeste
3823,645,SKU-190,2026-03-08,1,2,21.89,3457.66,Jaboatao dos Guararapes,PE,Nordeste
3824,87,SKU-103,2026-01-17,9,4,13.06,1395.76,Manaus,AM,Norte
3825,1258,SKU-052,2026-05-18,7,1,26.18,1692.21,Taguatinga,DF,Centro-Oeste
3826,39,SKU-060,2026-01-10,12,1,24.43,1554.75,Sao Paulo,SP,Sudeste
3827,13,SKU-211,2026-03-15,10,4,30.85,3859.68,Recife,PE,Nordeste
3828,968,SKU-020,2025-10-19,1,1,22.0,581.57,Rio de Janeiro,RJ,Sudeste
3829,549,SKU-111,2026-02-06,5,3,30.04,7111.71,Gama,DF,Centro-Oeste
3830,186,SKU-080,2025-09-12,14,1,6.64,1642.04,Caninde,CE,Nordeste
3831,120,SKU-103,2025-05-14,15,4,26.82,1395.76,Belo Horizonte,MG,Sudeste
3832,641,SKU-047,2025-05-14,9,3,24.96,670.71,Presidente Figueiredo,AM,Norte
3833,1312,SKU-118,2025-07-22,2,1,19.97,499.55,Pelotas,RS,Sul
3834,268,SKU-102,2026-01-18,12,4,22.09,7362.12,Rio de Janeiro,RJ,Sudeste
3835,315,SKU-161,2026-02-18,4,1,30.94,2175.95,Caucaia,CE,Nordeste
3836,684,SKU-065,2025-01-01,5,2,15.73,5450.6,Sao Bernardo do Campo,SP,Sudeste
3837,55,SKU-118,2026-03-07,13,3,12.36,1498.65,Planaltina,DF,Centro-Oeste
3838,689,SKU-087,2025-05-24,14,4,25.21,2364.48,Salvador,BA,Nordeste
3839,166,SKU-050,2025-10-19,2,4,31.66,7959.16,Londrina,PR,Sul
3840,1489,SKU-004,2025-06-10,12,3,26.03,8329.26,Itabuna,BA,Nordeste
3841,1063,SKU-232,2026-05-26,15,3,15.77,5086.32,Maues,AM,Norte
3842,163,SKU-239,2025-07-11,15,1,12.81,225.97,Volta Redonda,RJ,Sudeste
3843,169,SKU-247,2025-06-18,15,2,6.49,3103.78,Campos dos Goytacazes,RJ,Sudeste
3844,1333,SKU-187,2025-08-25,10,1,32.31,1302.77,Pelotas,RS,Sul
3845,1384,SKU-118,2025-10-13,4,3,24.3,1498.65,Ponta Grossa,PR,Sul
3846,913,SKU-250,2025-05-29,7,3,15.35,6958.17,Caninde,CE,Nordeste
3847,1353,SKU-235,2026-05-26,14,3,31.34,5947.95,Ribeirao Preto,SP,Sudeste
3848,1215,SKU-242,2026-04-11,15,2,12.85,4746.66,Petrolina,PE,Nordeste
3849,591,SKU-039,2026-06-07,10,2,24.84,2923.94,Londrina,PR,Sul
3850,958,SKU-105,2026-04-07,8,1,5.65,328.09,Recanto das Emas,DF,Centro-Oeste
3851,483,SKU-075,2025-06-27,7,2,22.37,5256.02,Caxias do Sul,RS,Sul
3852,620,SKU-034,2025-05-05,9,2,20.08,3042.32,Paulista,PE,Nordeste
3853,195,SKU-155,2026-04-27,9,1,34.03,103.31,Betim,MG,Sudeste
3854,540,SKU-001,2025-12-17,2,3,19.09,3669.84,Recanto das Emas,DF,Centro-Oeste
3855,210,SKU-218,2025-09-25,6,2,12.93,937.96,Porto Seguro,BA,Nordeste
3856,1389,SKU-167,2025-05-31,1,2,13.6,2927.02,Cascavel,PR,Sul
3857,782,SKU-120,2025-01-28,12,1,17.43,2130.1,Caxias do Sul,RS,Sul
3858,97,SKU-085,2025-10-27,12,2,14.68,2087.92,Caninde,CE,Nordeste
3859,931,SKU-235,2025-10-03,12,3,23.58,5947.95,Maracanau,CE,Nordeste
3860,807,SKU-032,2025-06-09,3,2,7.2,3705.48,Niteroi,RJ,Sudeste
3861,246,SKU-164,2025-06-05,6,1,34.16,605.18,Parintins,AM,Norte
3862,109,SKU-197,2026-05-23,8,2,28.02,1745.16,Fortaleza,CE,Nordeste
3863,9,SKU-220,2025-01-29,11,4,5.75,9264.16,Salvador,BA,Nordeste
3864,256,SKU-034,2026-01-30,15,2,10.57,3042.32,Olinda,PE,Nordeste
3865,109,SKU-169,2025-07-27,1,2,17.82,4383.86,Juazeiro do Norte,CE,Nordeste
3866,1379,SKU-127,2025-02-23,9,3,27.16,6975.96,Guarulhos,SP,Sudeste
3867,593,SKU-203,2025-09-05,8,4,23.13,1894.0,Maues,AM,Norte
3868,673,SKU-042,2025-07-15,10,4,30.07,8445.28,Novo Hamburgo,RS,Sul
3869,983,SKU-208,2025-11-04,9,3,13.31,7690.83,Teresopolis,RJ,Sudeste
3870,693,SKU-130,2026-01-07,9,4,34.19,223.92,Taguatinga,DF,Centro-Oeste
3871,49,SKU-207,2025-05-31,6,1,8.02,1190.66,Feira de Santana,BA,Nordeste
3872,560,SKU-148,2025-11-18,14,2,19.45,2823.32,Paranagua,PR,Sul
3873,972,SKU-213,2026-05-21,4,1,15.83,1476.08,Itabuna,BA,Nordeste
3874,1388,SKU-019,2026-04-02,14,2,7.14,1194.58,Santa Maria,RS,Sul
3875,382,SKU-230,2026-01-28,14,1,23.49,1812.73,Jaboatao dos Guararapes,PE,Nordeste
3876,338,SKU-093,2025-02-21,13,2,8.38,698.32,Sao Paulo,SP,Sudeste
3877,6,SKU-128,2026-03-11,15,3,24.89,1196.07,Gama,DF,Centro-Oeste
3878,1009,SKU-134,2026-04-21,11,1,28.05,759.99,Feira de Santana,BA,Nordeste
3879,30,SKU-084,2025-08-21,2,1,31.24,1468.5,Caruaru,PE,Nordeste
3880,579,SKU-001,2025-12-05,4,2,31.61,2446.56,Serra Talhada,PE,Nordeste
3881,52,SKU-143,2026-04-24,11,2,26.27,1839.14,Sobral,CE,Nordeste
3882,1073,SKU-099,2025-07-11,8,2,16.86,3277.76,Presidente Figueiredo,AM,Norte
3883,164,SKU-023,2025-03-20,9,3,9.91,3430.5,Ponta Grossa,PR,Sul
3884,377,SKU-220,2025-01-27,12,4,14.76,9264.16,Samambaia,DF,Centro-Oeste
3885,20,SKU-221,2025-11-03,10,3,24.62,5355.6,Londrina,PR,Sul
3886,761,SKU-097,2025-10-04,3,3,34.07,3240.15,Aguas Claras,DF,Centro-Oeste
3887,614,SKU-172,2025-07-27,13,3,5.19,5381.22,Taguatinga,DF,Centro-Oeste
3888,379,SKU-241,2025-03-18,9,3,18.51,1177.89,Novo Hamburgo,RS,Sul
3889,178,SKU-166,2026-04-01,3,1,14.61,2973.35,Cabo Frio,RJ,Sudeste
3890,196,SKU-166,2025-05-02,7,1,33.13,2973.35,Cabo Frio,RJ,Sudeste
3891,322,SKU-005,2026-05-04,14,3,22.37,3150.18,Cascavel,PR,Sul
3892,837,SKU-107,2026-03-16,11,1,23.58,1637.56,Igarassu,PE,Nordeste
3893,226,SKU-003,2025-04-05,5,3,6.64,8655.96,Ponta Grossa,PR,Sul
3894,1485,SKU-197,2025-03-25,6,1,34.62,872.58,Paulista,PE,Nordeste
3895,323,SKU-178,2025-11-08,12,4,16.1,8941.16,Paulista,PE,Nordeste
3896,329,SKU-050,2025-05-23,13,4,19.39,7959.16,Londrina,PR,Sul
3897,9,SKU-001,2026-03-20,4,3,23.43,3669.84,Contagem,MG,Sudeste
3898,8,SKU-201,2025-11-01,5,4,27.82,5600.08,Uberlandia,MG,Sudeste
3899,753,SKU-163,2025-01-24,4,4,30.14,3718.56,Paulista,PE,Nordeste
3900,1091,SKU-230,2026-04-19,4,2,30.09,3625.46,Sorocaba,SP,Sudeste
3901,913,SKU-224,2025-10-31,12,2,21.3,5018.72,Guarulhos,SP,Sudeste
3902,433,SKU-163,2026-03-04,13,2,22.36,1859.28,Piracicaba,SP,Sudeste
3903,646,SKU-029,2025-12-27,7,1,19.37,778.9,Sao Bernardo do Campo,SP,Sudeste
3904,29,SKU-155,2025-02-25,6,2,18.0,206.62,Fortaleza,CE,Nordeste
3905,512,SKU-069,2025-05-02,8,1,18.8,1934.96,Guara,DF,Centro-Oeste
3906,570,SKU-173,2025-07-27,8,1,22.83,1465.69,Guarapuava,PR,Sul
3907,4,SKU-239,2026-02-01,7,1,21.49,225.97,Sao Jose dos Pinhais,PR,Sul
3908,1035,SKU-221,2025-06-02,1,2,23.15,3570.4,Manacapuru,AM,Norte
3909,409,SKU-193,2026-05-17,9,3,26.36,7433.55,Itapipoca,CE,Nordeste
3910,402,SKU-130,2025-06-06,10,3,28.33,167.94,Crato,CE,Nordeste
3911,258,SKU-136,2026-02-06,15,4,34.89,126.8,Sobral,CE,Nordeste
3912,393,SKU-241,2025-08-28,12,1,31.18,392.63,Piracicaba,SP,Sudeste
3913,305,SKU-231,2025-11-29,6,3,19.64,5982.09,Lauro de Freitas,BA,Nordeste
3914,2,SKU-208,2025-07-19,2,2,16.54,5127.22,Uberlandia,MG,Sudeste
3915,1055,SKU-098,2026-04-02,15,1,13.31,683.02,Itacoatiara,AM,Norte
3916,443,SKU-243,2025-10-28,11,4,14.26,11345.88,Ceilandia,DF,Centro-Oeste
3917,97,SKU-021,2026-03-07,11,3,6.68,4122.66,Maringa,PR,Sul
3918,994,SKU-056,2025-04-19,8,3,32.19,8293.71,Caruaru,PE,Nordeste
3919,1452,SKU-022,2025-08-17,6,1,31.46,1226.91,Ceilandia,DF,Centro-Oeste
3920,23,SKU-187,2025-03-18,1,2,16.44,2605.54,Brasilia,DF,Centro-Oeste
3921,126,SKU-113,2025-02-19,10,3,17.97,5439.87,Cascavel,PR,Sul
3922,114,SKU-198,2025-12-22,10,1,14.86,1433.8,Samambaia,DF,Centro-Oeste
3923,109,SKU-040,2026-05-22,11,1,34.99,1148.86,Teresopolis,RJ,Sudeste
3924,47,SKU-203,2025-02-25,11,1,23.71,473.5,Recife,PE,Nordeste
3925,282,SKU-237,2025-03-16,15,3,14.25,8981.16,Campos dos Goytacazes,RJ,Sudeste
3926,625,SKU-223,2026-02-03,14,1,8.08,2493.77,Juazeiro do Norte,CE,Nordeste
3927,571,SKU-042,2025-01-03,9,4,31.66,8445.28,Fortaleza,CE,Nordeste
3928,1411,SKU-088,2025-12-19,10,2,13.4,5612.42,Ribeirao Preto,SP,Sudeste
3929,642,SKU-125,2025-11-27,4,4,10.3,6629.52,Sao Paulo,SP,Sudeste
3930,9,SKU-022,2026-01-10,2,1,27.39,1226.91,Tefe,AM,Norte
3931,314,SKU-151,2026-03-22,5,2,28.2,5240.36,Sao Jose dos Pinhais,PR,Sul
3932,616,SKU-120,2026-03-06,5,3,24.36,6390.3,Teresopolis,RJ,Sudeste
3933,536,SKU-216,2025-12-21,10,2,10.43,2202.72,Feira de Santana,BA,Nordeste
3934,506,SKU-022,2025-01-11,4,2,30.83,2453.82,Caruaru,PE,Nordeste
3935,115,SKU-160,2025-05-18,1,2,18.29,5601.7,Quixada,CE,Nordeste
3936,438,SKU-148,2025-11-10,10,2,17.68,2823.32,Contagem,MG,Sudeste
3937,664,SKU-093,2026-01-15,9,3,10.96,1047.48,Cascavel,PR,Sul
3938,941,SKU-024,2025-09-04,8,1,8.52,1855.97,Juazeiro,BA,Nordeste
3939,260,SKU-071,2025-04-13,10,3,31.1,4859.43,Nova Iguacu,RJ,Sudeste
3940,461,SKU-229,2026-01-07,15,3,29.18,4560.6,Pelotas,RS,Sul
3941,1315,SKU-121,2026-01-06,8,1,20.13,265.39,Erechim,RS,Sul
3942,99,SKU-119,2025-11-24,3,2,29.47,275.58,Contagem,MG,Sudeste
3943,128,SKU-065,2025-05-29,13,1,27.16,2725.3,Gama,DF,Centro-Oeste
3944,837,SKU-203,2026-03-19,1,3,33.29,1420.5,Pocos de Caldas,MG,Sudeste
3945,376,SKU-227,2025-08-17,14,3,5.57,4092.81,Petrolina,PE,Nordeste
3946,728,SKU-198,2025-11-30,3,1,34.97,1433.8,Colombo,PR,Sul
3947,578,SKU-075,2025-02-12,9,4,30.74,10512.04,Itacoatiara,AM,Norte
3948,229,SKU-094,2025-12-22,14,4,27.45,8278.28,Samambaia,DF,Centro-Oeste
3949,816,SKU-116,2025-01-24,14,4,31.3,8723.24,Montes Claros,MG,Sudeste
3950,399,SKU-119,2025-08-11,6,4,5.58,551.16,Sorocaba,SP,Sudeste
3951,449,SKU-212,2025-05-20,7,4,9.31,10445.8,Caxias do Sul,RS,Sul
3952,1482,SKU-096,2025-01-21,11,1,7.53,1306.51,Pelotas,RS,Sul
3953,1332,SKU-192,2025-01-26,15,2,30.07,61.26,Duque de Caxias,RJ,Sudeste
3954,1338,SKU-123,2025-12-12,12,4,30.54,4984.44,Autazes,AM,Norte
3955,697,SKU-055,2026-05-15,10,1,12.09,1605.64,Itapipoca,CE,Nordeste
3956,447,SKU-003,2025-02-01,15,3,12.45,8655.96,Pocos de Caldas,MG,Sudeste
3957,524,SKU-190,2025-03-19,7,2,26.13,3457.66,Erechim,RS,Sul
3958,972,SKU-085,2026-04-09,5,3,30.35,3131.88,Iguatu,CE,Nordeste
3959,985,SKU-086,2025-04-27,3,2,23.79,5801.1,Olinda,PE,Nordeste
3960,43,SKU-139,2025-07-30,13,3,28.15,5485.17,Cascavel,PR,Sul
3961,1450,SKU-151,2026-01-31,2,1,11.29,2620.18,Guarulhos,SP,Sudeste
3962,483,SKU-226,2026-01-21,10,1,32.47,818.14,Serra Talhada,PE,Nordeste
3963,963,SKU-052,2025-09-27,4,3,7.23,5076.63,Gravata,PE,Nordeste
3964,418,SKU-039,2025-05-25,12,1,16.43,1461.97,Sobradinho,DF,Centro-Oeste
3965,228,SKU-079,2025-07-09,13,4,20.21,9266.52,Caucaia,CE,Nordeste
3966,8,SKU-108,2025-07-15,11,1,15.81,2375.08,Gama,DF,Centro-Oeste
3967,1367,SKU-194,2026-03-02,7,2,14.48,5030.88,Piracicaba,SP,Sudeste
3968,578,SKU-019,2025-05-24,9,2,14.57,1194.58,Autazes,AM,Norte
3969,580,SKU-173,2025-01-02,2,4,27.88,5862.76,Parintins,AM,Norte
3970,1179,SKU-001,2026-04-17,12,1,13.47,1223.28,Contagem,MG,Sudeste
3971,254,SKU-063,2026-02-28,11,1,20.23,2615.89,Camacari,BA,Nordeste
3972,398,SKU-067,2025-10-06,13,2,29.07,4652.2,Juazeiro do Norte,CE,Nordeste
3973,25,SKU-051,2025-06-27,14,4,30.77,913.8,Quixada,CE,Nordeste
3974,274,SKU-222,2025-08-18,1,1,26.45,874.92,Cabo Frio,RJ,Sudeste
3975,972,SKU-060,2026-06-09,8,3,25.95,4664.25,Piracicaba,SP,Sudeste
3976,501,SKU-125,2025-12-04,2,4,20.38,6629.52,Maringa,PR,Sul
3977,477,SKU-143,2025-02-03,8,1,29.32,919.57,Sobral,CE,Nordeste
3978,50,SKU-024,2025-08-22,10,1,8.69,1855.97,Paulista,PE,Nordeste
3979,730,SKU-080,2026-02-01,2,1,11.52,1642.04,Contagem,MG,Sudeste
3980,33,SKU-126,2025-04-27,3,4,28.6,324.12,Ribeirao Preto,SP,Sudeste
3981,754,SKU-223,2025-05-24,9,4,30.68,9975.08,Autazes,AM,Norte
3982,18,SKU-021,2025-11-22,14,2,5.73,2748.44,Porto Alegre,RS,Sul
3983,114,SKU-098,2025-12-19,2,2,30.96,1366.04,Governador Valadares,MG,Sudeste
3984,473,SKU-146,2025-04-16,15,1,22.24,2387.47,Caxias do Sul,RS,Sul
3985,6,SKU-250,2025-03-13,2,4,23.06,9277.56,Montes Claros,MG,Sudeste
3986,87,SKU-223,2025-06-23,4,2,10.85,4987.54,Campinas,SP,Sudeste
3987,671,SKU-245,2025-02-02,15,2,5.9,5947.22,Sobradinho,DF,Centro-Oeste
3988,1084,SKU-214,2025-11-16,10,1,7.24,742.87,Guarapuava,PR,Sul
3989,239,SKU-222,2025-08-30,3,4,6.08,3499.68,Quixada,CE,Nordeste
3990,1206,SKU-041,2025-02-07,1,3,15.93,6175.83,Sobradinho,DF,Centro-Oeste
3991,297,SKU-216,2025-07-29,1,3,11.86,3304.08,Gravatai,RS,Sul
3992,25,SKU-103,2025-07-11,5,4,8.96,1395.76,Rio de Janeiro,RJ,Sudeste
3993,1074,SKU-148,2025-10-06,1,4,33.15,5646.64,Maracanau,CE,Nordeste
3994,1164,SKU-093,2025-03-18,1,3,8.01,1047.48,Pelotas,RS,Sul
3995,539,SKU-114,2025-07-27,5,1,30.95,2101.82,Taguatinga,DF,Centro-Oeste
3996,1429,SKU-123,2025-11-13,10,1,24.13,1246.11,Gravatai,RS,Sul
3997,612,SKU-108,2026-03-01,4,3,12.17,7125.24,Brasilia,DF,Centro-Oeste
3998,958,SKU-058,2026-01-06,2,4,13.34,4727.76,Erechim,RS,Sul
3999,533,SKU-224,2026-06-01,5,1,26.08,2509.36,Osasco,SP,Sudeste
4000,21,SKU-037,2026-01-22,7,4,15.82,10260.24,Duque de Caxias,RJ,Sudeste
4001,419,SKU-166,2025-05-05,4,3,16.74,8920.05,Sao Paulo,SP,Sudeste
4002,514,SKU-197,2026-01-15,14,3,20.33,2617.74,Guarapuava,PR,Sul
4003,839,SKU-165,2025-06-15,1,1,7.93,1654.76,Teresopolis,RJ,Sudeste
4004,37,SKU-044,2025-01-03,10,1,16.26,1503.55,Feira de Santana,BA,Nordeste
4005,424,SKU-239,2025-01-08,14,4,27.32,903.88,Ceilandia,DF,Centro-Oeste
4006,370,SKU-090,2025-02-03,15,4,34.07,11782.56,Teresopolis,RJ,Sudeste
4007,47,SKU-209,2026-04-18,7,4,24.02,7940.96,Ribeirao Preto,SP,Sudeste
4008,19,SKU-101,2025-06-13,4,2,25.21,628.36,Coari,AM,Norte
4009,818,SKU-173,2026-03-18,13,3,17.75,4397.07,Maues,AM,Norte
4010,1376,SKU-003,2025-05-26,2,1,12.71,2885.32,Maues,AM,Norte
4011,1193,SKU-213,2025-08-21,5,4,28.49,5904.32,Itabuna,BA,Nordeste
4012,371,SKU-193,2025-10-30,2,1,12.58,2477.85,Ipatinga,MG,Sudeste
4013,719,SKU-150,2026-03-25,6,3,15.11,3422.67,Duque de Caxias,RJ,Sudeste
4014,519,SKU-091,2025-01-16,7,1,6.49,960.03,Brasilia,DF,Centro-Oeste
4015,787,SKU-090,2025-11-09,15,4,10.87,11782.56,Porto Seguro,BA,Nordeste
4016,1267,SKU-035,2026-04-05,11,2,22.81,5554.38,Novo Hamburgo,RS,Sul
4017,18,SKU-245,2025-01-26,2,2,12.83,5947.22,Osasco,SP,Sudeste
4018,116,SKU-111,2025-11-01,1,4,6.24,9482.28,Novo Hamburgo,RS,Sul
4019,304,SKU-029,2026-05-19,3,1,28.53,778.9,Santos,SP,Sudeste
4020,211,SKU-086,2025-11-27,5,2,24.82,5801.1,Nova Iguacu,RJ,Sudeste
4021,839,SKU-116,2026-03-08,15,2,34.82,4361.62,Manaus,AM,Norte
4022,512,SKU-077,2025-03-12,7,4,16.1,9929.72,Campinas,SP,Sudeste
4023,103,SKU-115,2025-02-07,3,3,28.14,5183.46,Colombo,PR,Sul
4024,474,SKU-115,2025-07-12,10,2,11.34,3455.64,Aguas Claras,DF,Centro-Oeste
4025,610,SKU-027,2025-01-27,7,2,29.04,4150.24,Paulista,PE,Nordeste
4026,1363,SKU-035,2025-03-04,14,4,13.55,11108.76,Guarapuava,PR,Sul
4027,1336,SKU-123,2026-01-21,3,3,18.91,3738.33,Porto Seguro,BA,Nordeste
4028,177,SKU-013,2025-09-25,4,3,6.74,5942.91,Duque de Caxias,RJ,Sudeste
4029,956,SKU-213,2025-06-08,10,3,19.06,4428.24,Piracicaba,SP,Sudeste
4030,1179,SKU-132,2026-03-19,11,1,5.25,430.8,Tabatinga,AM,Norte
4031,181,SKU-214,2025-04-20,11,3,12.15,2228.61,Montes Claros,MG,Sudeste
4032,180,SKU-003,2025-09-10,6,2,33.16,5770.64,Tefe,AM,Norte
4033,1049,SKU-031,2025-05-06,14,1,28.37,988.93,Pocos de Caldas,MG,Sudeste
4034,73,SKU-155,2025-02-13,4,3,10.84,309.93,Igarassu,PE,Nordeste
4035,1193,SKU-188,2025-08-19,1,1,11.81,36.2,Coari,AM,Norte
4036,22,SKU-111,2026-05-02,12,4,28.75,9482.28,Taguatinga,DF,Centro-Oeste
4037,724,SKU-017,2025-05-06,10,1,14.85,458.74,Caucaia,CE,Nordeste
4038,329,SKU-155,2025-12-29,15,4,13.8,413.24,Foz do Iguacu,PR,Sul
4039,761,SKU-007,2026-03-23,8,1,31.69,2402.24,Bento Goncalves,RS,Sul
4040,966,SKU-121,2025-08-01,7,3,12.37,796.17,Juazeiro,BA,Nordeste
4041,382,SKU-156,2025-11-19,3,4,23.75,5446.52,Aguas Claras,DF,Centro-Oeste
4042,826,SKU-059,2025-06-18,8,4,11.55,8044.92,Ponta Grossa,PR,Sul
4043,868,SKU-049,2025-03-22,11,1,14.79,101.6,Paulista,PE,Nordeste
4044,983,SKU-028,2025-09-29,1,1,25.56,1158.5,Ponta Grossa,PR,Sul
4045,1201,SKU-102,2025-08-25,7,2,33.48,3681.06,Maues,AM,Norte
4046,995,SKU-141,2025-03-29,10,4,6.0,9681.48,Feira de Santana,BA,Nordeste
4047,22,SKU-203,2025-01-08,7,2,25.42,947.0,Contagem,MG,Sudeste
4048,853,SKU-114,2025-09-14,2,2,18.87,4203.64,Manaus,AM,Norte
4049,81,SKU-020,2025-09-27,14,2,13.62,1163.14,Gravatai,RS,Sul
4050,694,SKU-184,2025-05-03,2,4,27.49,10211.48,Governador Valadares,MG,Sudeste
4051,10,SKU-190,2025-10-21,8,4,16.45,6915.32,Belo Horizonte,MG,Sudeste
4052,73,SKU-119,2026-05-09,5,2,26.99,275.58,Londrina,PR,Sul
4053,1029,SKU-083,2025-12-24,2,4,31.12,10660.8,Maracanau,CE,Nordeste
4054,651,SKU-200,2026-02-10,4,3,22.77,8862.78,Garanhuns,PE,Nordeste
4055,351,SKU-186,2025-01-20,5,1,21.36,273.82,Presidente Figueiredo,AM,Norte
4056,85,SKU-050,2025-02-16,9,1,13.95,1989.79,Teixeira de Freitas,BA,Nordeste
4057,823,SKU-228,2025-04-17,9,4,16.21,9652.4,Recife,PE,Nordeste
4058,435,SKU-013,2025-09-28,13,1,20.25,1980.97,Brasilia,DF,Centro-Oeste
4059,1357,SKU-034,2025-10-16,9,3,33.44,4563.48,Pocos de Caldas,MG,Sudeste
4060,927,SKU-111,2025-03-09,15,4,11.16,9482.28,Recife,PE,Nordeste
4061,1327,SKU-140,2026-04-14,2,2,27.92,1553.5,Caruaru,PE,Nordeste
4062,114,SKU-050,2025-04-06,10,1,10.7,1989.79,Juiz de Fora,MG,Sudeste
4063,829,SKU-134,2025-01-08,13,3,15.18,2279.97,Porto Alegre,RS,Sul
4064,1215,SKU-135,2025-08-24,5,3,22.03,5793.6,Campos dos Goytacazes,RJ,Sudeste
4065,375,SKU-066,2025-07-09,13,4,10.93,10477.84,Gravata,PE,Nordeste
4066,19,SKU-225,2025-08-28,13,4,24.47,10243.72,Ipatinga,MG,Sudeste
4067,738,SKU-143,2025-04-16,3,1,15.91,919.57,Erechim,RS,Sul
4068,213,SKU-129,2025-09-13,7,1,32.98,561.4,Nova Iguacu,RJ,Sudeste
4069,370,SKU-105,2025-02-22,15,2,12.33,656.18,Londrina,PR,Sul
4070,802,SKU-195,2026-04-11,5,4,5.4,891.52,Maues,AM,Norte
4071,550,SKU-004,2026-04-29,9,2,17.41,5552.84,Colombo,PR,Sul
4072,12,SKU-087,2025-02-01,9,2,22.63,1182.24,Igarassu,PE,Nordeste
4073,13,SKU-136,2026-06-07,11,2,18.33,63.4,Erechim,RS,Sul
4074,452,SKU-232,2025-08-17,13,1,28.31,1695.44,Juiz de Fora,MG,Sudeste
4075,315,SKU-245,2025-04-09,10,3,17.77,8920.83,Itabuna,BA,Nordeste
4076,163,SKU-212,2026-03-08,8,2,12.29,5222.9,Belo Horizonte,MG,Sudeste
4077,50,SKU-077,2026-06-08,7,4,7.97,9929.72,Volta Redonda,RJ,Sudeste
4078,969,SKU-173,2025-06-13,9,2,34.8,2931.38,Igarassu,PE,Nordeste
4079,3,SKU-174,2025-10-14,12,4,19.74,11676.4,Duque de Caxias,RJ,Sudeste
4080,1453,SKU-218,2025-06-04,15,1,12.66,468.98,Caucaia,CE,Nordeste
4081,1127,SKU-010,2025-07-26,5,4,8.84,11221.92,Maues,AM,Norte
4082,395,SKU-104,2025-07-10,7,2,29.49,5173.72,Autazes,AM,Norte
4083,753,SKU-123,2025-08-15,1,2,28.93,2492.22,Iguatu,CE,Nordeste
4084,754,SKU-250,2025-07-12,9,3,24.22,6958.17,Novo Hamburgo,RS,Sul
4085,500,SKU-150,2025-02-20,2,4,15.79,4563.56,Sobral,CE,Nordeste
4086,743,SKU-152,2025-09-15,15,2,33.74,3104.62,Garanhuns,PE,Nordeste
4087,765,SKU-173,2025-09-10,13,4,27.24,5862.76,Porto Seguro,BA,Nordeste
4088,16,SKU-221,2026-06-04,8,3,15.61,5355.6,Teixeira de Freitas,BA,Nordeste
4089,362,SKU-127,2026-01-06,9,2,25.64,4650.64,Foz do Iguacu,PR,Sul
4090,92,SKU-019,2025-07-16,15,4,13.75,2389.16,Presidente Figueiredo,AM,Norte
4091,50,SKU-195,2026-01-22,6,1,13.46,222.88,Cascavel,PR,Sul
4092,1,SKU-090,2026-02-04,8,4,24.21,11782.56,Uberlandia,MG,Sudeste
4093,998,SKU-045,2025-12-07,4,1,32.39,1589.77,Rio de Janeiro,RJ,Sudeste
4094,302,SKU-106,2025-08-02,14,2,22.67,953.3,Sao Jose dos Campos,SP,Sudeste
4095,951,SKU-210,2025-02-01,11,3,11.42,1274.16,Londrina,PR,Sul
4096,45,SKU-157,2025-01-10,9,4,14.56,7506.64,Rio de Janeiro,RJ,Sudeste
4097,270,SKU-219,2025-04-15,14,4,32.54,4761.4,Guarulhos,SP,Sudeste
4098,801,SKU-129,2025-07-31,10,2,25.35,1122.8,Pelotas,RS,Sul
4099,151,SKU-043,2026-04-28,15,3,22.64,1266.12,Montes Claros,MG,Sudeste
4100,6,SKU-228,2026-02-18,8,3,18.45,7239.3,Juazeiro,BA,Nordeste
4101,148,SKU-097,2025-08-06,11,2,21.66,2160.1,Guarulhos,SP,Sudeste
4102,851,SKU-001,2025-12-16,8,4,6.78,4893.12,Juazeiro,BA,Nordeste
4103,76,SKU-184,2025-10-18,13,1,6.52,2552.87,Recife,PE,Nordeste
4104,3,SKU-111,2026-01-24,4,1,17.24,2370.57,Volta Redonda,RJ,Sudeste
4105,1452,SKU-113,2026-01-23,5,4,5.63,7253.16,Betim,MG,Sudeste
4106,734,SKU-097,2026-04-20,4,1,20.31,1080.05,Ponta Grossa,PR,Sul
4107,875,SKU-230,2026-02-01,5,4,14.84,7250.92,Juazeiro,BA,Nordeste
4108,246,SKU-005,2026-01-29,1,2,13.05,2100.12,Governador Valadares,MG,Sudeste
4109,222,SKU-061,2025-06-11,10,3,23.24,5676.03,Aguas Claras,DF,Centro-Oeste
4110,254,SKU-186,2025-02-21,9,1,20.42,273.82,Camacari,BA,Nordeste
4111,4,SKU-028,2025-10-24,9,1,10.79,1158.5,Santa Maria,RS,Sul
4112,311,SKU-086,2025-04-18,15,2,29.06,5801.1,Jaboatao dos Guararapes,PE,Nordeste
4113,491,SKU-062,2026-04-06,4,1,30.98,2489.09,Uberaba,MG,Sudeste
4114,1166,SKU-154,2025-10-26,2,3,11.46,8929.62,Petropolis,RJ,Sudeste
4115,948,SKU-071,2025-11-28,10,3,29.94,4859.43,Recanto das Emas,DF,Centro-Oeste
4116,4,SKU-011,2026-05-02,8,2,15.28,4275.94,Gravata,PE,Nordeste
4117,33,SKU-064,2025-02-28,8,4,24.22,8750.76,Paulista,PE,Nordeste
4118,1126,SKU-250,2025-07-22,13,4,25.93,9277.56,Feira de Santana,BA,Nordeste
4119,7,SKU-026,2025-08-30,8,4,19.57,9598.24,Iguatu,CE,Nordeste
4120,565,SKU-206,2025-07-26,14,2,26.59,1306.04,Betim,MG,Sudeste
4121,556,SKU-123,2025-08-12,6,4,7.39,4984.44,Igarassu,PE,Nordeste
4122,175,SKU-116,2025-05-02,6,2,5.9,4361.62,Planaltina,DF,Centro-Oeste
4123,116,SKU-007,2025-06-17,15,3,32.06,7206.72,Bento Goncalves,RS,Sul
4124,826,SKU-036,2026-01-22,4,4,17.11,1517.92,Londrina,PR,Sul
4125,696,SKU-100,2026-05-14,14,3,28.0,6687.45,Tefe,AM,Norte
4126,399,SKU-150,2026-02-05,7,1,20.58,1140.89,Caninde,CE,Nordeste
4127,91,SKU-234,2025-03-22,10,3,8.67,274.35,Gravatai,RS,Sul
4128,5,SKU-186,2025-10-20,8,1,25.61,273.82,Cascavel,PR,Sul
4129,128,SKU-118,2025-02-24,6,4,9.13,1998.2,Cascavel,PR,Sul
4130,803,SKU-123,2026-02-26,8,1,6.83,1246.11,Ilheus,BA,Nordeste
4131,1035,SKU-042,2026-05-02,2,3,32.14,6333.96,Crato,CE,Nordeste
4132,1147,SKU-063,2025-05-07,8,3,16.45,7847.67,Sao Jose dos Campos,SP,Sudeste
4133,462,SKU-144,2025-02-01,10,2,14.42,155.28,Presidente Figueiredo,AM,Norte
4134,725,SKU-174,2025-01-20,1,3,21.05,8757.3,Quixada,CE,Nordeste
4135,1196,SKU-121,2026-01-02,4,1,8.19,265.39,Recanto das Emas,DF,Centro-Oeste
4136,1062,SKU-154,2025-06-27,15,3,16.81,8929.62,Itapipoca,CE,Nordeste
4137,1490,SKU-123,2025-11-08,13,4,29.43,4984.44,Angra dos Reis,RJ,Sudeste
4138,363,SKU-133,2026-02-17,7,2,17.19,5178.42,Caninde,CE,Nordeste
4139,11,SKU-231,2025-08-27,13,2,27.97,3988.06,Caruaru,PE,Nordeste
4140,442,SKU-062,2025-01-11,5,2,9.27,4978.18,Olinda,PE,Nordeste
4141,716,SKU-158,2026-03-08,7,3,5.82,6848.16,Guarapuava,PR,Sul
4142,215,SKU-212,2025-10-11,7,4,18.58,10445.8,Itabuna,BA,Nordeste
4143,144,SKU-247,2025-09-12,2,3,33.97,4655.67,Ilheus,BA,Nordeste
4144,33,SKU-168,2026-04-22,14,4,10.11,5982.56,Manaus,AM,Norte
4145,13,SKU-046,2025-09-13,1,3,32.54,4310.28,Pocos de Caldas,MG,Sudeste
4146,1266,SKU-203,2025-06-16,1,1,15.66,473.5,Paulista,PE,Nordeste
4147,137,SKU-091,2026-02-13,1,4,23.57,3840.12,Brasilia,DF,Centro-Oeste
4148,1294,SKU-154,2025-06-23,13,2,10.64,5953.08,Vitoria da Conquista,BA,Nordeste
4149,148,SKU-244,2025-10-06,9,1,32.84,512.01,Crato,CE,Nordeste
4150,726,SKU-178,2025-05-29,11,4,17.69,8941.16,Jaboatao dos Guararapes,PE,Nordeste
4151,995,SKU-123,2026-04-05,14,2,29.13,2492.22,Canoas,RS,Sul
4152,175,SKU-241,2025-11-15,5,2,5.6,785.26,Coari,AM,Norte
4153,961,SKU-115,2026-02-08,14,4,7.52,6911.28,Uberaba,MG,Sudeste
4154,1045,SKU-184,2026-01-08,1,1,26.94,2552.87,Londrina,PR,Sul
4155,78,SKU-137,2025-11-11,11,1,24.09,2270.15,Maracanau,CE,Nordeste
4156,58,SKU-105,2026-01-13,12,2,11.36,656.18,Paulista,PE,Nordeste
4157,1203,SKU-093,2025-10-16,4,4,27.43,1396.64,Belo Horizonte,MG,Sudeste
4158,879,SKU-139,2025-10-15,5,4,18.65,7313.56,Governador Valadares,MG,Sudeste
4159,150,SKU-014,2025-03-19,2,2,26.16,2483.52,Presidente Figueiredo,AM,Norte
4160,1201,SKU-174,2025-08-04,14,3,34.46,8757.3,Ilheus,BA,Nordeste
4161,57,SKU-162,2026-03-17,13,2,29.88,3724.24,Tefe,AM,Norte
4162,850,SKU-001,2026-05-24,5,1,30.07,1223.28,Bento Goncalves,RS,Sul
4163,1410,SKU-117,2025-12-08,8,1,12.35,1064.24,Curitiba,PR,Sul
4164,691,SKU-159,2025-04-01,11,3,5.55,7033.62,Itacoatiara,AM,Norte
4165,113,SKU-195,2025-12-21,2,3,28.07,668.64,Paulista,PE,Nordeste
4166,33,SKU-103,2025-01-24,13,4,8.26,1395.76,Gama,DF,Centro-Oeste
4167,539,SKU-056,2026-03-27,2,2,14.85,5529.14,Sao Jose dos Campos,SP,Sudeste
4168,162,SKU-070,2026-01-23,5,3,11.84,5883.0,Planaltina,DF,Centro-Oeste
4169,1199,SKU-195,2025-05-11,1,1,25.64,222.88,Curitiba,PR,Sul
4170,526,SKU-043,2025-08-04,9,1,22.25,422.04,Guarulhos,SP,Sudeste
4171,384,SKU-004,2025-12-17,13,2,22.45,5552.84,Sao Jose dos Campos,SP,Sudeste
4172,122,SKU-188,2025-08-03,3,2,27.38,72.4,Governador Valadares,MG,Sudeste
4173,3,SKU-085,2026-01-09,15,3,26.21,3131.88,Olinda,PE,Nordeste
4174,397,SKU-156,2026-05-25,9,3,16.54,4084.89,Teixeira de Freitas,BA,Nordeste
4175,729,SKU-214,2025-08-23,2,2,23.07,1485.74,Ponta Grossa,PR,Sul
4176,3,SKU-175,2025-12-26,6,1,34.13,2593.48,Autazes,AM,Norte
4177,881,SKU-141,2026-03-27,11,2,28.56,4840.74,Manaus,AM,Norte
4178,1083,SKU-088,2026-05-09,10,2,26.78,5612.42,Manacapuru,AM,Norte
4179,312,SKU-051,2025-01-13,14,1,21.83,228.45,Tefe,AM,Norte
4180,209,SKU-165,2025-10-27,13,4,27.68,6619.04,Guarulhos,SP,Sudeste
4181,140,SKU-223,2026-03-06,1,2,25.08,4987.54,Igarassu,PE,Nordeste
4182,1210,SKU-234,2025-06-10,8,4,7.98,365.8,Autazes,AM,Norte
4183,204,SKU-116,2025-12-03,11,1,28.84,2180.81,Manaus,AM,Norte
4184,33,SKU-125,2025-12-16,15,2,6.37,3314.76,Serra Talhada,PE,Nordeste
4185,6,SKU-119,2025-10-22,15,2,22.43,275.58,Petrolina,PE,Nordeste
4186,440,SKU-123,2026-05-22,5,2,23.42,2492.22,Santos,SP,Sudeste
4187,607,SKU-066,2025-10-03,10,1,25.46,2619.46,Caxias do Sul,RS,Sul
4188,365,SKU-233,2025-01-01,13,1,7.03,2064.7,Sao Jose dos Campos,SP,Sudeste
4189,251,SKU-233,2025-07-04,15,1,27.05,2064.7,Planaltina,DF,Centro-Oeste
4190,30,SKU-111,2025-03-26,8,4,17.45,9482.28,Petrolina,PE,Nordeste
4191,11,SKU-008,2026-05-16,7,2,15.4,4177.7,Crato,CE,Nordeste
4192,215,SKU-180,2025-01-26,11,2,8.19,1924.9,Porto Alegre,RS,Sul
4193,1,SKU-189,2026-01-31,3,1,24.07,1119.3,Manacapuru,AM,Norte
4194,17,SKU-041,2025-02-17,2,1,30.17,2058.61,Sobral,CE,Nordeste
4195,987,SKU-099,2026-01-22,7,3,11.32,4916.64,Osasco,SP,Sudeste
4196,3,SKU-076,2025-06-01,4,2,7.89,5448.88,Juazeiro do Norte,CE,Nordeste
4197,32,SKU-077,2026-01-27,1,3,34.56,7447.29,Caucaia,CE,Nordeste
4198,231,SKU-203,2026-02-07,15,1,17.9,473.5,Passo Fundo,RS,Sul
4199,322,SKU-137,2025-06-18,1,1,12.67,2270.15,Parintins,AM,Norte
4200,9,SKU-042,2025-01-27,12,3,19.13,6333.96,Manaus,AM,Norte
4201,22,SKU-025,2026-04-13,8,1,27.05,979.31,Petrolina,PE,Nordeste
4202,623,SKU-174,2026-03-15,13,3,21.18,8757.3,Teixeira de Freitas,BA,Nordeste
4203,213,SKU-152,2025-01-22,11,2,29.17,3104.62,Novo Hamburgo,RS,Sul
4204,333,SKU-187,2025-11-24,14,3,28.05,3908.31,Ceilandia,DF,Centro-Oeste
4205,1422,SKU-210,2025-08-11,6,4,20.88,1698.88,Tefe,AM,Norte
4206,48,SKU-198,2025-02-14,5,1,13.67,1433.8,Canoas,RS,Sul
4207,1160,SKU-007,2025-09-28,1,2,5.78,4804.48,Fortaleza,CE,Nordeste
4208,3,SKU-101,2026-04-25,4,3,15.13,942.54,Crato,CE,Nordeste
4209,999,SKU-199,2026-03-21,4,3,28.7,5912.58,Campos dos Goytacazes,RJ,Sudeste
4210,434,SKU-088,2025-03-24,1,1,19.13,2806.21,Contagem,MG,Sudeste
4211,65,SKU-208,2025-12-24,4,2,7.69,5127.22,Governador Valadares,MG,Sudeste
4212,717,SKU-222,2025-01-30,15,1,28.48,874.92,Colombo,PR,Sul
4213,1423,SKU-209,2025-01-14,3,4,31.42,7940.96,Niteroi,RJ,Sudeste
4214,904,SKU-129,2025-01-22,7,3,14.14,1684.2,Porto Alegre,RS,Sul
4215,1447,SKU-175,2026-04-21,8,4,8.81,10373.92,Petropolis,RJ,Sudeste
4216,23,SKU-104,2025-04-19,7,1,21.94,2586.86,Angra dos Reis,RJ,Sudeste
4217,1221,SKU-250,2025-08-27,15,3,8.86,6958.17,Vitoria da Conquista,BA,Nordeste
4218,276,SKU-052,2026-04-08,15,1,7.18,1692.21,Fortaleza,CE,Nordeste
4219,248,SKU-106,2026-03-20,5,3,17.58,1429.95,Londrina,PR,Sul
4220,349,SKU-061,2025-12-25,4,3,17.83,5676.03,Gama,DF,Centro-Oeste
4221,620,SKU-075,2025-07-10,15,3,10.17,7884.03,Quixada,CE,Nordeste
4222,230,SKU-150,2026-05-19,6,4,29.34,4563.56,Erechim,RS,Sul
4223,17,SKU-161,2026-01-31,11,1,11.74,2175.95,Contagem,MG,Sudeste
4224,361,SKU-213,2025-01-31,6,1,12.95,1476.08,Piracicaba,SP,Sudeste
4225,773,SKU-248,2025-03-05,11,4,28.88,7498.36,Volta Redonda,RJ,Sudeste
4226,1488,SKU-025,2026-01-25,8,2,9.23,1958.62,Ribeirao Preto,SP,Sudeste
4227,1250,SKU-039,2025-12-11,11,4,7.26,5847.88,Volta Redonda,RJ,Sudeste
4228,1398,SKU-156,2025-12-19,2,2,11.9,2723.26,Coari,AM,Norte
4229,246,SKU-237,2025-01-18,6,4,10.56,11974.88,Parintins,AM,Norte
4230,789,SKU-187,2026-02-23,15,4,6.61,5211.08,Porto Alegre,RS,Sul
4231,511,SKU-015,2025-12-26,15,1,24.17,1942.39,Santa Maria,RS,Sul
4232,69,SKU-209,2025-07-29,1,4,12.49,7940.96,Gravata,PE,Nordeste
4233,731,SKU-239,2026-05-26,8,4,23.47,903.88,Santa Maria,RS,Sul
4234,39,SKU-231,2025-09-24,3,1,26.11,1994.03,Iguatu,CE,Nordeste
4235,19,SKU-138,2026-05-18,5,3,12.24,4247.58,Aguas Claras,DF,Centro-Oeste
4236,389,SKU-034,2025-07-25,9,2,16.73,3042.32,Santa Maria,RS,Sul
4237,364,SKU-155,2025-06-26,12,3,8.13,309.93,Pocos de Caldas,MG,Sudeste
4238,535,SKU-143,2025-11-16,3,3,12.94,2758.71,Governador Valadares,MG,Sudeste
4239,302,SKU-232,2025-07-30,9,2,8.06,3390.88,Montes Claros,MG,Sudeste
4240,19,SKU-172,2026-04-22,1,4,34.48,7174.96,Santa Maria,RS,Sul
4241,109,SKU-027,2026-03-29,6,3,12.84,6225.36,Iguatu,CE,Nordeste
4242,779,SKU-218,2025-05-13,9,3,17.03,1406.94,Aguas Claras,DF,Centro-Oeste
4243,965,SKU-241,2025-04-28,6,4,22.78,1570.52,Angra dos Reis,RJ,Sudeste
4244,12,SKU-027,2025-09-11,5,3,25.63,6225.36,Pocos de Caldas,MG,Sudeste
4245,174,SKU-165,2026-04-11,11,1,26.35,1654.76,Salvador,BA,Nordeste
4246,3,SKU-207,2026-03-27,8,3,25.49,3571.98,Manaus,AM,Norte
4247,274,SKU-080,2026-04-16,2,3,8.45,4926.12,Manacapuru,AM,Norte
4248,57,SKU-112,2025-02-17,6,4,21.07,3376.8,Canoas,RS,Sul
4249,566,SKU-139,2025-06-30,5,2,32.6,3656.78,Vitoria da Conquista,BA,Nordeste
4250,1032,SKU-206,2025-05-02,13,4,31.18,2612.08,Gravatai,RS,Sul
4251,103,SKU-028,2026-05-14,7,4,26.01,4634.0,Ilheus,BA,Nordeste
4252,23,SKU-068,2025-04-12,1,1,24.34,1698.21,Ceilandia,DF,Centro-Oeste
4253,655,SKU-075,2026-04-19,14,2,22.05,5256.02,Petropolis,RJ,Sudeste
4254,513,SKU-210,2025-08-29,15,3,20.59,1274.16,Colombo,PR,Sul
4255,768,SKU-173,2025-04-12,15,2,18.76,2931.38,Petropolis,RJ,Sudeste
4256,308,SKU-126,2025-04-18,4,3,16.56,243.09,Tabatinga,AM,Norte
4257,1036,SKU-155,2025-01-05,8,1,25.43,103.31,Cascavel,PR,Sul
4258,501,SKU-242,2025-09-16,1,1,32.36,2373.33,Sao Jose dos Campos,SP,Sudeste
4259,954,SKU-249,2025-06-13,5,2,21.99,1406.9,Sao Bernardo do Campo,SP,Sudeste
4260,1037,SKU-155,2026-02-03,3,3,21.68,309.93,Curitiba,PR,Sul
4261,736,SKU-063,2026-04-21,11,4,12.55,10463.56,Governador Valadares,MG,Sudeste
4262,165,SKU-116,2025-05-13,15,1,32.86,2180.81,Bento Goncalves,RS,Sul
4263,236,SKU-108,2025-07-02,1,4,6.31,9500.32,Osasco,SP,Sudeste
4264,213,SKU-140,2025-01-27,1,1,30.89,776.75,Autazes,AM,Norte
4265,1,SKU-064,2025-01-01,9,1,14.97,2187.69,Passo Fundo,RS,Sul
4266,43,SKU-249,2026-02-11,15,4,23.89,2813.8,Belo Horizonte,MG,Sudeste
4267,868,SKU-049,2025-01-11,15,4,7.12,406.4,Parintins,AM,Norte
4268,885,SKU-147,2025-06-24,7,2,11.15,5427.76,Guara,DF,Centro-Oeste
4269,1342,SKU-101,2025-06-21,14,1,15.99,314.18,Volta Redonda,RJ,Sudeste
4270,1436,SKU-018,2025-03-02,12,4,5.08,9098.92,Ipatinga,MG,Sudeste
4271,34,SKU-170,2025-06-20,7,3,30.47,5066.85,Pocos de Caldas,MG,Sudeste
4272,80,SKU-138,2025-09-01,9,3,22.51,4247.58,Caruaru,PE,Nordeste
4273,523,SKU-230,2026-05-15,2,3,23.47,5438.19,Lauro de Freitas,BA,Nordeste
4274,8,SKU-037,2025-08-24,6,2,15.78,5130.12,Autazes,AM,Norte
4275,326,SKU-248,2025-06-02,14,2,12.88,3749.18,Bento Goncalves,RS,Sul
4276,570,SKU-228,2026-03-22,6,1,24.88,2413.1,Sorocaba,SP,Sudeste
4277,1385,SKU-143,2026-05-15,7,3,11.24,2758.71,Uberaba,MG,Sudeste
4278,16,SKU-185,2025-02-28,6,3,6.93,1508.4,Itapipoca,CE,Nordeste
4279,604,SKU-041,2025-02-13,11,2,18.93,4117.22,Presidente Figueiredo,AM,Norte
4280,812,SKU-025,2025-10-09,13,3,30.52,2937.93,Parintins,AM,Norte
4281,12,SKU-244,2025-05-04,6,4,23.79,2048.04,Coari,AM,Norte
4282,930,SKU-078,2026-05-11,10,3,22.61,5416.05,Sao Paulo,SP,Sudeste
4283,1139,SKU-108,2025-07-08,15,4,15.4,9500.32,Manaus,AM,Norte
4284,379,SKU-048,2025-01-22,8,1,21.72,1221.94,Sorocaba,SP,Sudeste
4285,975,SKU-021,2026-05-25,6,3,30.92,4122.66,Teixeira de Freitas,BA,Nordeste
4286,718,SKU-169,2025-05-12,9,3,15.32,6575.79,Porto Seguro,BA,Nordeste
4287,3,SKU-177,2025-10-02,2,4,29.54,11121.48,Sao Paulo,SP,Sudeste
4288,186,SKU-168,2025-04-24,5,2,28.41,2991.28,Olinda,PE,Nordeste
4289,755,SKU-076,2025-10-20,15,4,25.35,10897.76,Santos,SP,Sudeste
4290,192,SKU-147,2025-02-10,5,4,31.89,10855.52,Juazeiro do Norte,CE,Nordeste
4291,736,SKU-200,2026-03-12,12,1,23.64,2954.26,Teixeira de Freitas,BA,Nordeste
4292,367,SKU-041,2025-10-22,4,4,19.53,8234.44,Iguatu,CE,Nordeste
4293,1364,SKU-246,2025-02-25,10,2,15.0,5129.82,Pocos de Caldas,MG,Sudeste
4294,3,SKU-159,2025-04-07,5,1,6.11,2344.54,Caruaru,PE,Nordeste
4295,630,SKU-079,2025-03-24,11,1,29.6,2316.63,Belo Horizonte,MG,Sudeste
4296,43,SKU-050,2025-01-16,15,3,28.43,5969.37,Guara,DF,Centro-Oeste
4297,191,SKU-064,2025-08-08,14,4,34.78,8750.76,Pocos de Caldas,MG,Sudeste
4298,360,SKU-089,2026-04-06,6,3,26.83,5146.02,Vitoria da Conquista,BA,Nordeste
4299,403,SKU-143,2025-11-28,12,4,31.3,3678.28,Salvador,BA,Nordeste
4300,1375,SKU-196,2026-01-29,9,3,34.57,7004.82,Maues,AM,Norte
4301,51,SKU-103,2025-11-14,1,4,8.35,1395.76,Sao Paulo,SP,Sudeste
4302,55,SKU-091,2025-09-25,4,4,24.23,3840.12,Itabuna,BA,Nordeste
4303,134,SKU-160,2026-06-06,5,3,9.09,8402.55,Colombo,PR,Sul
4304,136,SKU-002,2025-10-21,1,1,25.68,2448.26,Foz do Iguacu,PR,Sul
4305,175,SKU-191,2026-01-30,7,2,27.95,653.82,Fortaleza,CE,Nordeste
4306,560,SKU-086,2025-04-19,11,1,20.68,2900.55,Aguas Claras,DF,Centro-Oeste
4307,28,SKU-137,2026-03-28,10,3,24.65,6810.45,Juazeiro,BA,Nordeste
4308,129,SKU-046,2025-04-16,2,2,12.38,2873.52,Betim,MG,Sudeste
4309,583,SKU-158,2026-04-17,1,4,26.56,9130.88,Cabo Frio,RJ,Sudeste
4310,1119,SKU-183,2026-01-22,14,4,25.91,11142.68,Sobral,CE,Nordeste
4311,65,SKU-014,2025-09-28,10,1,30.98,1241.76,Tabatinga,AM,Norte
4312,44,SKU-026,2025-09-22,8,2,25.53,4799.12,Planaltina,DF,Centro-Oeste
4313,107,SKU-155,2025-07-30,9,3,28.27,309.93,Gravata,PE,Nordeste
4314,523,SKU-184,2026-06-02,11,4,7.44,10211.48,Cabo Frio,RJ,Sudeste
4315,361,SKU-118,2026-01-28,11,3,34.03,1498.65,Camacari,BA,Nordeste
4316,8,SKU-075,2025-07-13,3,1,28.68,2628.01,Paulista,PE,Nordeste
4317,801,SKU-232,2026-04-03,4,1,24.21,1695.44,Sorocaba,SP,Sudeste
4318,673,SKU-035,2026-03-06,1,1,16.12,2777.19,Sobral,CE,Nordeste
4319,37,SKU-161,2025-11-06,7,3,23.64,6527.85,Maues,AM,Norte
4320,507,SKU-096,2025-04-07,1,2,17.47,2613.02,Nova Iguacu,RJ,Sudeste
4321,383,SKU-062,2026-04-07,6,2,8.28,4978.18,Manacapuru,AM,Norte
4322,521,SKU-079,2025-04-22,10,2,27.1,4633.26,Foz do Iguacu,PR,Sul
4323,782,SKU-052,2025-06-30,5,3,25.79,5076.63,Santos,SP,Sudeste
4324,194,SKU-215,2026-05-27,13,1,32.51,2170.73,Olinda,PE,Nordeste
4325,746,SKU-070,2025-08-01,3,3,8.08,5883.0,Sao Jose dos Pinhais,PR,Sul
4326,411,SKU-106,2025-07-25,4,2,19.87,953.3,Santos,SP,Sudeste
4327,20,SKU-066,2025-02-04,7,2,20.74,5238.92,Rio de Janeiro,RJ,Sudeste
4328,1,SKU-162,2026-05-12,4,4,11.97,7448.48,Cascavel,PR,Sul
4329,74,SKU-175,2026-03-02,4,1,10.44,2593.48,Caruaru,PE,Nordeste
4330,799,SKU-102,2025-10-12,13,1,26.31,1840.53,Uberaba,MG,Sudeste
4331,464,SKU-242,2026-05-23,2,1,29.35,2373.33,Vitoria da Conquista,BA,Nordeste
4332,208,SKU-185,2025-04-01,14,3,25.34,1508.4,Gravatai,RS,Sul
4333,1149,SKU-122,2025-05-14,1,2,25.06,901.3,Tabatinga,AM,Norte
4334,115,SKU-191,2025-11-16,14,3,10.08,980.73,Santos,SP,Sudeste
4335,794,SKU-063,2025-12-08,5,3,24.65,7847.67,Juiz de Fora,MG,Sudeste
4336,4,SKU-082,2026-01-04,2,2,6.36,1527.34,Jaboatao dos Guararapes,PE,Nordeste
4337,1481,SKU-157,2025-01-18,3,1,12.99,1876.66,Presidente Figueiredo,AM,Norte
4338,350,SKU-217,2025-06-19,1,2,13.04,76.26,Maues,AM,Norte
4339,859,SKU-108,2025-08-19,4,2,15.03,4750.16,Porto Seguro,BA,Nordeste
4340,403,SKU-152,2025-03-06,10,2,21.7,3104.62,Erechim,RS,Sul
4341,918,SKU-077,2026-02-03,8,1,6.31,2482.43,Juazeiro,BA,Nordeste
4342,771,SKU-054,2025-07-27,11,1,18.83,2370.62,Governador Valadares,MG,Sudeste
4343,240,SKU-148,2025-10-23,1,1,14.12,1411.66,Crato,CE,Nordeste
4344,21,SKU-207,2025-11-19,13,1,14.99,1190.66,Paulista,PE,Nordeste
4345,169,SKU-153,2025-02-09,8,4,14.69,4307.48,Serra Talhada,PE,Nordeste
4346,1130,SKU-192,2025-05-17,1,2,11.06,61.26,Maringa,PR,Sul
4347,106,SKU-005,2025-03-04,2,4,12.17,4200.24,Teresopolis,RJ,Sudeste
4348,1135,SKU-212,2026-03-16,7,4,30.14,10445.8,Nova Iguacu,RJ,Sudeste
4349,874,SKU-088,2025-03-22,14,1,30.35,2806.21,Belo Horizonte,MG,Sudeste
4350,43,SKU-102,2025-04-22,9,2,29.47,3681.06,Pelotas,RS,Sul
4351,268,SKU-220,2025-05-04,15,3,5.06,6948.12,Betim,MG,Sudeste
4352,176,SKU-035,2025-05-30,5,3,27.15,8331.57,Juiz de Fora,MG,Sudeste
4353,97,SKU-039,2025-08-25,1,2,28.22,2923.94,Sao Paulo,SP,Sudeste
4354,19,SKU-034,2026-04-04,11,2,21.34,3042.32,Betim,MG,Sudeste
4355,94,SKU-016,2026-05-16,4,1,26.42,31.77,Gravatai,RS,Sul
4356,875,SKU-155,2025-11-27,3,4,8.5,413.24,Iguatu,CE,Nordeste
4357,533,SKU-229,2025-10-09,1,4,27.06,6080.8,Petrolina,PE,Nordeste
4358,1219,SKU-138,2026-04-11,7,4,22.4,5663.44,Itabuna,BA,Nordeste
4359,11,SKU-071,2025-01-04,10,2,5.01,3239.62,Fortaleza,CE,Nordeste
4360,8,SKU-063,2025-09-01,15,4,6.64,10463.56,Maracanau,CE,Nordeste
4361,29,SKU-249,2025-12-09,2,4,19.1,2813.8,Governador Valadares,MG,Sudeste
4362,374,SKU-239,2025-07-22,6,4,10.61,903.88,Betim,MG,Sudeste
4363,997,SKU-172,2026-04-27,12,4,30.95,7174.96,Bento Goncalves,RS,Sul
4364,835,SKU-177,2025-11-04,5,2,33.39,5560.74,Uberlandia,MG,Sudeste
4365,294,SKU-153,2025-06-13,14,2,10.58,2153.74,Pocos de Caldas,MG,Sudeste
4366,85,SKU-134,2025-03-26,12,2,20.0,1519.98,Vitoria da Conquista,BA,Nordeste
4367,48,SKU-087,2025-01-29,14,4,9.34,2364.48,Piracicaba,SP,Sudeste
4368,758,SKU-236,2025-02-13,3,1,34.96,636.16,Londrina,PR,Sul
4369,158,SKU-237,2025-06-14,13,2,22.71,5987.44,Betim,MG,Sudeste
4370,218,SKU-114,2025-01-27,1,2,22.26,4203.64,Gravatai,RS,Sul
4371,129,SKU-233,2025-06-10,2,2,10.9,4129.4,Sobral,CE,Nordeste
4372,199,SKU-051,2025-12-17,9,2,11.22,456.9,Maues,AM,Norte
4373,635,SKU-150,2026-01-09,6,1,26.94,1140.89,Brasilia,DF,Centro-Oeste
4374,99,SKU-009,2025-10-02,6,3,21.84,4937.01,Lauro de Freitas,BA,Nordeste
4375,9,SKU-180,2025-07-09,4,3,29.26,2887.35,Juazeiro do Norte,CE,Nordeste
4376,58,SKU-179,2025-07-15,7,1,5.17,750.21,Osasco,SP,Sudeste
4377,1152,SKU-018,2026-03-23,11,3,20.09,6824.19,Guarapuava,PR,Sul
4378,327,SKU-120,2025-12-25,9,2,27.29,4260.2,Duque de Caxias,RJ,Sudeste
4379,104,SKU-094,2026-01-25,3,3,6.24,6208.71,Serra Talhada,PE,Nordeste
4380,675,SKU-036,2026-04-15,11,1,27.39,379.48,Vitoria da Conquista,BA,Nordeste
4381,713,SKU-206,2025-09-28,6,1,28.88,653.02,Sorocaba,SP,Sudeste
4382,830,SKU-046,2025-11-07,7,1,9.29,1436.76,Igarassu,PE,Nordeste
4383,1211,SKU-130,2025-01-27,7,3,33.49,167.94,Lauro de Freitas,BA,Nordeste
4384,149,SKU-010,2025-09-12,14,2,17.73,5610.96,Maringa,PR,Sul
4385,137,SKU-197,2025-11-29,7,2,34.35,1745.16,Belo Horizonte,MG,Sudeste
4386,166,SKU-218,2025-08-19,4,2,34.35,937.96,Duque de Caxias,RJ,Sudeste
4387,146,SKU-016,2025-08-01,4,4,7.14,127.08,Betim,MG,Sudeste
4388,957,SKU-012,2025-03-08,4,3,25.27,7542.93,Gravata,PE,Nordeste
4389,648,SKU-008,2026-01-09,3,2,26.8,4177.7,Petropolis,RJ,Sudeste
4390,1475,SKU-042,2026-02-16,9,3,22.59,6333.96,Paranagua,PR,Sul
4391,337,SKU-112,2026-03-25,7,4,13.71,3376.8,Pocos de Caldas,MG,Sudeste
4392,604,SKU-223,2025-08-27,9,1,19.0,2493.77,Guarulhos,SP,Sudeste
4393,14,SKU-011,2025-03-12,9,1,8.27,2137.97,Cascavel,PR,Sul
4394,903,SKU-096,2026-02-06,12,3,33.27,3919.53,Niteroi,RJ,Sudeste
4395,403,SKU-079,2025-01-21,14,1,13.38,2316.63,Ceilandia,DF,Centro-Oeste
4396,8,SKU-249,2025-03-05,12,4,10.09,2813.8,Caxias do Sul,RS,Sul
4397,1066,SKU-076,2025-06-27,1,1,13.5,2724.44,Samambaia,DF,Centro-Oeste
4398,774,SKU-107,2025-10-24,2,1,31.65,1637.56,Petropolis,RJ,Sudeste
4399,9,SKU-011,2025-10-09,13,2,7.25,4275.94,Juazeiro,BA,Nordeste
4400,1,SKU-023,2026-01-09,7,4,21.49,4574.0,Sao Bernardo do Campo,SP,Sudeste
4401,2,SKU-111,2026-04-01,5,3,24.42,7111.71,Londrina,PR,Sul
4402,424,SKU-089,2025-03-15,2,3,17.09,5146.02,Gama,DF,Centro-Oeste
4403,117,SKU-034,2026-04-14,6,4,6.55,6084.64,Uberlandia,MG,Sudeste
4404,919,SKU-139,2026-02-02,2,1,8.14,1828.39,Feira de Santana,BA,Nordeste
4405,14,SKU-182,2026-03-21,5,2,30.95,5629.3,Caucaia,CE,Nordeste
4406,74,SKU-095,2025-07-17,11,3,8.36,1082.85,Jaboatao dos Guararapes,PE,Nordeste
4407,1109,SKU-247,2025-11-30,6,1,23.95,1551.89,Juazeiro do Norte,CE,Nordeste
4408,195,SKU-032,2025-02-06,3,4,11.0,7410.96,Petropolis,RJ,Sudeste
4409,1,SKU-038,2025-11-26,14,1,21.37,355.73,Foz do Iguacu,PR,Sul
4410,799,SKU-046,2025-11-04,12,1,21.46,1436.76,Recife,PE,Nordeste
4411,571,SKU-173,2025-05-12,7,3,27.97,4397.07,Canoas,RS,Sul
4412,5,SKU-173,2025-01-16,13,2,28.46,2931.38,Ceilandia,DF,Centro-Oeste
4413,758,SKU-069,2025-03-02,2,1,29.34,1934.96,Sobradinho,DF,Centro-Oeste
4414,49,SKU-185,2026-04-08,11,1,34.82,502.8,Taguatinga,DF,Centro-Oeste
4415,749,SKU-203,2025-07-09,6,4,30.73,1894.0,Londrina,PR,Sul
4416,768,SKU-222,2025-09-21,5,2,29.02,1749.84,Ponta Grossa,PR,Sul
4417,763,SKU-211,2025-02-15,8,2,17.16,1929.84,Maringa,PR,Sul
4418,99,SKU-240,2026-03-20,2,4,30.2,1466.84,Colombo,PR,Sul
4419,1165,SKU-010,2025-12-09,11,1,33.57,2805.48,Uberaba,MG,Sudeste
4420,810,SKU-179,2026-04-25,12,2,29.58,1500.42,Porto Alegre,RS,Sul
4421,286,SKU-121,2026-05-25,9,2,24.9,530.78,Quixada,CE,Nordeste
4422,11,SKU-127,2025-01-04,10,2,12.54,4650.64,Osasco,SP,Sudeste
4423,951,SKU-163,2026-01-03,12,1,26.48,929.64,Canoas,RS,Sul
4424,881,SKU-091,2026-04-11,13,2,6.64,1920.06,Contagem,MG,Sudeste
4425,294,SKU-022,2026-02-01,10,2,5.48,2453.82,Juazeiro do Norte,CE,Nordeste
4426,997,SKU-084,2025-04-30,15,2,16.44,2937.0,Recife,PE,Nordeste
4427,710,SKU-235,2026-03-05,9,4,28.28,7930.6,Rio de Janeiro,RJ,Sudeste
4428,122,SKU-173,2025-09-03,7,1,27.27,1465.69,Ipatinga,MG,Sudeste
4429,1216,SKU-056,2026-02-26,15,1,28.24,2764.57,Caruaru,PE,Nordeste
4430,980,SKU-056,2025-12-21,7,1,16.73,2764.57,Igarassu,PE,Nordeste
4431,1,SKU-184,2025-12-15,6,3,5.59,7658.61,Sao Paulo,SP,Sudeste
4432,1045,SKU-013,2025-02-24,6,2,6.29,3961.94,Taguatinga,DF,Centro-Oeste
4433,7,SKU-182,2026-06-02,15,1,15.54,2814.65,Porto Seguro,BA,Nordeste
4434,143,SKU-205,2025-03-21,4,3,28.25,1182.54,Betim,MG,Sudeste
4435,276,SKU-101,2025-02-19,11,3,5.39,942.54,Uberaba,MG,Sudeste
4436,858,SKU-150,2025-02-13,13,4,16.97,4563.56,Ceilandia,DF,Centro-Oeste
4437,609,SKU-029,2025-11-14,10,2,17.39,1557.8,Coari,AM,Norte
4438,2,SKU-035,2025-04-06,2,4,18.27,11108.76,Ceilandia,DF,Centro-Oeste
4439,892,SKU-112,2026-03-26,4,3,16.14,2532.6,Ribeirao Preto,SP,Sudeste
4440,1031,SKU-087,2025-07-23,11,1,14.97,591.12,Crato,CE,Nordeste
4441,1328,SKU-221,2025-05-16,4,2,23.62,3570.4,Osasco,SP,Sudeste
4442,1025,SKU-101,2025-02-06,7,2,33.4,628.36,Sao Jose dos Campos,SP,Sudeste
4443,383,SKU-143,2026-03-16,6,4,30.51,3678.28,Igarassu,PE,Nordeste
4444,1100,SKU-198,2025-11-29,11,1,31.66,1433.8,Santa Maria,RS,Sul
4445,745,SKU-127,2025-10-19,1,2,22.95,4650.64,Ipatinga,MG,Sudeste
4446,417,SKU-044,2025-02-28,8,4,21.37,6014.2,Sao Jose dos Campos,SP,Sudeste
4447,451,SKU-220,2025-01-03,9,1,5.09,2316.04,Belo Horizonte,MG,Sudeste
4448,42,SKU-062,2025-09-21,10,1,29.38,2489.09,Recife,PE,Nordeste
4449,717,SKU-007,2026-04-21,13,3,19.67,7206.72,Autazes,AM,Norte
4450,962,SKU-030,2026-02-15,15,4,7.53,4632.64,Guarulhos,SP,Sudeste
4451,249,SKU-080,2025-09-30,12,1,13.42,1642.04,Planaltina,DF,Centro-Oeste
4452,689,SKU-229,2026-02-13,12,1,18.03,1520.2,Juiz de Fora,MG,Sudeste
4453,51,SKU-120,2026-03-31,5,2,17.95,4260.2,Sorocaba,SP,Sudeste
4454,924,SKU-203,2025-02-08,9,2,26.73,947.0,Santos,SP,Sudeste
4455,646,SKU-218,2026-02-27,15,3,26.63,1406.94,Taguatinga,DF,Centro-Oeste
4456,18,SKU-136,2025-11-21,14,4,21.23,126.8,Petrolina,PE,Nordeste
4457,1436,SKU-148,2025-08-11,6,2,25.06,2823.32,Sobral,CE,Nordeste
4458,63,SKU-156,2025-03-06,9,1,10.29,1361.63,Coari,AM,Norte
4459,306,SKU-022,2025-11-08,15,3,12.65,3680.73,Passo Fundo,RS,Sul
4460,91,SKU-198,2025-02-07,4,1,20.36,1433.8,Crato,CE,Nordeste
4461,918,SKU-120,2025-11-10,9,4,16.77,8520.4,Caxias do Sul,RS,Sul
4462,779,SKU-168,2025-09-19,3,2,26.31,2991.28,Sao Paulo,SP,Sudeste
4463,134,SKU-152,2025-06-19,14,4,21.12,6209.24,Vitoria da Conquista,BA,Nordeste
4464,71,SKU-103,2025-03-22,13,3,7.08,1046.82,Uberlandia,MG,Sudeste
4465,1003,SKU-126,2026-02-17,1,1,29.62,81.03,Aguas Claras,DF,Centro-Oeste
4466,17,SKU-097,2026-03-14,9,3,20.17,3240.15,Guara,DF,Centro-Oeste
4467,702,SKU-181,2025-11-14,9,2,27.05,2627.08,Paulista,PE,Nordeste
4468,33,SKU-148,2025-08-12,12,3,12.52,4234.98,Ribeirao Preto,SP,Sudeste
4469,142,SKU-087,2025-01-19,4,2,31.44,1182.24,Tefe,AM,Norte
4470,431,SKU-232,2025-07-23,13,3,16.31,5086.32,Serra Talhada,PE,Nordeste
4471,3,SKU-031,2025-09-21,3,3,23.21,2966.79,Recife,PE,Nordeste
4472,563,SKU-104,2025-12-05,14,2,10.5,5173.72,Manacapuru,AM,Norte
4473,13,SKU-170,2025-07-26,13,1,19.38,1688.95,Itapipoca,CE,Nordeste
4474,1473,SKU-159,2025-02-13,7,3,26.16,7033.62,Caninde,CE,Nordeste
4475,1340,SKU-020,2026-01-03,15,1,20.47,581.57,Canoas,RS,Sul
4476,1489,SKU-208,2025-11-23,10,1,10.38,2563.61,Itacoatiara,AM,Norte
4477,1476,SKU-191,2025-09-15,4,3,13.2,980.73,Cabo Frio,RJ,Sudeste
4478,69,SKU-128,2025-04-21,15,3,24.52,1196.07,Maringa,PR,Sul
4479,197,SKU-118,2025-11-12,14,2,20.79,999.1,Belo Horizonte,MG,Sudeste
4480,69,SKU-092,2025-03-02,8,1,18.3,2409.86,Igarassu,PE,Nordeste
4481,1135,SKU-086,2025-01-01,8,1,28.32,2900.55,Gravatai,RS,Sul
4482,959,SKU-218,2026-01-28,4,1,24.57,468.98,Igarassu,PE,Nordeste
4483,81,SKU-100,2025-03-11,5,3,10.42,6687.45,Paranagua,PR,Sul
4484,16,SKU-092,2025-04-06,6,4,27.04,9639.44,Uberaba,MG,Sudeste
4485,300,SKU-182,2025-03-07,11,3,20.25,8443.95,Betim,MG,Sudeste
4486,99,SKU-078,2025-12-17,11,1,18.31,1805.35,Ipatinga,MG,Sudeste
4487,210,SKU-127,2026-05-01,5,2,6.81,4650.64,Jaboatao dos Guararapes,PE,Nordeste
4488,1143,SKU-101,2025-01-31,10,1,19.78,314.18,Londrina,PR,Sul
4489,228,SKU-007,2025-03-03,6,1,29.76,2402.24,Taguatinga,DF,Centro-Oeste
4490,269,SKU-131,2025-07-27,8,3,32.82,7336.56,Olinda,PE,Nordeste
4491,420,SKU-161,2026-05-01,1,4,19.36,8703.8,Ilheus,BA,Nordeste
4492,34,SKU-077,2026-04-28,8,1,13.49,2482.43,Nova Iguacu,RJ,Sudeste
4493,123,SKU-225,2025-01-07,14,2,20.95,5121.86,Governador Valadares,MG,Sudeste
4494,203,SKU-209,2026-03-18,8,3,10.43,5955.72,Novo Hamburgo,RS,Sul
4495,210,SKU-046,2026-04-11,1,3,27.85,4310.28,Ilheus,BA,Nordeste
4496,93,SKU-079,2026-06-07,6,2,23.15,4633.26,Lauro de Freitas,BA,Nordeste
4497,175,SKU-103,2025-11-02,5,2,10.44,697.88,Piracicaba,SP,Sudeste
4498,302,SKU-085,2025-09-21,9,3,19.85,3131.88,Paulista,PE,Nordeste
4499,1158,SKU-179,2025-07-25,7,1,7.04,750.21,Maues,AM,Norte
4500,905,SKU-224,2025-06-18,9,4,6.87,10037.44,Bento Goncalves,RS,Sul
4501,177,SKU-186,2025-05-31,4,4,6.88,1095.28,Camacari,BA,Nordeste
4502,122,SKU-249,2025-09-30,12,2,5.74,1406.9,Recanto das Emas,DF,Centro-Oeste
4503,671,SKU-231,2025-09-03,1,3,14.32,5982.09,Betim,MG,Sudeste
4504,44,SKU-230,2025-09-23,9,1,14.05,1812.73,Gravata,PE,Nordeste
4505,236,SKU-186,2025-02-17,8,4,17.02,1095.28,Maringa,PR,Sul
4506,49,SKU-113,2026-04-22,8,1,8.34,1813.29,Caninde,CE,Nordeste
4507,65,SKU-201,2025-03-29,3,3,31.68,4200.06,Campos dos Goytacazes,RJ,Sudeste
4508,10,SKU-126,2025-08-05,12,4,32.97,324.12,Nova Iguacu,RJ,Sudeste
4509,432,SKU-127,2025-07-22,10,1,13.75,2325.32,Caxias do Sul,RS,Sul
4510,728,SKU-031,2026-02-12,3,4,17.46,3955.72,Campos dos Goytacazes,RJ,Sudeste
4511,157,SKU-173,2026-02-11,15,4,19.39,5862.76,Olinda,PE,Nordeste
4512,825,SKU-129,2025-05-22,3,2,14.36,1122.8,Taguatinga,DF,Centro-Oeste
4513,111,SKU-104,2026-03-10,7,4,6.27,10347.44,Caucaia,CE,Nordeste
4514,1072,SKU-024,2025-10-02,8,3,18.81,5567.91,Montes Claros,MG,Sudeste
4515,447,SKU-178,2025-06-26,9,2,33.7,4470.58,Uberaba,MG,Sudeste
4516,8,SKU-007,2025-07-13,4,3,27.75,7206.72,Passo Fundo,RS,Sul
4517,106,SKU-069,2025-05-12,6,3,19.35,5804.88,Niteroi,RJ,Sudeste
4518,1157,SKU-133,2025-07-10,14,2,33.46,5178.42,Parintins,AM,Norte
4519,494,SKU-022,2026-04-01,14,1,28.47,1226.91,Guarulhos,SP,Sudeste
4520,3,SKU-117,2026-04-29,14,4,34.25,4256.96,Samambaia,DF,Centro-Oeste
4521,1143,SKU-054,2025-04-10,4,4,32.05,9482.48,Foz do Iguacu,PR,Sul
4522,474,SKU-050,2026-02-14,14,3,9.84,5969.37,Salvador,BA,Nordeste
4523,85,SKU-093,2025-09-08,1,2,25.83,698.32,Uberlandia,MG,Sudeste
4524,21,SKU-087,2025-11-04,5,4,18.53,2364.48,Ceilandia,DF,Centro-Oeste
4525,517,SKU-172,2026-01-02,12,4,19.14,7174.96,Caxias do Sul,RS,Sul
4526,981,SKU-001,2026-01-05,9,4,20.99,4893.12,Montes Claros,MG,Sudeste
4527,67,SKU-011,2025-03-10,5,3,29.05,6413.91,Gravatai,RS,Sul
4528,220,SKU-206,2025-07-17,9,4,31.24,2612.08,Sobradinho,DF,Centro-Oeste
4529,719,SKU-250,2025-08-24,11,4,20.02,9277.56,Novo Hamburgo,RS,Sul
4530,1096,SKU-077,2025-11-16,1,3,31.93,7447.29,Parintins,AM,Norte
4531,670,SKU-239,2025-07-18,10,2,28.52,451.94,Maracanau,CE,Nordeste
4532,36,SKU-007,2026-01-22,3,1,13.24,2402.24,Planaltina,DF,Centro-Oeste
4533,583,SKU-222,2025-05-24,8,1,7.69,874.92,Betim,MG,Sudeste
4534,115,SKU-055,2025-12-16,15,1,17.93,1605.64,Caninde,CE,Nordeste
4535,51,SKU-148,2025-08-01,3,4,9.03,5646.64,Niteroi,RJ,Sudeste
4536,1304,SKU-056,2026-06-08,4,2,26.7,5529.14,Sobradinho,DF,Centro-Oeste
4537,532,SKU-211,2025-02-11,10,1,16.07,964.92,Sorocaba,SP,Sudeste
4538,196,SKU-077,2026-05-17,12,4,7.36,9929.72,Manaus,AM,Norte
4539,605,SKU-100,2025-02-05,14,2,6.14,4458.3,Sao Paulo,SP,Sudeste
4540,1420,SKU-175,2025-10-04,2,4,20.62,10373.92,Nova Iguacu,RJ,Sudeste
4541,1018,SKU-232,2025-10-08,15,2,32.53,3390.88,Recife,PE,Nordeste
4542,205,SKU-068,2025-07-20,15,2,8.07,3396.42,Niteroi,RJ,Sudeste
4543,1459,SKU-069,2025-12-07,12,2,22.34,3869.92,Itapipoca,CE,Nordeste
4544,1410,SKU-153,2026-01-24,7,1,23.07,1076.87,Nova Iguacu,RJ,Sudeste
4545,141,SKU-126,2026-03-03,1,3,33.63,243.09,Taguatinga,DF,Centro-Oeste
4546,1244,SKU-212,2026-01-13,1,3,21.26,7834.35,Novo Hamburgo,RS,Sul
4547,1223,SKU-007,2025-03-18,13,4,29.73,9608.96,Campinas,SP,Sudeste
4548,15,SKU-229,2025-08-10,4,4,5.54,6080.8,Petrolina,PE,Nordeste
4549,569,SKU-094,2025-07-20,3,3,31.85,6208.71,Maracanau,CE,Nordeste
4550,9,SKU-218,2026-02-28,6,1,33.38,468.98,Itabuna,BA,Nordeste
4551,70,SKU-162,2025-01-30,12,3,11.61,5586.36,Porto Seguro,BA,Nordeste
4552,53,SKU-079,2025-01-18,5,3,34.83,6949.89,Fortaleza,CE,Nordeste
4553,268,SKU-142,2025-12-05,10,3,15.69,2749.11,Campos dos Goytacazes,RJ,Sudeste
4554,816,SKU-042,2025-10-17,2,1,30.3,2111.32,Sobral,CE,Nordeste
4555,14,SKU-164,2025-07-29,4,3,10.97,1815.54,Rio de Janeiro,RJ,Sudeste
4556,409,SKU-199,2025-03-17,8,4,29.43,7883.44,Igarassu,PE,Nordeste
4557,721,SKU-160,2026-01-04,11,2,7.18,5601.7,Tabatinga,AM,Norte
4558,396,SKU-250,2026-01-23,5,1,12.83,2319.39,Erechim,RS,Sul
4559,39,SKU-004,2025-02-03,8,2,14.8,5552.84,Tabatinga,AM,Norte
4560,411,SKU-052,2025-02-16,8,2,19.35,3384.42,Passo Fundo,RS,Sul
4561,73,SKU-022,2025-06-07,7,1,16.05,1226.91,Autazes,AM,Norte
4562,496,SKU-177,2025-11-10,5,3,11.16,8341.11,Guarulhos,SP,Sudeste
4563,421,SKU-243,2025-03-21,6,2,12.69,5672.94,Piracicaba,SP,Sudeste
4564,729,SKU-031,2025-10-08,2,1,14.58,988.93,Cabo Frio,RJ,Sudeste
4565,99,SKU-217,2026-01-31,1,1,19.83,38.13,Sao Paulo,SP,Sudeste
4566,1409,SKU-132,2026-01-02,11,3,26.84,1292.4,Petropolis,RJ,Sudeste
4567,65,SKU-065,2026-06-03,11,1,5.25,2725.3,Planaltina,DF,Centro-Oeste
4568,171,SKU-082,2025-12-01,6,2,25.99,1527.34,Olinda,PE,Nordeste
4569,1071,SKU-111,2025-03-22,9,3,13.07,7111.71,Uberaba,MG,Sudeste
4570,312,SKU-017,2025-03-01,3,2,24.84,917.48,Volta Redonda,RJ,Sudeste
4571,534,SKU-028,2026-05-24,9,4,8.29,4634.0,Duque de Caxias,RJ,Sudeste
4572,1412,SKU-041,2025-09-14,15,1,22.97,2058.61,Vitoria da Conquista,BA,Nordeste
4573,700,SKU-209,2025-03-20,5,2,8.7,3970.48,Serra Talhada,PE,Nordeste
4574,414,SKU-235,2025-03-03,4,1,7.31,1982.65,Contagem,MG,Sudeste
4575,1434,SKU-006,2025-05-06,6,4,18.64,4178.8,Paulista,PE,Nordeste
4576,601,SKU-100,2026-04-21,7,2,10.6,4458.3,Manacapuru,AM,Norte
4577,397,SKU-026,2025-10-28,3,2,14.22,4799.12,Olinda,PE,Nordeste
4578,974,SKU-006,2026-05-14,4,3,24.87,3134.1,Sorocaba,SP,Sudeste
4579,408,SKU-221,2025-01-14,10,3,26.9,5355.6,Salvador,BA,Nordeste
4580,884,SKU-236,2025-10-04,9,2,20.74,1272.32,Campos dos Goytacazes,RJ,Sudeste
4581,91,SKU-040,2025-12-06,12,4,19.76,4595.44,Rio de Janeiro,RJ,Sudeste
4582,392,SKU-048,2026-04-24,14,3,33.6,3665.82,Rio de Janeiro,RJ,Sudeste
4583,1323,SKU-150,2025-03-23,12,3,27.23,3422.67,Sobradinho,DF,Centro-Oeste
4584,1060,SKU-225,2025-03-28,5,3,15.19,7682.79,Cabo Frio,RJ,Sudeste
4585,541,SKU-184,2026-01-12,11,2,23.68,5105.74,Ponta Grossa,PR,Sul
4586,164,SKU-036,2025-04-09,3,4,10.95,1517.92,Coari,AM,Norte
4587,116,SKU-135,2026-05-07,1,2,22.0,3862.4,Santos,SP,Sudeste
4588,1197,SKU-159,2025-03-19,13,4,34.67,9378.16,Paulista,PE,Nordeste
4589,23,SKU-166,2025-09-07,14,3,9.37,8920.05,Foz do Iguacu,PR,Sul
4590,375,SKU-193,2025-04-24,3,2,8.2,4955.7,Porto Seguro,BA,Nordeste
4591,793,SKU-059,2025-03-04,14,2,6.81,4022.46,Betim,MG,Sudeste
4592,10,SKU-005,2025-01-16,7,1,8.39,1050.06,Duque de Caxias,RJ,Sudeste
4593,149,SKU-079,2025-07-09,9,1,13.46,2316.63,Quixada,CE,Nordeste
4594,702,SKU-174,2025-01-29,12,3,15.07,8757.3,Taguatinga,DF,Centro-Oeste
4595,34,SKU-123,2026-05-01,1,1,33.27,1246.11,Governador Valadares,MG,Sudeste
4596,834,SKU-145,2026-04-23,10,4,23.69,10398.56,Itapipoca,CE,Nordeste
4597,824,SKU-133,2026-04-06,11,2,15.55,5178.42,Aguas Claras,DF,Centro-Oeste
4598,922,SKU-020,2025-03-07,13,2,15.43,1163.14,Iguatu,CE,Nordeste
4599,138,SKU-160,2026-01-25,4,4,10.04,11203.4,Iguatu,CE,Nordeste
4600,81,SKU-106,2026-06-03,15,1,33.37,476.65,Caucaia,CE,Nordeste
4601,23,SKU-222,2025-10-17,3,4,14.43,3499.68,Vitoria da Conquista,BA,Nordeste
4602,6,SKU-017,2025-05-28,3,4,29.44,1834.96,Ribeirao Preto,SP,Sudeste
4603,32,SKU-180,2026-01-14,13,2,12.06,1924.9,Contagem,MG,Sudeste
4604,471,SKU-207,2025-11-08,7,2,11.37,2381.32,Jaboatao dos Guararapes,PE,Nordeste
4605,1456,SKU-190,2026-04-28,8,3,25.35,5186.49,Serra Talhada,PE,Nordeste
4606,5,SKU-030,2025-04-25,6,3,31.93,3474.48,Niteroi,RJ,Sudeste
4607,381,SKU-232,2026-04-10,8,2,12.2,3390.88,Sao Jose dos Campos,SP,Sudeste
4608,27,SKU-166,2026-01-13,3,4,5.31,11893.4,Petrolina,PE,Nordeste
4609,76,SKU-223,2025-07-02,12,3,15.17,7481.31,Autazes,AM,Norte
4610,1443,SKU-183,2026-01-21,11,2,18.38,5571.34,Paranagua,PR,Sul
4611,470,SKU-089,2025-01-27,2,1,15.71,1715.34,Caucaia,CE,Nordeste
4612,1191,SKU-210,2026-05-25,1,3,23.96,1274.16,Curitiba,PR,Sul
4613,44,SKU-125,2025-09-24,8,3,10.1,4972.14,Ponta Grossa,PR,Sul
4614,567,SKU-053,2026-02-20,5,4,17.83,8990.12,Ribeirao Preto,SP,Sudeste
4615,450,SKU-102,2026-04-15,7,1,8.59,1840.53,Parintins,AM,Norte
4616,11,SKU-044,2026-05-17,8,4,24.34,6014.2,Paranagua,PR,Sul
4617,137,SKU-107,2026-03-25,15,3,16.25,4912.68,Ipatinga,MG,Sudeste
4618,93,SKU-063,2025-04-15,14,1,14.53,2615.89,Crato,CE,Nordeste
4619,134,SKU-210,2025-08-07,11,3,13.32,1274.16,Juazeiro,BA,Nordeste
4620,302,SKU-117,2025-01-31,15,4,23.03,4256.96,Guarulhos,SP,Sudeste
4621,307,SKU-015,2025-11-13,1,3,15.12,5827.17,Porto Alegre,RS,Sul
4622,12,SKU-051,2025-04-17,6,3,8.13,685.35,Juazeiro do Norte,CE,Nordeste
4623,532,SKU-028,2025-07-07,1,3,16.46,3475.5,Betim,MG,Sudeste
4624,215,SKU-088,2025-06-16,8,3,30.54,8418.63,Angra dos Reis,RJ,Sudeste
4625,137,SKU-137,2025-12-30,15,4,14.62,9080.6,Petrolina,PE,Nordeste
4626,44,SKU-226,2025-10-04,12,2,18.13,1636.28,Pocos de Caldas,MG,Sudeste
4627,34,SKU-040,2025-01-25,1,2,8.82,2297.72,Londrina,PR,Sul
4628,277,SKU-232,2026-02-20,3,1,18.73,1695.44,Paulista,PE,Nordeste
4629,777,SKU-245,2025-04-20,10,3,20.41,8920.83,Recife,PE,Nordeste
4630,268,SKU-244,2025-08-26,10,4,10.11,2048.04,Sao Paulo,SP,Sudeste
4631,96,SKU-042,2025-05-01,13,3,16.69,6333.96,Samambaia,DF,Centro-Oeste
4632,57,SKU-096,2025-01-02,15,4,26.85,5226.04,Sao Bernardo do Campo,SP,Sudeste
4633,499,SKU-234,2025-04-27,5,3,32.46,274.35,Coari,AM,Norte
4634,685,SKU-033,2025-08-11,2,4,12.5,10369.08,Londrina,PR,Sul
4635,1235,SKU-007,2025-02-04,8,2,6.0,4804.48,Aguas Claras,DF,Centro-Oeste
4636,259,SKU-009,2025-11-01,4,1,33.43,1645.67,Olinda,PE,Nordeste
4637,1345,SKU-025,2026-01-07,2,1,25.9,979.31,Crato,CE,Nordeste
4638,558,SKU-122,2025-07-03,6,4,5.82,1802.6,Tefe,AM,Norte
4639,93,SKU-244,2025-10-05,1,2,13.11,1024.02,Juiz de Fora,MG,Sudeste
4640,382,SKU-012,2025-10-21,8,2,7.36,5028.62,Guarulhos,SP,Sudeste
4641,51,SKU-037,2026-04-23,15,3,23.54,7695.18,Gama,DF,Centro-Oeste
4642,399,SKU-050,2026-02-14,12,4,32.97,7959.16,Pocos de Caldas,MG,Sudeste
4643,251,SKU-022,2026-05-13,8,4,34.53,4907.64,Caninde,CE,Nordeste
4644,1372,SKU-232,2026-05-30,1,1,8.54,1695.44,Nova Iguacu,RJ,Sudeste
4645,653,SKU-045,2025-06-04,3,2,20.89,3179.54,Vitoria da Conquista,BA,Nordeste
4646,76,SKU-127,2025-12-10,7,1,13.09,2325.32,Manaus,AM,Norte
4647,653,SKU-162,2025-07-11,9,3,13.36,5586.36,Aguas Claras,DF,Centro-Oeste
4648,105,SKU-009,2025-10-13,2,1,32.79,1645.67,Governador Valadares,MG,Sudeste
4649,249,SKU-191,2026-01-11,10,3,23.93,980.73,Ipatinga,MG,Sudeste
4650,103,SKU-169,2026-04-26,2,1,8.97,2191.93,Guarapuava,PR,Sul
4651,835,SKU-157,2025-02-05,1,3,19.21,5629.98,Jaboatao dos Guararapes,PE,Nordeste
4652,41,SKU-157,2026-03-14,12,3,12.91,5629.98,Teresopolis,RJ,Sudeste
4653,6,SKU-204,2025-09-29,10,2,19.68,1960.5,Santos,SP,Sudeste
4654,667,SKU-118,2025-02-03,13,3,5.32,1498.65,Porto Seguro,BA,Nordeste
4655,1034,SKU-044,2025-09-01,11,4,29.53,6014.2,Guarapuava,PR,Sul
4656,120,SKU-084,2026-02-11,2,1,13.82,1468.5,Feira de Santana,BA,Nordeste
4657,528,SKU-009,2026-02-19,14,3,27.58,4937.01,Pelotas,RS,Sul
4658,61,SKU-104,2026-05-12,9,1,27.82,2586.86,Angra dos Reis,RJ,Sudeste
4659,183,SKU-047,2025-12-22,2,2,25.45,447.14,Uberaba,MG,Sudeste
4660,260,SKU-075,2025-05-23,15,2,8.92,5256.02,Taguatinga,DF,Centro-Oeste
4661,195,SKU-140,2025-09-21,15,1,21.56,776.75,Teixeira de Freitas,BA,Nordeste
4662,242,SKU-126,2026-02-19,11,3,25.39,243.09,Juiz de Fora,MG,Sudeste
4663,111,SKU-234,2026-01-08,10,2,18.08,182.9,Guarulhos,SP,Sudeste
4664,484,SKU-061,2025-10-17,9,1,20.41,1892.01,Passo Fundo,RS,Sul
4665,81,SKU-218,2025-04-26,14,3,30.0,1406.94,Taguatinga,DF,Centro-Oeste
4666,241,SKU-134,2026-02-20,1,4,24.33,3039.96,Osasco,SP,Sudeste
4667,362,SKU-095,2026-03-04,3,3,12.16,1082.85,Sao Paulo,SP,Sudeste
4668,997,SKU-125,2026-01-09,5,1,23.48,1657.38,Recife,PE,Nordeste
4669,346,SKU-002,2025-06-09,13,1,12.05,2448.26,Passo Fundo,RS,Sul
4670,16,SKU-037,2025-04-25,14,2,29.13,5130.12,Paranagua,PR,Sul
4671,55,SKU-212,2025-08-22,10,2,23.93,5222.9,Gravata,PE,Nordeste
4672,128,SKU-147,2025-12-02,10,3,9.73,8141.64,Olinda,PE,Nordeste
4673,102,SKU-187,2025-09-10,3,4,26.93,5211.08,Manacapuru,AM,Norte
4674,859,SKU-008,2026-04-28,13,2,28.95,4177.7,Parintins,AM,Norte
4675,1477,SKU-213,2025-12-20,11,1,23.92,1476.08,Jaboatao dos Guararapes,PE,Nordeste
4676,391,SKU-151,2026-06-03,5,1,22.99,2620.18,Manaus,AM,Norte
4677,2,SKU-054,2025-08-25,5,4,26.7,9482.48,Juazeiro do Norte,CE,Nordeste
4678,917,SKU-085,2025-05-11,3,2,19.52,2087.92,Planaltina,DF,Centro-Oeste
4679,242,SKU-060,2025-05-18,13,4,10.38,6219.0,Uberlandia,MG,Sudeste
4680,162,SKU-090,2025-09-01,10,2,14.6,5891.28,Campos dos Goytacazes,RJ,Sudeste
4681,1130,SKU-049,2025-07-10,12,4,12.61,406.4,Niteroi,RJ,Sudeste
4682,676,SKU-087,2025-03-12,13,4,5.13,2364.48,Olinda,PE,Nordeste
4683,1383,SKU-214,2025-11-29,7,1,11.74,742.87,Aguas Claras,DF,Centro-Oeste
4684,1001,SKU-002,2025-12-16,7,4,14.71,9793.04,Uberaba,MG,Sudeste
4685,248,SKU-079,2026-05-06,2,1,34.29,2316.63,Cabo Frio,RJ,Sudeste
4686,77,SKU-230,2025-05-18,2,1,18.6,1812.73,Erechim,RS,Sul
4687,524,SKU-023,2025-09-27,13,4,14.89,4574.0,Salvador,BA,Nordeste
4688,267,SKU-056,2026-03-20,8,3,34.91,8293.71,Campos dos Goytacazes,RJ,Sudeste
4689,1174,SKU-223,2026-03-07,2,3,15.66,7481.31,Recanto das Emas,DF,Centro-Oeste
4690,1333,SKU-153,2026-01-24,12,4,22.56,4307.48,Recife,PE,Nordeste
4691,60,SKU-051,2026-01-23,13,3,34.5,685.35,Recanto das Emas,DF,Centro-Oeste
4692,966,SKU-176,2025-04-17,4,3,12.03,7070.79,Ribeirao Preto,SP,Sudeste
4693,1187,SKU-065,2025-06-08,7,3,23.21,8175.9,Olinda,PE,Nordeste
4694,68,SKU-128,2026-04-25,3,4,27.92,1594.76,Maringa,PR,Sul
4695,39,SKU-220,2025-07-10,14,3,8.94,6948.12,Teresopolis,RJ,Sudeste
4696,359,SKU-250,2025-04-05,4,1,32.5,2319.39,Paranagua,PR,Sul
4697,22,SKU-084,2025-04-14,9,1,24.85,1468.5,Gama,DF,Centro-Oeste
4698,94,SKU-144,2025-12-01,3,1,20.18,77.64,Canoas,RS,Sul
4699,351,SKU-007,2025-11-02,4,3,11.22,7206.72,Feira de Santana,BA,Nordeste
4700,164,SKU-110,2025-07-26,2,3,34.89,1377.63,Angra dos Reis,RJ,Sudeste
4701,564,SKU-247,2025-03-08,5,4,11.91,6207.56,Gravatai,RS,Sul
4702,313,SKU-022,2026-01-03,15,3,30.96,3680.73,Canoas,RS,Sul
4703,626,SKU-130,2025-06-20,9,3,14.08,167.94,Iguatu,CE,Nordeste
4704,504,SKU-037,2025-05-31,10,1,16.94,2565.06,Itacoatiara,AM,Norte
4705,1347,SKU-152,2025-09-18,15,3,28.17,4656.93,Santos,SP,Sudeste
4706,408,SKU-078,2025-12-21,10,4,8.55,7221.4,Tefe,AM,Norte
4707,1369,SKU-026,2025-03-29,10,4,27.31,9598.24,Ilheus,BA,Nordeste
4708,563,SKU-028,2025-11-06,2,3,12.46,3475.5,Paulista,PE,Nordeste
4709,70,SKU-236,2026-03-21,12,1,28.6,636.16,Igarassu,PE,Nordeste
4710,139,SKU-099,2025-03-25,5,4,8.01,6555.52,Sorocaba,SP,Sudeste
4711,98,SKU-116,2025-01-21,8,4,27.57,8723.24,Novo Hamburgo,RS,Sul
4712,14,SKU-128,2025-09-23,4,4,5.12,1594.76,Gama,DF,Centro-Oeste
4713,980,SKU-045,2025-04-21,14,4,28.68,6359.08,Planaltina,DF,Centro-Oeste
4714,1,SKU-176,2026-02-02,8,4,9.21,9427.72,Aguas Claras,DF,Centro-Oeste
4715,1459,SKU-219,2025-02-23,10,3,7.67,3571.05,Olinda,PE,Nordeste
4716,67,SKU-158,2025-04-19,6,4,31.67,9130.88,Maues,AM,Norte
4717,840,SKU-240,2026-01-30,15,3,19.74,1100.13,Curitiba,PR,Sul
4718,921,SKU-030,2025-05-28,6,3,15.34,3474.48,Angra dos Reis,RJ,Sudeste
4719,172,SKU-001,2025-09-24,5,4,30.14,4893.12,Jaboatao dos Guararapes,PE,Nordeste
4720,760,SKU-139,2025-10-06,14,1,11.8,1828.39,Juazeiro do Norte,CE,Nordeste
4721,229,SKU-087,2025-10-16,10,3,18.2,1773.36,Brasilia,DF,Centro-Oeste
4722,142,SKU-067,2025-05-13,6,3,33.01,6978.3,Piracicaba,SP,Sudeste
4723,245,SKU-105,2025-02-27,9,2,20.28,656.18,Vitoria da Conquista,BA,Nordeste
4724,867,SKU-048,2025-07-14,10,1,33.22,1221.94,Uberaba,MG,Sudeste
4725,1476,SKU-125,2026-06-09,15,2,31.82,3314.76,Ponta Grossa,PR,Sul
4726,207,SKU-180,2026-01-09,7,1,31.14,962.45,Quixada,CE,Nordeste
4727,103,SKU-093,2026-06-09,3,4,26.11,1396.64,Taguatinga,DF,Centro-Oeste
4728,180,SKU-166,2025-10-04,7,2,19.63,5946.7,Caruaru,PE,Nordeste
4729,260,SKU-129,2026-05-25,6,1,7.3,561.4,Campos dos Goytacazes,RJ,Sudeste
4730,1120,SKU-248,2025-12-17,5,3,15.41,5623.77,Erechim,RS,Sul
4731,1288,SKU-207,2025-02-18,6,4,24.96,4762.64,Presidente Figueiredo,AM,Norte
4732,393,SKU-169,2025-05-12,10,3,21.14,6575.79,Porto Alegre,RS,Sul
4733,508,SKU-119,2025-06-04,8,3,14.76,413.37,Londrina,PR,Sul
4734,519,SKU-180,2025-11-03,5,2,7.55,1924.9,Ceilandia,DF,Centro-Oeste
4735,46,SKU-019,2025-12-31,7,3,14.3,1791.87,Piracicaba,SP,Sudeste
4736,335,SKU-100,2025-05-31,8,3,32.29,6687.45,Tabatinga,AM,Norte
4737,114,SKU-080,2025-01-24,15,3,9.77,4926.12,Quixada,CE,Nordeste
4738,947,SKU-052,2026-01-13,15,3,32.63,5076.63,Garanhuns,PE,Nordeste
4739,1002,SKU-209,2025-08-26,13,1,33.94,1985.24,Itapipoca,CE,Nordeste
4740,568,SKU-083,2025-03-20,13,1,22.48,2665.2,Paulista,PE,Nordeste
4741,1010,SKU-233,2025-04-11,5,3,5.69,6194.1,Contagem,MG,Sudeste
4742,1359,SKU-105,2025-04-16,12,3,26.79,984.27,Londrina,PR,Sul
4743,834,SKU-128,2025-02-21,10,2,21.91,797.38,Belo Horizonte,MG,Sudeste
4744,38,SKU-082,2025-04-01,10,2,23.55,1527.34,Santos,SP,Sudeste
4745,723,SKU-012,2025-03-07,3,1,14.12,2514.31,Paranagua,PR,Sul
4746,584,SKU-015,2025-12-22,9,3,14.66,5827.17,Passo Fundo,RS,Sul
4747,62,SKU-159,2025-01-29,8,3,23.4,7033.62,Crato,CE,Nordeste
4748,752,SKU-075,2025-11-17,3,4,32.85,10512.04,Cascavel,PR,Sul
4749,1029,SKU-060,2025-07-20,9,2,29.7,3109.5,Bento Goncalves,RS,Sul
4750,1198,SKU-227,2026-03-01,12,3,6.99,4092.81,Sao Jose dos Campos,SP,Sudeste
4751,139,SKU-052,2025-02-24,2,2,13.84,3384.42,Porto Alegre,RS,Sul
4752,281,SKU-013,2026-02-20,1,3,24.84,5942.91,Sao Jose dos Pinhais,PR,Sul
4753,70,SKU-164,2025-09-06,11,3,32.82,1815.54,Angra dos Reis,RJ,Sudeste
4754,366,SKU-227,2025-07-19,13,2,13.54,2728.54,Porto Alegre,RS,Sul
4755,755,SKU-235,2026-04-10,11,1,21.41,1982.65,Uberlandia,MG,Sudeste
4756,1093,SKU-041,2025-04-05,10,4,25.12,8234.44,Caruaru,PE,Nordeste
4757,49,SKU-057,2025-03-10,11,4,18.84,8008.76,Parintins,AM,Norte
4758,16,SKU-207,2025-01-28,9,1,9.63,1190.66,Bento Goncalves,RS,Sul
4759,98,SKU-103,2026-05-07,8,1,28.11,348.94,Montes Claros,MG,Sudeste
4760,569,SKU-082,2025-09-03,15,3,17.69,2291.01,Londrina,PR,Sul
4761,11,SKU-168,2025-07-13,9,3,13.76,4486.92,Juazeiro do Norte,CE,Nordeste
4762,243,SKU-152,2026-02-06,4,2,14.18,3104.62,Santos,SP,Sudeste
4763,393,SKU-068,2025-05-28,10,1,11.76,1698.21,Crato,CE,Nordeste
4764,13,SKU-083,2025-01-11,10,1,23.05,2665.2,Sao Jose dos Campos,SP,Sudeste
4765,696,SKU-197,2026-05-06,4,2,20.64,1745.16,Serra Talhada,PE,Nordeste
4766,581,SKU-061,2025-04-02,4,1,16.49,1892.01,Maracanau,CE,Nordeste
4767,78,SKU-134,2025-07-08,13,4,16.52,3039.96,Itabuna,BA,Nordeste
4768,143,SKU-172,2025-02-23,7,2,25.77,3587.48,Aguas Claras,DF,Centro-Oeste
4769,422,SKU-148,2025-06-25,6,2,33.89,2823.32,Camacari,BA,Nordeste
4770,799,SKU-190,2025-07-06,11,1,7.2,1728.83,Volta Redonda,RJ,Sudeste
4771,157,SKU-199,2025-11-12,8,3,19.74,5912.58,Belo Horizonte,MG,Sudeste
4772,122,SKU-094,2025-04-18,3,4,5.42,8278.28,Pelotas,RS,Sul
4773,21,SKU-167,2026-04-08,3,4,14.85,5854.04,Brasilia,DF,Centro-Oeste
4774,191,SKU-065,2025-09-04,1,1,5.78,2725.3,Pelotas,RS,Sul
4775,729,SKU-028,2025-02-23,13,2,24.2,2317.0,Pocos de Caldas,MG,Sudeste
4776,11,SKU-039,2026-04-10,6,2,22.86,2923.94,Crato,CE,Nordeste
4777,1180,SKU-030,2025-06-09,8,4,11.44,4632.64,Sao Paulo,SP,Sudeste
4778,883,SKU-110,2025-08-05,6,2,26.06,918.42,Juiz de Fora,MG,Sudeste
4779,22,SKU-100,2026-03-16,3,4,30.07,8916.6,Recanto das Emas,DF,Centro-Oeste
4780,27,SKU-043,2026-05-16,4,3,17.54,1266.12,Nova Iguacu,RJ,Sudeste
4781,150,SKU-148,2025-12-22,15,2,24.17,2823.32,Porto Seguro,BA,Nordeste
4782,197,SKU-041,2025-03-07,1,2,22.94,4117.22,Lauro de Freitas,BA,Nordeste
4783,525,SKU-188,2025-11-08,6,3,7.25,108.6,Paranagua,PR,Sul
4784,1270,SKU-195,2026-03-26,15,4,30.38,891.52,Caninde,CE,Nordeste
4785,768,SKU-211,2025-06-29,6,3,33.84,2894.76,Colombo,PR,Sul
4786,457,SKU-233,2025-11-16,15,4,18.11,8258.8,Gama,DF,Centro-Oeste
4787,674,SKU-174,2026-05-24,9,4,26.69,11676.4,Feira de Santana,BA,Nordeste
4788,262,SKU-094,2025-02-23,15,4,18.92,8278.28,Aguas Claras,DF,Centro-Oeste
4789,129,SKU-087,2025-03-10,10,1,16.22,591.12,Sorocaba,SP,Sudeste
4790,35,SKU-216,2025-12-06,14,4,20.09,4405.44,Ribeirao Preto,SP,Sudeste
4791,49,SKU-068,2026-01-22,1,4,23.52,6792.84,Osasco,SP,Sudeste
4792,935,SKU-077,2026-02-11,9,4,30.18,9929.72,Caruaru,PE,Nordeste
4793,756,SKU-210,2025-07-07,7,3,5.95,1274.16,Londrina,PR,Sul
4794,38,SKU-119,2025-12-05,11,1,30.77,137.79,Belo Horizonte,MG,Sudeste
4795,580,SKU-047,2025-12-09,1,2,8.3,447.14,Bento Goncalves,RS,Sul
4796,54,SKU-210,2025-10-16,15,3,26.0,1274.16,Olinda,PE,Nordeste
4797,378,SKU-063,2025-11-28,8,1,31.61,2615.89,Colombo,PR,Sul
4798,115,SKU-219,2026-04-28,11,1,14.45,1190.35,Petropolis,RJ,Sudeste
4799,549,SKU-085,2025-10-10,4,3,27.61,3131.88,Presidente Figueiredo,AM,Norte
4800,811,SKU-140,2025-11-17,9,2,31.93,1553.5,Gravatai,RS,Sul
4801,1126,SKU-076,2025-03-10,15,4,22.71,10897.76,Gravatai,RS,Sul
4802,881,SKU-166,2025-12-14,2,2,9.0,5946.7,Crato,CE,Nordeste
4803,32,SKU-002,2025-02-15,13,1,21.45,2448.26,Sobral,CE,Nordeste
4804,510,SKU-064,2025-03-06,4,1,7.39,2187.69,Aguas Claras,DF,Centro-Oeste
4805,76,SKU-218,2025-01-27,11,1,32.88,468.98,Sorocaba,SP,Sudeste
4806,1,SKU-173,2025-11-26,11,4,24.05,5862.76,Teresopolis,RJ,Sudeste
4807,321,SKU-167,2025-10-03,8,1,5.84,1463.51,Lauro de Freitas,BA,Nordeste
4808,215,SKU-134,2025-08-01,10,3,32.33,2279.97,Foz do Iguacu,PR,Sul
4809,823,SKU-044,2025-04-02,11,1,26.48,1503.55,Belo Horizonte,MG,Sudeste
4810,403,SKU-076,2025-04-02,5,2,21.36,5448.88,Paulista,PE,Nordeste
4811,502,SKU-214,2026-04-22,12,4,10.22,2971.48,Salvador,BA,Nordeste
4812,223,SKU-031,2025-12-09,8,1,23.19,988.93,Samambaia,DF,Centro-Oeste
4813,218,SKU-115,2026-04-23,7,1,34.47,1727.82,Itapipoca,CE,Nordeste
4814,661,SKU-008,2026-02-16,5,1,32.25,2088.85,Serra Talhada,PE,Nordeste
4815,25,SKU-195,2026-01-09,13,1,10.16,222.88,Coari,AM,Norte
4816,1122,SKU-053,2026-01-24,14,3,34.35,6742.59,Lauro de Freitas,BA,Nordeste
4817,213,SKU-249,2025-06-13,10,4,18.89,2813.8,Sao Bernardo do Campo,SP,Sudeste
4818,589,SKU-034,2025-05-20,7,4,22.97,6084.64,Volta Redonda,RJ,Sudeste
4819,490,SKU-172,2025-09-15,11,1,18.05,1793.74,Osasco,SP,Sudeste
4820,56,SKU-109,2025-05-08,14,1,5.32,1537.45,Gravatai,RS,Sul
4821,13,SKU-036,2025-01-28,10,3,15.96,1138.44,Aguas Claras,DF,Centro-Oeste
4822,24,SKU-244,2026-04-26,15,2,26.12,1024.02,Planaltina,DF,Centro-Oeste
4823,66,SKU-089,2026-03-10,14,2,11.14,3430.68,Lauro de Freitas,BA,Nordeste
4824,407,SKU-185,2025-10-03,15,1,12.28,502.8,Maues,AM,Norte
4825,761,SKU-128,2025-01-03,2,1,21.83,398.69,Niteroi,RJ,Sudeste
4826,791,SKU-060,2026-04-30,4,3,31.32,4664.25,Contagem,MG,Sudeste
4827,18,SKU-061,2025-06-20,11,3,7.45,5676.03,Fortaleza,CE,Nordeste
4828,339,SKU-195,2025-04-11,7,2,19.69,445.76,Itapipoca,CE,Nordeste
4829,97,SKU-191,2026-06-07,14,4,27.78,1307.64,Brasilia,DF,Centro-Oeste
4830,409,SKU-018,2025-07-16,3,2,10.18,4549.46,Osasco,SP,Sudeste
4831,58,SKU-014,2025-11-09,2,3,20.57,3725.28,Gravatai,RS,Sul
4832,561,SKU-132,2025-04-11,8,4,31.42,1723.2,Gama,DF,Centro-Oeste
4833,25,SKU-195,2025-02-05,10,3,34.17,668.64,Lauro de Freitas,BA,Nordeste
4834,2,SKU-181,2025-07-10,8,3,9.92,3940.62,Londrina,PR,Sul
4835,6,SKU-032,2025-08-17,4,1,12.16,1852.74,Sobral,CE,Nordeste
4836,111,SKU-058,2025-03-02,3,3,27.17,3545.82,Itapipoca,CE,Nordeste
4837,178,SKU-207,2025-04-04,9,4,11.7,4762.64,Gravatai,RS,Sul
4838,26,SKU-105,2026-05-28,11,2,27.8,656.18,Campinas,SP,Sudeste
4839,1164,SKU-220,2025-06-09,5,4,23.49,9264.16,Tabatinga,AM,Norte
4840,259,SKU-021,2025-04-05,7,4,33.59,5496.88,Sao Paulo,SP,Sudeste
4841,49,SKU-132,2025-05-21,8,1,29.7,430.8,Curitiba,PR,Sul
4842,1066,SKU-169,2026-01-22,7,4,13.53,8767.72,Itabuna,BA,Nordeste
4843,43,SKU-148,2025-05-11,1,1,27.69,1411.66,Gravatai,RS,Sul
4844,614,SKU-026,2025-04-18,9,2,13.13,4799.12,Aguas Claras,DF,Centro-Oeste
4845,1272,SKU-226,2025-12-01,14,1,22.7,818.14,Ceilandia,DF,Centro-Oeste
4846,1030,SKU-074,2026-06-05,12,3,15.68,4696.44,Planaltina,DF,Centro-Oeste
4847,543,SKU-037,2025-12-27,5,3,18.99,7695.18,Belo Horizonte,MG,Sudeste
4848,374,SKU-202,2025-11-10,7,2,25.37,3550.84,Crato,CE,Nordeste
4849,90,SKU-066,2025-01-02,14,3,29.4,7858.38,Feira de Santana,BA,Nordeste
4850,132,SKU-067,2025-11-09,5,4,25.81,9304.4,Teixeira de Freitas,BA,Nordeste
4851,415,SKU-205,2025-10-27,13,3,9.8,1182.54,Pocos de Caldas,MG,Sudeste
4852,406,SKU-171,2026-02-08,10,3,16.37,6014.64,Osasco,SP,Sudeste
4853,89,SKU-007,2025-09-14,5,2,34.44,4804.48,Caninde,CE,Nordeste
4854,44,SKU-061,2025-04-11,8,2,28.31,3784.02,Recanto das Emas,DF,Centro-Oeste
4855,187,SKU-135,2025-08-13,12,2,19.63,3862.4,Juazeiro do Norte,CE,Nordeste
4856,916,SKU-113,2025-05-05,5,3,12.54,5439.87,Juiz de Fora,MG,Sudeste
4857,26,SKU-082,2025-01-02,13,2,30.55,1527.34,Santa Maria,RS,Sul
4858,20,SKU-074,2026-05-02,1,2,10.41,3130.96,Juazeiro do Norte,CE,Nordeste
4859,311,SKU-234,2025-03-12,11,4,15.37,365.8,Fortaleza,CE,Nordeste
4860,7,SKU-110,2025-08-30,11,2,12.04,918.42,Sobradinho,DF,Centro-Oeste
4861,603,SKU-232,2026-05-17,2,4,11.29,6781.76,Vitoria da Conquista,BA,Nordeste
4862,1478,SKU-136,2025-12-16,6,2,34.03,63.4,Crato,CE,Nordeste
4863,711,SKU-140,2025-07-03,9,4,33.33,3107.0,Uberlandia,MG,Sudeste
4864,560,SKU-205,2026-01-14,6,1,26.82,394.18,Autazes,AM,Norte
4865,889,SKU-145,2025-04-06,5,1,32.36,2599.64,Recanto das Emas,DF,Centro-Oeste
4866,58,SKU-031,2026-05-24,5,2,13.56,1977.86,Sao Bernardo do Campo,SP,Sudeste
4867,63,SKU-169,2025-11-23,4,3,10.64,6575.79,Ponta Grossa,PR,Sul
4868,133,SKU-174,2026-04-10,11,1,28.06,2919.1,Juazeiro do Norte,CE,Nordeste
4869,1,SKU-013,2025-08-09,14,2,13.73,3961.94,Ponta Grossa,PR,Sul
4870,603,SKU-198,2025-02-02,4,1,23.39,1433.8,Angra dos Reis,RJ,Sudeste
4871,25,SKU-050,2025-08-15,11,2,13.8,3979.58,Porto Alegre,RS,Sul
4872,413,SKU-204,2026-05-25,4,2,14.17,1960.5,Caninde,CE,Nordeste
4873,1064,SKU-189,2025-01-30,15,4,8.56,4477.2,Uberlandia,MG,Sudeste
4874,1234,SKU-094,2026-05-23,3,4,33.04,8278.28,Rio de Janeiro,RJ,Sudeste
4875,150,SKU-029,2026-05-31,5,2,19.12,1557.8,Betim,MG,Sudeste
4876,650,SKU-093,2025-06-30,11,1,18.22,349.16,Recanto das Emas,DF,Centro-Oeste
4877,1004,SKU-092,2025-05-27,8,2,7.56,4819.72,Guara,DF,Centro-Oeste
4878,400,SKU-092,2025-04-20,15,4,17.17,9639.44,Campinas,SP,Sudeste
4879,443,SKU-014,2026-01-17,8,3,13.9,3725.28,Santos,SP,Sudeste
4880,301,SKU-016,2025-04-30,6,2,11.67,63.54,Olinda,PE,Nordeste
4881,1075,SKU-095,2025-04-05,7,1,34.49,360.95,Sao Jose dos Campos,SP,Sudeste
4882,1117,SKU-193,2025-12-24,13,4,30.83,9911.4,Erechim,RS,Sul
4883,1305,SKU-122,2025-08-31,12,3,30.73,1351.95,Caucaia,CE,Nordeste
4884,733,SKU-069,2026-01-10,15,1,30.97,1934.96,Porto Alegre,RS,Sul
4885,55,SKU-045,2025-03-21,3,2,10.76,3179.54,Passo Fundo,RS,Sul
4886,176,SKU-029,2025-04-06,12,2,22.87,1557.8,Manaus,AM,Norte
4887,1143,SKU-245,2025-03-30,8,1,9.63,2973.61,Contagem,MG,Sudeste
4888,3,SKU-010,2026-01-28,11,4,25.2,11221.92,Itacoatiara,AM,Norte
4889,197,SKU-222,2025-06-06,14,2,14.78,1749.84,Paulista,PE,Nordeste
4890,867,SKU-173,2025-10-13,10,4,16.28,5862.76,Campos dos Goytacazes,RJ,Sudeste
4891,18,SKU-095,2025-12-29,6,1,11.19,360.95,Itabuna,BA,Nordeste
4892,1498,SKU-237,2025-10-16,3,2,29.99,5987.44,Passo Fundo,RS,Sul
4893,1466,SKU-066,2026-03-24,3,4,18.56,10477.84,Olinda,PE,Nordeste
4894,265,SKU-179,2026-05-09,10,4,7.22,3000.84,Paranagua,PR,Sul
4895,1,SKU-207,2025-12-31,12,3,33.19,3571.98,Betim,MG,Sudeste
4896,870,SKU-178,2025-02-14,3,3,22.92,6705.87,Petrolina,PE,Nordeste
4897,215,SKU-155,2026-04-06,2,1,16.26,103.31,Passo Fundo,RS,Sul
4898,585,SKU-242,2026-02-12,14,1,25.84,2373.33,Santa Maria,RS,Sul
4899,856,SKU-131,2026-05-13,2,2,7.07,4891.04,Recife,PE,Nordeste
4900,195,SKU-217,2025-12-18,6,2,31.64,76.26,Recanto das Emas,DF,Centro-Oeste
4901,60,SKU-024,2025-04-09,1,3,13.4,5567.91,Betim,MG,Sudeste
4902,18,SKU-006,2025-09-25,13,2,30.22,2089.4,Itapipoca,CE,Nordeste
4903,9,SKU-135,2026-03-02,6,1,20.94,1931.2,Manacapuru,AM,Norte
4904,431,SKU-192,2026-01-14,5,3,34.58,91.89,Novo Hamburgo,RS,Sul
4905,167,SKU-163,2026-04-05,10,3,27.97,2788.92,Itapipoca,CE,Nordeste
4906,904,SKU-183,2026-05-10,11,3,8.99,8357.01,Maringa,PR,Sul
4907,520,SKU-015,2025-11-07,6,2,16.54,3884.78,Ipatinga,MG,Sudeste
4908,258,SKU-066,2026-05-22,14,3,6.85,7858.38,Caninde,CE,Nordeste
4909,629,SKU-111,2026-05-08,13,2,27.89,4741.14,Porto Alegre,RS,Sul
4910,407,SKU-086,2025-01-06,5,4,33.9,11602.2,Presidente Figueiredo,AM,Norte
4911,222,SKU-028,2025-08-16,2,2,29.1,2317.0,Igarassu,PE,Nordeste
4912,639,SKU-165,2025-06-08,15,4,15.09,6619.04,Passo Fundo,RS,Sul
4913,22,SKU-225,2025-01-09,14,2,26.85,5121.86,Gama,DF,Centro-Oeste
4914,576,SKU-099,2025-07-15,6,3,7.21,4916.64,Maues,AM,Norte
4915,321,SKU-094,2025-07-28,2,2,6.25,4139.14,Novo Hamburgo,RS,Sul
4916,84,SKU-162,2025-01-21,13,1,13.66,1862.12,Petrolina,PE,Nordeste
4917,1400,SKU-160,2026-05-09,11,2,26.3,5601.7,Londrina,PR,Sul
4918,8,SKU-110,2026-05-20,10,3,20.92,1377.63,Sao Bernardo do Campo,SP,Sudeste
4919,924,SKU-057,2025-06-07,2,3,6.19,6006.57,Angra dos Reis,RJ,Sudeste
4920,1048,SKU-227,2025-02-04,10,2,33.49,2728.54,Fortaleza,CE,Nordeste
4921,332,SKU-136,2025-09-28,9,4,30.01,126.8,Brasilia,DF,Centro-Oeste
4922,339,SKU-205,2025-08-28,13,4,11.48,1576.72,Campos dos Goytacazes,RJ,Sudeste
4923,503,SKU-037,2026-04-04,7,3,23.29,7695.18,Sobral,CE,Nordeste
4924,1292,SKU-022,2025-02-14,8,1,34.08,1226.91,Guara,DF,Centro-Oeste
4925,140,SKU-001,2026-04-19,6,1,6.89,1223.28,Pelotas,RS,Sul
4926,608,SKU-177,2026-02-12,1,4,27.31,11121.48,Cabo Frio,RJ,Sudeste
4927,228,SKU-001,2025-12-13,8,2,29.32,2446.56,Sao Paulo,SP,Sudeste
4928,10,SKU-006,2025-04-13,12,1,32.58,1044.7,Juiz de Fora,MG,Sudeste
4929,27,SKU-180,2026-02-10,6,2,31.22,1924.9,Brasilia,DF,Centro-Oeste
4930,19,SKU-191,2025-02-06,15,1,32.68,326.91,Cabo Frio,RJ,Sudeste
4931,11,SKU-097,2025-07-20,13,3,26.79,3240.15,Rio de Janeiro,RJ,Sudeste
4932,233,SKU-119,2026-03-23,5,4,30.29,551.16,Campinas,SP,Sudeste
4933,579,SKU-021,2025-03-25,3,4,11.88,5496.88,Pocos de Caldas,MG,Sudeste
4934,841,SKU-093,2025-04-25,15,4,12.72,1396.64,Uberaba,MG,Sudeste
4935,176,SKU-162,2026-01-31,2,1,17.98,1862.12,Uberlandia,MG,Sudeste
4936,1216,SKU-125,2025-01-21,13,2,29.38,3314.76,Cascavel,PR,Sul
4937,1004,SKU-100,2025-11-20,15,3,6.08,6687.45,Betim,MG,Sudeste
4938,830,SKU-231,2025-03-27,1,2,32.48,3988.06,Colombo,PR,Sul
4939,178,SKU-120,2025-12-20,3,3,5.06,6390.3,Betim,MG,Sudeste
4940,1409,SKU-167,2025-05-22,4,4,11.46,5854.04,Vitoria da Conquista,BA,Nordeste
4941,26,SKU-119,2025-11-25,14,3,20.1,413.37,Caucaia,CE,Nordeste
4942,719,SKU-050,2025-06-07,12,1,9.64,1989.79,Jaboatao dos Guararapes,PE,Nordeste
4943,73,SKU-206,2025-05-14,8,1,12.05,653.02,Tefe,AM,Norte
4944,285,SKU-188,2026-04-19,9,3,14.22,108.6,Juiz de Fora,MG,Sudeste
4945,845,SKU-142,2025-01-12,1,4,32.36,3665.48,Brasilia,DF,Centro-Oeste
4946,1277,SKU-231,2025-11-03,7,4,11.91,7976.12,Aguas Claras,DF,Centro-Oeste
4947,244,SKU-115,2026-03-24,13,2,22.03,3455.64,Santos,SP,Sudeste
4948,766,SKU-218,2026-03-21,15,3,30.33,1406.94,Ceilandia,DF,Centro-Oeste
4949,1444,SKU-011,2025-09-21,14,4,8.69,8551.88,Petrolina,PE,Nordeste
4950,1494,SKU-084,2025-09-21,15,3,24.14,4405.5,Cascavel,PR,Sul
4951,262,SKU-120,2026-04-18,6,1,12.35,2130.1,Caucaia,CE,Nordeste
4952,68,SKU-043,2026-04-22,15,2,24.07,844.08,Pocos de Caldas,MG,Sudeste
4953,1089,SKU-198,2025-08-09,13,2,33.12,2867.6,Ipatinga,MG,Sudeste
4954,227,SKU-246,2025-11-25,3,3,27.69,7694.73,Coari,AM,Norte
4955,389,SKU-079,2025-10-24,11,4,25.66,9266.52,Ilheus,BA,Nordeste
4956,9,SKU-229,2025-01-31,4,1,9.66,1520.2,Duque de Caxias,RJ,Sudeste
4957,236,SKU-084,2025-10-28,9,3,31.97,4405.5,Bento Goncalves,RS,Sul
4958,53,SKU-056,2025-05-20,4,2,14.17,5529.14,Itabuna,BA,Nordeste
4959,196,SKU-107,2025-06-15,12,2,28.23,3275.12,Presidente Figueiredo,AM,Norte
4960,889,SKU-209,2026-01-09,15,4,25.13,7940.96,Sao Jose dos Pinhais,PR,Sul
4961,617,SKU-171,2025-01-06,1,2,30.24,4009.76,Sobradinho,DF,Centro-Oeste
4962,25,SKU-060,2026-04-23,15,4,7.2,6219.0,Ceilandia,DF,Centro-Oeste
4963,214,SKU-117,2026-05-09,2,1,7.98,1064.24,Londrina,PR,Sul
4964,1289,SKU-092,2025-04-21,6,4,30.13,9639.44,Caxias do Sul,RS,Sul
4965,100,SKU-070,2025-06-14,15,1,8.39,1961.0,Maues,AM,Norte
4966,794,SKU-104,2025-12-12,4,1,22.31,2586.86,Campos dos Goytacazes,RJ,Sudeste
4967,1216,SKU-115,2026-01-09,13,1,16.07,1727.82,Itapipoca,CE,Nordeste
4968,936,SKU-036,2025-05-04,14,3,6.93,1138.44,Sobradinho,DF,Centro-Oeste
4969,18,SKU-008,2025-09-29,8,3,11.63,6266.55,Santos,SP,Sudeste
4970,372,SKU-036,2025-01-15,3,4,15.08,1517.92,Planaltina,DF,Centro-Oeste
4971,313,SKU-106,2025-07-13,7,1,30.03,476.65,Itacoatiara,AM,Norte
4972,1126,SKU-240,2025-06-18,12,4,29.3,1466.84,Caruaru,PE,Nordeste
4973,630,SKU-023,2025-11-13,6,2,7.37,2287.0,Guarulhos,SP,Sudeste
4974,89,SKU-153,2026-05-31,5,4,34.78,4307.48,Londrina,PR,Sul
4975,1093,SKU-247,2025-07-10,10,4,26.64,6207.56,Maringa,PR,Sul
4976,83,SKU-204,2026-01-21,4,3,26.92,2940.75,Duque de Caxias,RJ,Sudeste
4977,399,SKU-052,2026-06-03,12,1,17.39,1692.21,Maringa,PR,Sul
4978,452,SKU-153,2025-11-17,5,3,31.16,3230.61,Camacari,BA,Nordeste
4979,660,SKU-067,2025-09-10,13,3,19.66,6978.3,Vitoria da Conquista,BA,Nordeste
4980,402,SKU-151,2026-05-11,8,2,24.55,5240.36,Lauro de Freitas,BA,Nordeste
4981,1254,SKU-143,2025-07-02,6,2,32.77,1839.14,Foz do Iguacu,PR,Sul
4982,731,SKU-007,2025-10-14,5,2,8.66,4804.48,Campinas,SP,Sudeste
4983,620,SKU-157,2026-02-14,9,1,8.29,1876.66,Quixada,CE,Nordeste
4984,168,SKU-072,2026-01-16,8,2,21.98,2957.46,Sorocaba,SP,Sudeste
4985,754,SKU-140,2026-01-25,3,4,33.01,3107.0,Serra Talhada,PE,Nordeste
4986,1090,SKU-056,2025-08-31,12,3,29.04,8293.71,Sao Paulo,SP,Sudeste
4987,689,SKU-230,2025-05-11,6,3,27.15,5438.19,Erechim,RS,Sul
4988,1118,SKU-047,2026-01-14,11,4,25.8,894.28,Quixada,CE,Nordeste
4989,847,SKU-028,2025-06-29,12,3,9.74,3475.5,Camacari,BA,Nordeste
4990,1067,SKU-207,2025-02-02,2,1,11.63,1190.66,Niteroi,RJ,Sudeste
4991,311,SKU-032,2026-05-18,4,2,25.01,3705.48,Camacari,BA,Nordeste
4992,268,SKU-229,2025-10-29,7,2,8.73,3040.4,Volta Redonda,RJ,Sudeste
4993,517,SKU-080,2025-08-14,8,4,31.58,6568.16,Caucaia,CE,Nordeste
4994,1306,SKU-060,2025-11-28,2,2,15.46,3109.5,Presidente Figueiredo,AM,Norte
4995,1255,SKU-234,2025-12-25,7,3,21.16,274.35,Montes Claros,MG,Sudeste
4996,46,SKU-233,2026-05-11,11,2,23.33,4129.4,Ponta Grossa,PR,Sul
4997,920,SKU-220,2025-05-08,11,4,7.47,9264.16,Belo Horizonte,MG,Sudeste
4998,553,SKU-037,2026-03-07,8,4,21.75,10260.24,Ipatinga,MG,Sudeste
4999,177,SKU-081,2025-08-16,12,4,24.72,6298.92,Belo Horizonte,MG,Sudeste
5000,536,SKU-221,2025-12-29,10,1,29.81,1785.2,Serra Talhada,PE,Nordeste
5001,22,SKU-239,2025-05-12,6,3,33.97,677.91,Gravata,PE,Nordeste
5002,494,SKU-071,2025-10-26,4,1,17.61,1619.81,Samambaia,DF,Centro-Oeste
5003,20,SKU-232,2025-03-27,5,1,14.6,1695.44,Tabatinga,AM,Norte
5004,1397,SKU-044,2026-02-01,12,2,7.98,3007.1,Sao Bernardo do Campo,SP,Sudeste
5005,733,SKU-201,2025-01-11,3,2,27.51,2800.04,Caruaru,PE,Nordeste
5006,90,SKU-095,2025-05-06,11,3,31.01,1082.85,Uberaba,MG,Sudeste
5007,17,SKU-210,2025-12-29,12,4,7.8,1698.88,Guarulhos,SP,Sudeste
5008,998,SKU-205,2026-03-25,5,1,24.44,394.18,Colombo,PR,Sul
5009,709,SKU-245,2025-10-05,1,3,32.71,8920.83,Porto Alegre,RS,Sul
5010,338,SKU-075,2025-12-12,2,4,27.14,10512.04,Sobral,CE,Nordeste
5011,644,SKU-076,2026-03-07,2,3,31.03,8173.32,Manacapuru,AM,Norte
5012,256,SKU-052,2025-06-29,4,3,11.65,5076.63,Novo Hamburgo,RS,Sul
5013,5,SKU-117,2025-12-28,14,4,25.63,4256.96,Garanhuns,PE,Nordeste
5014,8,SKU-015,2025-07-11,7,3,5.7,5827.17,Garanhuns,PE,Nordeste
5015,6,SKU-099,2026-01-01,7,1,20.47,1638.88,Vitoria da Conquista,BA,Nordeste
5016,15,SKU-013,2026-03-07,7,4,16.17,7923.88,Pelotas,RS,Sul
5017,884,SKU-066,2026-05-24,3,3,30.97,7858.38,Londrina,PR,Sul
5018,691,SKU-004,2025-09-24,9,2,22.06,5552.84,Coari,AM,Norte
5019,1076,SKU-082,2026-02-02,11,1,5.21,763.67,Cabo Frio,RJ,Sudeste
5020,719,SKU-002,2026-05-15,15,1,16.62,2448.26,Bento Goncalves,RS,Sul
5021,470,SKU-152,2025-08-09,9,2,19.3,3104.62,Ceilandia,DF,Centro-Oeste
5022,540,SKU-207,2025-08-14,15,1,33.61,1190.66,Maues,AM,Norte
5023,561,SKU-025,2026-02-28,8,3,5.08,2937.93,Parintins,AM,Norte
5024,826,SKU-117,2026-03-08,7,1,8.08,1064.24,Osasco,SP,Sudeste
5025,774,SKU-176,2025-11-24,10,2,8.78,4713.86,Betim,MG,Sudeste
5026,929,SKU-086,2025-05-12,14,2,10.04,5801.1,Campos dos Goytacazes,RJ,Sudeste
5027,300,SKU-204,2025-03-24,4,4,33.44,3921.0,Caxias do Sul,RS,Sul
5028,15,SKU-158,2026-04-17,6,3,22.08,6848.16,Nova Iguacu,RJ,Sudeste
5029,36,SKU-249,2026-05-16,10,4,29.0,2813.8,Juazeiro,BA,Nordeste
5030,102,SKU-126,2026-03-10,6,3,6.88,243.09,Itacoatiara,AM,Norte
5031,301,SKU-225,2026-03-11,2,3,8.31,7682.79,Erechim,RS,Sul
5032,326,SKU-121,2025-04-08,3,3,12.55,796.17,Novo Hamburgo,RS,Sul
5033,444,SKU-223,2025-07-19,4,3,8.64,7481.31,Salvador,BA,Nordeste
5034,70,SKU-103,2025-01-13,14,4,14.33,1395.76,Aguas Claras,DF,Centro-Oeste
5035,618,SKU-130,2026-03-28,12,3,18.38,167.94,Guarapuava,PR,Sul
5036,162,SKU-182,2025-09-17,10,2,8.45,5629.3,Maracanau,CE,Nordeste
5037,1444,SKU-169,2025-07-01,9,1,27.74,2191.93,Juazeiro,BA,Nordeste
5038,457,SKU-126,2026-04-28,4,3,29.64,243.09,Salvador,BA,Nordeste
5039,899,SKU-088,2025-03-09,1,2,14.31,5612.42,Paulista,PE,Nordeste
5040,461,SKU-170,2026-03-02,15,3,25.8,5066.85,Recanto das Emas,DF,Centro-Oeste
5041,290,SKU-191,2025-08-13,15,4,28.68,1307.64,Paranagua,PR,Sul
5042,377,SKU-059,2025-11-12,14,1,9.96,2011.23,Bento Goncalves,RS,Sul
5043,739,SKU-231,2025-09-12,7,3,30.92,5982.09,Rio de Janeiro,RJ,Sudeste
5044,217,SKU-118,2025-05-19,7,4,17.65,1998.2,Paulista,PE,Nordeste
5045,887,SKU-244,2025-02-13,15,4,29.54,2048.04,Sao Jose dos Campos,SP,Sudeste
5046,566,SKU-055,2026-01-20,5,4,30.65,6422.56,Quixada,CE,Nordeste
5047,158,SKU-025,2025-02-04,12,3,11.09,2937.93,Caucaia,CE,Nordeste
5048,904,SKU-029,2025-07-10,1,1,32.06,778.9,Santa Maria,RS,Sul
5049,594,SKU-063,2025-12-10,4,2,19.32,5231.78,Angra dos Reis,RJ,Sudeste
5050,721,SKU-236,2025-05-19,7,1,11.33,636.16,Sao Bernardo do Campo,SP,Sudeste
5051,247,SKU-231,2026-03-23,8,3,7.89,5982.09,Coari,AM,Norte
5052,403,SKU-131,2026-05-26,6,4,20.78,9782.08,Coari,AM,Norte
5053,1100,SKU-161,2026-05-19,2,3,18.96,6527.85,Guara,DF,Centro-Oeste
5054,20,SKU-224,2025-03-30,7,4,32.52,10037.44,Planaltina,DF,Centro-Oeste
5055,11,SKU-223,2025-02-25,11,4,22.67,9975.08,Contagem,MG,Sudeste
5056,785,SKU-206,2025-12-29,13,1,5.62,653.02,Pelotas,RS,Sul
5057,379,SKU-133,2026-02-12,11,4,20.61,10356.84,Gravata,PE,Nordeste
5058,1449,SKU-147,2025-11-05,7,2,5.53,5427.76,Pelotas,RS,Sul
5059,1327,SKU-085,2025-03-03,5,2,34.88,2087.92,Vitoria da Conquista,BA,Nordeste
5060,18,SKU-070,2025-06-22,14,1,27.03,1961.0,Paulista,PE,Nordeste
5061,19,SKU-207,2025-08-17,10,2,15.12,2381.32,Planaltina,DF,Centro-Oeste
5062,223,SKU-112,2025-02-24,14,2,26.36,1688.4,Aguas Claras,DF,Centro-Oeste
5063,725,SKU-008,2025-10-04,1,2,27.66,4177.7,Guara,DF,Centro-Oeste
5064,148,SKU-082,2025-07-30,3,4,21.28,3054.68,Jaboatao dos Guararapes,PE,Nordeste
5065,736,SKU-146,2026-04-05,11,4,19.73,9549.88,Uberlandia,MG,Sudeste
5066,1329,SKU-051,2025-12-10,5,3,23.93,685.35,Jaboatao dos Guararapes,PE,Nordeste
5067,792,SKU-218,2025-05-04,11,3,27.23,1406.94,Manacapuru,AM,Norte
5068,1166,SKU-143,2026-01-07,14,2,34.4,1839.14,Petropolis,RJ,Sudeste
5069,1456,SKU-013,2025-02-02,1,3,22.31,5942.91,Ribeirao Preto,SP,Sudeste
5070,1420,SKU-008,2025-06-29,4,3,8.12,6266.55,Fortaleza,CE,Nordeste
5071,259,SKU-065,2025-07-07,2,2,28.95,5450.6,Canoas,RS,Sul
5072,72,SKU-210,2025-06-02,13,3,6.88,1274.16,Caucaia,CE,Nordeste
5073,408,SKU-231,2026-05-09,13,4,9.87,7976.12,Angra dos Reis,RJ,Sudeste
5074,1174,SKU-156,2025-10-29,2,2,33.85,2723.26,Taguatinga,DF,Centro-Oeste
5075,4,SKU-027,2026-05-22,13,2,19.87,4150.24,Colombo,PR,Sul
5076,34,SKU-182,2025-12-15,12,1,32.09,2814.65,Salvador,BA,Nordeste
5077,1310,SKU-176,2026-03-08,11,2,7.41,4713.86,Betim,MG,Sudeste
5078,9,SKU-222,2025-10-09,12,4,29.49,3499.68,Aguas Claras,DF,Centro-Oeste
5079,635,SKU-163,2025-11-23,8,1,23.31,929.64,Olinda,PE,Nordeste
5080,18,SKU-090,2026-05-11,15,1,34.67,2945.64,Camacari,BA,Nordeste
5081,725,SKU-200,2026-06-04,9,4,9.89,11817.04,Passo Fundo,RS,Sul
5082,221,SKU-193,2026-04-05,3,4,7.9,9911.4,Caucaia,CE,Nordeste
5083,10,SKU-152,2025-07-19,11,1,19.78,1552.31,Fortaleza,CE,Nordeste
5084,1123,SKU-126,2025-01-12,14,1,8.81,81.03,Itapipoca,CE,Nordeste
5085,284,SKU-042,2025-10-11,14,3,15.11,6333.96,Caninde,CE,Nordeste
5086,138,SKU-051,2025-01-01,9,1,11.58,228.45,Maues,AM,Norte
5087,622,SKU-011,2026-03-07,5,3,17.71,6413.91,Lauro de Freitas,BA,Nordeste
5088,828,SKU-023,2026-03-01,12,3,23.03,3430.5,Maues,AM,Norte
5089,122,SKU-182,2025-07-18,3,2,5.23,5629.3,Taguatinga,DF,Centro-Oeste
5090,228,SKU-220,2026-02-17,6,4,5.77,9264.16,Passo Fundo,RS,Sul
5091,221,SKU-189,2026-05-18,8,3,28.58,3357.9,Foz do Iguacu,PR,Sul
5092,758,SKU-230,2026-01-31,5,3,11.43,5438.19,Taguatinga,DF,Centro-Oeste
5093,849,SKU-108,2025-10-22,4,2,5.54,4750.16,Parintins,AM,Norte
5094,32,SKU-045,2025-12-21,3,4,16.12,6359.08,Londrina,PR,Sul
5095,48,SKU-101,2025-11-10,10,2,25.77,628.36,Salvador,BA,Nordeste
5096,130,SKU-232,2025-11-19,2,3,34.03,5086.32,Maracanau,CE,Nordeste
5097,135,SKU-146,2025-06-04,8,4,17.66,9549.88,Betim,MG,Sudeste
5098,302,SKU-001,2025-07-26,8,2,29.16,2446.56,Manaus,AM,Norte
5099,1390,SKU-016,2025-02-20,11,2,12.65,63.54,Autazes,AM,Norte
5100,872,SKU-070,2025-04-26,10,4,24.66,7844.0,Erechim,RS,Sul
5101,1061,SKU-157,2026-05-05,13,2,24.74,3753.32,Erechim,RS,Sul
5102,71,SKU-130,2025-07-20,9,2,20.81,111.96,Gravata,PE,Nordeste
5103,76,SKU-185,2026-02-13,4,2,15.36,1005.6,Angra dos Reis,RJ,Sudeste
5104,480,SKU-185,2026-03-21,3,1,32.33,502.8,Paulista,PE,Nordeste
5105,839,SKU-064,2025-12-07,4,1,19.73,2187.69,Recanto das Emas,DF,Centro-Oeste
5106,360,SKU-250,2026-05-18,2,2,26.98,4638.78,Vitoria da Conquista,BA,Nordeste
5107,518,SKU-134,2025-01-26,7,4,33.26,3039.96,Sao Jose dos Pinhais,PR,Sul
5108,4,SKU-051,2025-08-02,1,3,10.3,685.35,Gama,DF,Centro-Oeste
5109,454,SKU-119,2025-06-07,9,2,17.25,275.58,Olinda,PE,Nordeste
5110,17,SKU-015,2026-04-06,14,4,18.21,7769.56,Caninde,CE,Nordeste
5111,270,SKU-114,2025-08-23,1,4,7.26,8407.28,Teresopolis,RJ,Sudeste
5112,206,SKU-148,2026-03-25,15,3,32.22,4234.98,Presidente Figueiredo,AM,Norte
5113,499,SKU-056,2025-02-03,1,3,11.47,8293.71,Sobral,CE,Nordeste
5114,683,SKU-041,2025-09-20,4,2,16.64,4117.22,Sao Jose dos Campos,SP,Sudeste
5115,42,SKU-143,2026-04-29,9,4,10.63,3678.28,Feira de Santana,BA,Nordeste
5116,446,SKU-200,2025-04-24,3,4,27.63,11817.04,Nova Iguacu,RJ,Sudeste
5117,519,SKU-006,2026-02-14,5,2,33.33,2089.4,Juazeiro do Norte,CE,Nordeste
5118,342,SKU-218,2025-07-28,11,3,19.27,1406.94,Governador Valadares,MG,Sudeste
5119,746,SKU-083,2025-02-05,14,1,18.95,2665.2,Coari,AM,Norte
5120,87,SKU-166,2025-12-30,15,1,5.81,2973.35,Recanto das Emas,DF,Centro-Oeste
5121,406,SKU-112,2025-06-14,15,3,24.35,2532.6,Salvador,BA,Nordeste
5122,173,SKU-224,2025-10-01,6,1,14.31,2509.36,Maracanau,CE,Nordeste
5123,791,SKU-125,2026-01-19,4,3,11.77,4972.14,Foz do Iguacu,PR,Sul
5124,1475,SKU-216,2025-10-28,8,4,8.01,4405.44,Guarulhos,SP,Sudeste
5125,793,SKU-147,2026-04-01,12,4,9.27,10855.52,Juiz de Fora,MG,Sudeste
5126,291,SKU-223,2026-01-23,4,1,27.69,2493.77,Itabuna,BA,Nordeste
5127,1356,SKU-003,2025-06-01,12,4,5.33,11541.28,Crato,CE,Nordeste
5128,9,SKU-217,2026-05-03,13,4,29.15,152.52,Guara,DF,Centro-Oeste
5129,1202,SKU-112,2025-09-07,6,1,31.91,844.2,Duque de Caxias,RJ,Sudeste
5130,97,SKU-142,2026-01-22,15,1,8.51,916.37,Gravata,PE,Nordeste
5131,1149,SKU-040,2025-02-08,1,4,15.26,4595.44,Sao Paulo,SP,Sudeste
5132,257,SKU-220,2025-03-24,4,3,15.98,6948.12,Lauro de Freitas,BA,Nordeste
5133,1133,SKU-229,2025-06-10,6,2,31.0,3040.4,Foz do Iguacu,PR,Sul
5134,1340,SKU-087,2025-07-07,12,2,10.44,1182.24,Duque de Caxias,RJ,Sudeste
5135,1421,SKU-158,2025-11-13,13,3,28.0,6848.16,Erechim,RS,Sul
5136,908,SKU-148,2026-01-18,10,1,32.3,1411.66,Serra Talhada,PE,Nordeste
5137,69,SKU-241,2025-02-23,10,2,21.55,785.26,Porto Seguro,BA,Nordeste
5138,173,SKU-234,2025-02-12,6,4,5.4,365.8,Serra Talhada,PE,Nordeste
5139,765,SKU-004,2026-03-18,13,2,17.34,5552.84,Niteroi,RJ,Sudeste
5140,37,SKU-219,2026-05-12,2,3,6.23,3571.05,Parintins,AM,Norte
5141,323,SKU-049,2025-01-26,14,4,22.34,406.4,Samambaia,DF,Centro-Oeste
5142,436,SKU-018,2025-10-10,10,3,8.97,6824.19,Caninde,CE,Nordeste
5143,558,SKU-149,2026-02-11,13,2,20.16,5760.14,Porto Alegre,RS,Sul
5144,631,SKU-142,2025-10-21,6,1,15.82,916.37,Cabo Frio,RJ,Sudeste
5145,6,SKU-099,2025-02-23,3,2,27.32,3277.76,Ceilandia,DF,Centro-Oeste
5146,652,SKU-014,2025-09-26,7,3,27.33,3725.28,Presidente Figueiredo,AM,Norte
5147,172,SKU-157,2025-03-11,14,3,13.17,5629.98,Piracicaba,SP,Sudeste
5148,98,SKU-242,2026-03-15,10,3,34.7,7119.99,Caucaia,CE,Nordeste
5149,901,SKU-232,2026-05-27,9,1,25.62,1695.44,Ilheus,BA,Nordeste
5150,328,SKU-136,2026-04-29,4,1,15.09,31.7,Olinda,PE,Nordeste
5151,3,SKU-202,2025-02-18,11,3,16.77,5326.26,Piracicaba,SP,Sudeste
5152,1498,SKU-070,2026-02-05,14,1,15.82,1961.0,Petropolis,RJ,Sudeste
5153,1193,SKU-200,2025-08-15,14,3,6.58,8862.78,Paulista,PE,Nordeste
5154,226,SKU-215,2025-02-26,1,3,5.87,6512.19,Lauro de Freitas,BA,Nordeste
5155,1053,SKU-219,2026-01-05,8,3,25.89,3571.05,Paulista,PE,Nordeste
5156,448,SKU-148,2025-08-06,2,4,22.19,5646.64,Erechim,RS,Sul
5157,1293,SKU-079,2026-05-15,14,3,11.77,6949.89,Uberaba,MG,Sudeste
5158,542,SKU-181,2025-07-15,12,3,31.09,3940.62,Teresopolis,RJ,Sudeste
5159,1296,SKU-100,2025-01-19,15,1,5.81,2229.15,Iguatu,CE,Nordeste
5160,927,SKU-128,2025-03-14,2,3,10.62,1196.07,Pelotas,RS,Sul
5161,21,SKU-209,2025-02-20,4,2,18.11,3970.48,Olinda,PE,Nordeste
5162,367,SKU-050,2025-04-22,10,2,33.45,3979.58,Porto Alegre,RS,Sul
5163,1237,SKU-138,2025-09-07,4,1,34.9,1415.86,Vitoria da Conquista,BA,Nordeste
5164,376,SKU-236,2025-01-14,12,2,14.26,1272.32,Canoas,RS,Sul
5165,1173,SKU-132,2026-03-30,6,3,23.99,1292.4,Porto Seguro,BA,Nordeste
5166,258,SKU-231,2026-02-07,15,4,27.81,7976.12,Sorocaba,SP,Sudeste
5167,474,SKU-009,2025-02-20,15,3,32.22,4937.01,Gama,DF,Centro-Oeste
5168,1169,SKU-193,2025-08-09,15,1,14.83,2477.85,Salvador,BA,Nordeste
5169,18,SKU-081,2025-10-04,9,2,25.54,3149.46,Teixeira de Freitas,BA,Nordeste
5170,23,SKU-163,2025-02-20,15,4,18.62,3718.56,Sao Jose dos Pinhais,PR,Sul
5171,798,SKU-028,2025-10-16,5,1,15.43,1158.5,Duque de Caxias,RJ,Sudeste
5172,288,SKU-024,2025-12-16,1,3,8.32,5567.91,Rio de Janeiro,RJ,Sudeste
5173,1136,SKU-105,2026-01-08,7,4,30.3,1312.36,Garanhuns,PE,Nordeste
5174,446,SKU-093,2025-10-25,4,3,25.01,1047.48,Novo Hamburgo,RS,Sul
5175,386,SKU-206,2026-05-24,15,4,18.01,2612.08,Recanto das Emas,DF,Centro-Oeste
5176,199,SKU-154,2025-02-16,15,2,24.88,5953.08,Cascavel,PR,Sul
5177,909,SKU-034,2025-08-27,7,1,30.04,1521.16,Juiz de Fora,MG,Sudeste
5178,290,SKU-069,2026-06-07,11,3,23.42,5804.88,Cabo Frio,RJ,Sudeste
5179,244,SKU-080,2026-01-30,4,2,21.46,3284.08,Novo Hamburgo,RS,Sul
5180,773,SKU-138,2025-03-03,11,3,27.56,4247.58,Caxias do Sul,RS,Sul
5181,209,SKU-162,2025-07-24,7,1,25.33,1862.12,Gravatai,RS,Sul
5182,26,SKU-028,2026-03-31,8,1,9.92,1158.5,Coari,AM,Norte
5183,62,SKU-079,2026-04-13,13,2,18.37,4633.26,Contagem,MG,Sudeste
5184,591,SKU-207,2025-04-23,12,4,27.91,4762.64,Teresopolis,RJ,Sudeste
5185,1419,SKU-105,2025-06-14,11,2,15.39,656.18,Tabatinga,AM,Norte
5186,1349,SKU-243,2025-10-07,5,2,8.6,5672.94,Teixeira de Freitas,BA,Nordeste
5187,2,SKU-115,2025-11-11,10,4,13.22,6911.28,Maracanau,CE,Nordeste
5188,355,SKU-148,2026-03-06,6,1,27.38,1411.66,Porto Seguro,BA,Nordeste
5189,304,SKU-151,2025-02-26,5,4,8.74,10480.72,Santa Maria,RS,Sul
5190,41,SKU-032,2025-03-30,6,1,22.92,1852.74,Foz do Iguacu,PR,Sul
5191,14,SKU-230,2025-05-10,7,3,8.13,5438.19,Pocos de Caldas,MG,Sudeste
5192,95,SKU-141,2025-09-15,11,1,7.0,2420.37,Jaboatao dos Guararapes,PE,Nordeste
5193,320,SKU-229,2026-01-25,5,3,23.21,4560.6,Duque de Caxias,RJ,Sudeste
5194,172,SKU-063,2026-05-20,14,3,30.29,7847.67,Campinas,SP,Sudeste
5195,207,SKU-157,2025-04-08,11,3,18.06,5629.98,Campos dos Goytacazes,RJ,Sudeste
5196,1343,SKU-020,2025-12-26,15,4,11.84,2326.28,Iguatu,CE,Nordeste
5197,1418,SKU-070,2025-01-08,9,1,11.05,1961.0,Angra dos Reis,RJ,Sudeste
5198,11,SKU-159,2025-01-06,11,4,8.34,9378.16,Teixeira de Freitas,BA,Nordeste
5199,21,SKU-246,2025-11-03,2,3,8.05,7694.73,Gama,DF,Centro-Oeste
5200,129,SKU-220,2026-01-03,8,3,20.97,6948.12,Bento Goncalves,RS,Sul
5201,1110,SKU-099,2025-02-07,12,4,10.25,6555.52,Garanhuns,PE,Nordeste
5202,14,SKU-223,2025-02-20,15,3,12.24,7481.31,Autazes,AM,Norte
5203,11,SKU-212,2025-11-15,11,2,30.73,5222.9,Contagem,MG,Sudeste
5204,1182,SKU-211,2025-02-02,5,4,32.84,3859.68,Guarapuava,PR,Sul
5205,105,SKU-001,2025-08-30,5,1,24.89,1223.28,Recife,PE,Nordeste
5206,205,SKU-186,2025-05-08,4,1,20.35,273.82,Maues,AM,Norte
5207,77,SKU-008,2025-07-01,12,4,24.14,8355.4,Caruaru,PE,Nordeste
5208,1485,SKU-207,2026-04-13,14,2,9.99,2381.32,Maracanau,CE,Nordeste
5209,287,SKU-220,2025-11-28,15,1,12.85,2316.04,Pelotas,RS,Sul
5210,645,SKU-228,2025-02-15,4,3,22.55,7239.3,Paranagua,PR,Sul
5211,204,SKU-084,2025-05-25,10,2,17.55,2937.0,Ilheus,BA,Nordeste
5212,73,SKU-248,2025-12-19,15,2,33.84,3749.18,Guara,DF,Centro-Oeste
5213,63,SKU-079,2026-01-14,10,1,10.84,2316.63,Lauro de Freitas,BA,Nordeste
5214,297,SKU-038,2026-03-07,10,1,24.0,355.73,Sao Paulo,SP,Sudeste
5215,487,SKU-181,2026-04-15,2,2,19.01,2627.08,Sorocaba,SP,Sudeste
5216,111,SKU-179,2025-09-06,2,1,32.51,750.21,Petrolina,PE,Nordeste
5217,949,SKU-156,2025-04-02,12,2,18.03,2723.26,Petrolina,PE,Nordeste
5218,7,SKU-165,2025-06-10,1,3,32.73,4964.28,Governador Valadares,MG,Sudeste
5219,5,SKU-033,2025-07-07,6,2,10.68,5184.54,Ponta Grossa,PR,Sul
5220,1094,SKU-156,2025-07-12,15,3,32.71,4084.89,Foz do Iguacu,PR,Sul
5221,1233,SKU-145,2025-06-21,14,2,14.78,5199.28,Sobral,CE,Nordeste
5222,369,SKU-046,2025-10-05,6,4,18.75,5747.04,Paulista,PE,Nordeste
5223,21,SKU-132,2025-12-08,8,4,11.06,1723.2,Novo Hamburgo,RS,Sul
5224,263,SKU-089,2026-04-10,3,1,11.31,1715.34,Campinas,SP,Sudeste
5225,31,SKU-019,2025-09-09,6,2,24.32,1194.58,Maues,AM,Norte
5226,937,SKU-165,2025-09-26,4,2,7.21,3309.52,Colombo,PR,Sul
5227,1028,SKU-086,2025-10-23,10,3,27.64,8701.65,Sobral,CE,Nordeste
5228,399,SKU-183,2025-08-25,12,4,31.57,11142.68,Bento Goncalves,RS,Sul
5229,31,SKU-039,2026-01-16,6,3,11.45,4385.91,Samambaia,DF,Centro-Oeste
5230,725,SKU-239,2025-12-14,8,2,33.93,451.94,Feira de Santana,BA,Nordeste
5231,67,SKU-074,2026-01-24,9,4,33.37,6261.92,Sao Bernardo do Campo,SP,Sudeste
5232,797,SKU-164,2025-06-05,13,3,19.11,1815.54,Teixeira de Freitas,BA,Nordeste
5233,167,SKU-229,2025-04-18,13,1,21.37,1520.2,Rio de Janeiro,RJ,Sudeste
5234,78,SKU-006,2025-06-16,10,2,31.7,2089.4,Contagem,MG,Sudeste
5235,185,SKU-094,2025-04-20,9,2,7.9,4139.14,Serra Talhada,PE,Nordeste
5236,86,SKU-049,2025-06-06,3,3,32.34,304.8,Duque de Caxias,RJ,Sudeste
5237,1317,SKU-105,2025-08-25,5,2,17.37,656.18,Uberlandia,MG,Sudeste
5238,116,SKU-052,2026-05-02,6,1,15.08,1692.21,Ribeirao Preto,SP,Sudeste
5239,30,SKU-159,2026-02-07,9,4,21.31,9378.16,Quixada,CE,Nordeste
5240,389,SKU-009,2025-03-22,4,1,24.17,1645.67,Ceilandia,DF,Centro-Oeste
5241,57,SKU-138,2025-11-02,4,2,10.87,2831.72,Governador Valadares,MG,Sudeste
5242,184,SKU-204,2025-10-03,4,4,23.32,3921.0,Sao Jose dos Campos,SP,Sudeste
5243,783,SKU-211,2025-07-12,2,1,6.05,964.92,Teixeira de Freitas,BA,Nordeste
5244,497,SKU-064,2025-06-30,5,2,26.1,4375.38,Volta Redonda,RJ,Sudeste
5245,187,SKU-036,2026-04-10,1,4,18.11,1517.92,Governador Valadares,MG,Sudeste
5246,1167,SKU-225,2025-08-09,4,3,17.89,7682.79,Piracicaba,SP,Sudeste
5247,2,SKU-157,2026-03-20,8,1,22.99,1876.66,Salvador,BA,Nordeste
5248,739,SKU-112,2026-05-23,4,4,22.09,3376.8,Recanto das Emas,DF,Centro-Oeste
5249,682,SKU-244,2025-04-21,9,1,31.61,512.01,Planaltina,DF,Centro-Oeste
5250,1414,SKU-234,2026-04-17,11,3,16.66,274.35,Contagem,MG,Sudeste
5251,15,SKU-179,2025-01-09,6,1,9.26,750.21,Volta Redonda,RJ,Sudeste
5252,25,SKU-218,2025-12-01,6,4,32.18,1875.92,Maracanau,CE,Nordeste
5253,72,SKU-043,2026-04-30,7,1,8.92,422.04,Recanto das Emas,DF,Centro-Oeste
5254,264,SKU-112,2026-05-29,14,4,29.28,3376.8,Tabatinga,AM,Norte
5255,451,SKU-191,2025-10-03,15,2,7.09,653.82,Olinda,PE,Nordeste
5256,11,SKU-183,2026-02-19,12,3,30.9,8357.01,Duque de Caxias,RJ,Sudeste
5257,582,SKU-216,2026-04-18,11,2,28.61,2202.72,Paulista,PE,Nordeste
5258,947,SKU-192,2025-07-25,8,1,5.55,30.63,Teixeira de Freitas,BA,Nordeste
5259,11,SKU-012,2025-07-29,6,1,34.95,2514.31,Ipatinga,MG,Sudeste
5260,507,SKU-011,2025-12-05,6,4,23.29,8551.88,Samambaia,DF,Centro-Oeste
5261,1136,SKU-077,2025-07-28,5,3,32.05,7447.29,Caxias do Sul,RS,Sul
5262,497,SKU-197,2025-12-08,12,2,27.25,1745.16,Montes Claros,MG,Sudeste
5263,1142,SKU-239,2026-03-20,15,1,17.73,225.97,Piracicaba,SP,Sudeste
5264,408,SKU-142,2025-02-15,10,3,6.43,2749.11,Recanto das Emas,DF,Centro-Oeste
5265,26,SKU-032,2025-11-06,9,1,13.75,1852.74,Salvador,BA,Nordeste
5266,195,SKU-171,2025-03-23,12,2,25.24,4009.76,Sobral,CE,Nordeste
5267,47,SKU-154,2026-02-16,15,2,28.51,5953.08,Londrina,PR,Sul
5268,59,SKU-206,2026-02-26,12,3,18.57,1959.06,Ilheus,BA,Nordeste
5269,82,SKU-148,2025-07-02,1,3,15.22,4234.98,Aguas Claras,DF,Centro-Oeste
5270,1084,SKU-033,2025-09-17,5,1,21.11,2592.27,Angra dos Reis,RJ,Sudeste
5271,764,SKU-071,2025-05-22,9,3,25.18,4859.43,Aguas Claras,DF,Centro-Oeste
5272,649,SKU-193,2025-07-10,14,4,28.8,9911.4,Gravata,PE,Nordeste
5273,56,SKU-146,2025-04-11,7,1,9.96,2387.47,Guarapuava,PR,Sul
5274,29,SKU-067,2025-06-13,3,1,23.16,2326.1,Fortaleza,CE,Nordeste
5275,1,SKU-196,2026-04-25,14,1,23.22,2334.94,Gravatai,RS,Sul
5276,1258,SKU-213,2025-11-22,4,1,7.24,1476.08,Itabuna,BA,Nordeste
5277,27,SKU-015,2025-05-19,10,3,31.86,5827.17,Passo Fundo,RS,Sul
5278,351,SKU-137,2026-02-03,13,1,14.25,2270.15,Passo Fundo,RS,Sul
5279,358,SKU-089,2026-04-17,2,2,28.06,3430.68,Passo Fundo,RS,Sul
5280,378,SKU-010,2025-04-28,1,3,11.91,8416.44,Porto Alegre,RS,Sul
5281,69,SKU-223,2025-07-10,5,3,33.53,7481.31,Aguas Claras,DF,Centro-Oeste
5282,311,SKU-065,2025-03-10,15,2,32.72,5450.6,Caxias do Sul,RS,Sul
5283,21,SKU-024,2026-03-01,3,2,23.31,3711.94,Coari,AM,Norte
5284,37,SKU-168,2026-03-19,1,2,7.61,2991.28,Ponta Grossa,PR,Sul
5285,541,SKU-214,2025-01-31,2,2,24.26,1485.74,Sao Jose dos Pinhais,PR,Sul
5286,102,SKU-092,2026-01-26,8,3,10.88,7229.58,Garanhuns,PE,Nordeste
5287,17,SKU-103,2025-11-10,2,4,31.45,1395.76,Gravatai,RS,Sul
5288,848,SKU-078,2025-11-29,3,2,10.51,3610.7,Contagem,MG,Sudeste
5289,1171,SKU-176,2025-08-10,14,3,20.35,7070.79,Vitoria da Conquista,BA,Nordeste
5290,782,SKU-115,2025-08-05,8,3,22.88,5183.46,Paulista,PE,Nordeste
5291,326,SKU-141,2025-09-03,8,2,15.4,4840.74,Teresopolis,RJ,Sudeste
5292,1,SKU-175,2026-02-01,2,3,5.2,7780.44,Petrolina,PE,Nordeste
5293,38,SKU-238,2025-03-20,5,3,13.43,8846.88,Betim,MG,Sudeste
5294,1442,SKU-129,2025-07-29,1,1,31.51,561.4,Crato,CE,Nordeste
5295,23,SKU-051,2025-05-26,10,4,24.03,913.8,Santa Maria,RS,Sul
5296,26,SKU-027,2025-01-17,4,3,8.76,6225.36,Aguas Claras,DF,Centro-Oeste
5297,1020,SKU-106,2025-11-01,3,2,18.93,953.3,Uberlandia,MG,Sudeste
5298,1250,SKU-104,2025-09-25,8,3,33.23,7760.58,Novo Hamburgo,RS,Sul
5299,276,SKU-166,2026-05-08,8,4,19.36,11893.4,Guarapuava,PR,Sul
5300,608,SKU-238,2025-07-10,1,4,22.88,11795.84,Caruaru,PE,Nordeste
5301,1200,SKU-023,2025-08-27,13,2,11.62,2287.0,Itapipoca,CE,Nordeste
5302,486,SKU-206,2025-05-19,11,1,29.9,653.02,Santos,SP,Sudeste
5303,1357,SKU-171,2026-05-11,5,1,23.09,2004.88,Jaboatao dos Guararapes,PE,Nordeste
5304,1108,SKU-073,2025-04-07,7,3,8.59,3093.33,Crato,CE,Nordeste
5305,1359,SKU-250,2026-03-02,10,1,28.89,2319.39,Coari,AM,Norte
5306,1353,SKU-250,2025-06-03,15,4,5.88,9277.56,Gravata,PE,Nordeste
5307,60,SKU-041,2026-05-29,5,4,21.99,8234.44,Jaboatao dos Guararapes,PE,Nordeste
5308,920,SKU-193,2025-01-12,3,4,16.48,9911.4,Lauro de Freitas,BA,Nordeste
5309,591,SKU-049,2025-06-11,10,3,33.6,304.8,Caninde,CE,Nordeste
5310,6,SKU-141,2026-06-01,10,3,28.91,7261.11,Sao Bernardo do Campo,SP,Sudeste
5311,2,SKU-015,2025-08-16,2,3,27.08,5827.17,Caucaia,CE,Nordeste
5312,60,SKU-036,2026-04-26,14,2,5.74,758.96,Contagem,MG,Sudeste
5313,433,SKU-209,2026-01-07,10,3,26.07,5955.72,Petropolis,RJ,Sudeste
5314,602,SKU-244,2025-02-06,13,4,9.57,2048.04,Porto Alegre,RS,Sul
5315,72,SKU-096,2025-06-03,11,2,11.73,2613.02,Presidente Figueiredo,AM,Norte
5316,207,SKU-028,2025-05-03,8,2,23.79,2317.0,Recanto das Emas,DF,Centro-Oeste
5317,884,SKU-121,2025-09-07,8,4,23.05,1061.56,Caninde,CE,Nordeste
5318,242,SKU-113,2025-06-10,3,2,16.75,3626.58,Coari,AM,Norte
5319,32,SKU-198,2026-01-28,11,4,14.87,5735.2,Cascavel,PR,Sul
5320,113,SKU-131,2026-01-21,15,3,18.79,7336.56,Porto Alegre,RS,Sul
5321,257,SKU-210,2025-01-24,11,4,20.84,1698.88,Colombo,PR,Sul
5322,146,SKU-145,2025-05-07,9,4,9.24,10398.56,Uberaba,MG,Sudeste
5323,14,SKU-054,2025-01-11,10,1,20.53,2370.62,Canoas,RS,Sul
5324,28,SKU-075,2025-03-28,10,1,27.64,2628.01,Angra dos Reis,RJ,Sudeste
5325,266,SKU-229,2025-07-19,13,1,23.77,1520.2,Guarulhos,SP,Sudeste
5326,1362,SKU-147,2025-12-14,14,1,31.04,2713.88,Ponta Grossa,PR,Sul
5327,1151,SKU-113,2025-04-10,12,2,22.11,3626.58,Santos,SP,Sudeste
5328,420,SKU-250,2025-09-28,11,1,28.89,2319.39,Jaboatao dos Guararapes,PE,Nordeste
5329,228,SKU-055,2026-02-23,12,2,13.19,3211.28,Osasco,SP,Sudeste
5330,430,SKU-085,2025-04-28,2,4,11.98,4175.84,Bento Goncalves,RS,Sul
5331,67,SKU-004,2025-11-24,1,4,26.36,11105.68,Londrina,PR,Sul
5332,99,SKU-106,2025-06-12,5,2,17.43,953.3,Lauro de Freitas,BA,Nordeste
5333,29,SKU-084,2025-05-12,9,3,32.93,4405.5,Manacapuru,AM,Norte
5334,197,SKU-206,2026-03-18,13,2,14.44,1306.04,Parintins,AM,Norte
5335,27,SKU-073,2025-10-12,13,4,17.32,4124.44,Coari,AM,Norte
5336,358,SKU-211,2025-07-14,13,2,25.54,1929.84,Brasilia,DF,Centro-Oeste
5337,1225,SKU-199,2025-03-02,9,2,29.96,3941.72,Volta Redonda,RJ,Sudeste
5338,905,SKU-237,2025-12-16,9,1,30.17,2993.72,Tabatinga,AM,Norte
5339,15,SKU-031,2025-02-24,4,1,13.56,988.93,Santos,SP,Sudeste
5340,890,SKU-095,2025-09-13,9,3,24.02,1082.85,Aguas Claras,DF,Centro-Oeste
5341,48,SKU-152,2025-01-16,2,1,28.54,1552.31,Osasco,SP,Sudeste
5342,1089,SKU-178,2025-09-06,8,3,17.86,6705.87,Campos dos Goytacazes,RJ,Sudeste
5343,1010,SKU-102,2025-02-20,10,2,18.59,3681.06,Gravata,PE,Nordeste
5344,57,SKU-136,2025-10-09,9,4,20.38,126.8,Caucaia,CE,Nordeste
5345,13,SKU-158,2025-07-23,6,2,14.22,4565.44,Fortaleza,CE,Nordeste
5346,1427,SKU-004,2025-09-19,1,4,11.98,11105.68,Osasco,SP,Sudeste
5347,60,SKU-133,2025-06-18,14,1,11.47,2589.21,Duque de Caxias,RJ,Sudeste
5348,406,SKU-080,2025-04-05,13,3,27.14,4926.12,Ribeirao Preto,SP,Sudeste
5349,143,SKU-098,2026-04-21,7,3,9.4,2049.06,Lauro de Freitas,BA,Nordeste
5350,83,SKU-149,2025-01-17,7,1,32.89,2880.07,Guara,DF,Centro-Oeste
5351,429,SKU-187,2025-08-20,5,2,13.3,2605.54,Sao Paulo,SP,Sudeste
5352,22,SKU-094,2025-04-02,1,1,10.94,2069.57,Sao Jose dos Campos,SP,Sudeste
5353,309,SKU-100,2026-02-04,7,1,19.3,2229.15,Jaboatao dos Guararapes,PE,Nordeste
5354,717,SKU-103,2025-10-02,13,4,14.32,1395.76,Itacoatiara,AM,Norte
5355,630,SKU-008,2026-05-16,9,2,20.93,4177.7,Parintins,AM,Norte
5356,22,SKU-100,2026-02-07,15,2,11.79,4458.3,Cascavel,PR,Sul
5357,109,SKU-084,2026-01-14,13,4,9.27,5874.0,Paranagua,PR,Sul
5358,333,SKU-022,2025-08-16,1,4,30.6,4907.64,Olinda,PE,Nordeste
5359,762,SKU-150,2025-03-18,11,4,5.23,4563.56,Sao Jose dos Pinhais,PR,Sul
5360,1278,SKU-244,2025-04-23,2,4,27.07,2048.04,Contagem,MG,Sudeste
5361,1205,SKU-008,2025-03-06,14,4,6.68,8355.4,Garanhuns,PE,Nordeste
5362,431,SKU-097,2025-09-06,13,4,9.03,4320.2,Tabatinga,AM,Norte
5363,476,SKU-056,2025-12-21,8,3,26.8,8293.71,Ribeirao Preto,SP,Sudeste
5364,5,SKU-222,2026-01-10,6,4,7.65,3499.68,Governador Valadares,MG,Sudeste
5365,240,SKU-089,2026-01-29,7,3,8.03,5146.02,Paulista,PE,Nordeste
5366,242,SKU-118,2025-04-08,14,3,18.75,1498.65,Niteroi,RJ,Sudeste
5367,28,SKU-010,2026-05-22,11,1,8.14,2805.48,Sorocaba,SP,Sudeste
5368,430,SKU-146,2025-07-16,13,3,22.09,7162.41,Itapipoca,CE,Nordeste
5369,61,SKU-243,2026-02-24,6,2,15.85,5672.94,Vitoria da Conquista,BA,Nordeste
5370,332,SKU-021,2025-12-24,6,1,26.34,1374.22,Canoas,RS,Sul
5371,1147,SKU-156,2025-09-22,9,1,30.21,1361.63,Jaboatao dos Guararapes,PE,Nordeste
5372,293,SKU-195,2025-07-15,3,1,29.57,222.88,Santa Maria,RS,Sul
5373,47,SKU-155,2026-05-23,2,3,11.51,309.93,Rio de Janeiro,RJ,Sudeste
5374,772,SKU-057,2025-08-11,1,1,21.95,2002.19,Curitiba,PR,Sul
5375,103,SKU-239,2026-03-07,2,3,21.62,677.91,Brasilia,DF,Centro-Oeste
5376,1199,SKU-011,2025-12-14,14,4,14.98,8551.88,Santos,SP,Sudeste
5377,199,SKU-141,2026-05-16,10,1,25.18,2420.37,Brasilia,DF,Centro-Oeste
5378,171,SKU-015,2025-05-27,5,4,27.06,7769.56,Brasilia,DF,Centro-Oeste
5379,243,SKU-102,2025-03-11,7,1,20.49,1840.53,Bento Goncalves,RS,Sul
5380,1170,SKU-136,2025-07-12,2,4,8.99,126.8,Aguas Claras,DF,Centro-Oeste
5381,270,SKU-050,2026-02-03,8,4,25.15,7959.16,Caucaia,CE,Nordeste
5382,1267,SKU-118,2025-11-22,15,2,22.93,999.1,Planaltina,DF,Centro-Oeste
5383,693,SKU-047,2026-01-29,11,1,15.73,223.57,Colombo,PR,Sul
5384,579,SKU-237,2025-04-01,6,3,7.89,8981.16,Betim,MG,Sudeste
5385,1048,SKU-204,2026-04-01,13,4,6.06,3921.0,Osasco,SP,Sudeste
5386,1426,SKU-087,2025-12-13,5,1,14.66,591.12,Betim,MG,Sudeste
5387,1073,SKU-137,2025-03-24,14,4,18.26,9080.6,Gama,DF,Centro-Oeste
5388,3,SKU-058,2025-04-26,15,2,20.77,2363.88,Guarulhos,SP,Sudeste
5389,128,SKU-184,2025-03-24,4,3,31.27,7658.61,Campinas,SP,Sudeste
5390,126,SKU-160,2025-11-14,11,2,21.56,5601.7,Pocos de Caldas,MG,Sudeste
5391,887,SKU-020,2025-11-15,8,1,13.79,581.57,Betim,MG,Sudeste
5392,440,SKU-176,2025-07-20,7,3,30.22,7070.79,Contagem,MG,Sudeste
5393,673,SKU-124,2025-08-21,4,2,6.42,608.08,Brasilia,DF,Centro-Oeste
5394,153,SKU-199,2025-10-31,13,3,16.9,5912.58,Coari,AM,Norte
5395,1228,SKU-247,2025-07-02,6,1,34.3,1551.89,Piracicaba,SP,Sudeste
5396,143,SKU-154,2026-02-01,1,4,8.05,11906.16,Maracanau,CE,Nordeste
5397,927,SKU-121,2025-01-04,11,1,25.85,265.39,Recanto das Emas,DF,Centro-Oeste
5398,1295,SKU-163,2026-05-28,8,3,16.9,2788.92,Jaboatao dos Guararapes,PE,Nordeste
5399,2,SKU-148,2026-01-17,12,1,7.78,1411.66,Sao Jose dos Campos,SP,Sudeste
5400,1066,SKU-104,2025-06-16,2,3,19.47,7760.58,Olinda,PE,Nordeste
5401,8,SKU-186,2025-02-04,13,2,20.8,547.64,Teixeira de Freitas,BA,Nordeste
5402,1262,SKU-152,2025-12-18,5,3,5.7,4656.93,Ribeirao Preto,SP,Sudeste
5403,124,SKU-089,2026-03-13,12,4,25.4,6861.36,Sorocaba,SP,Sudeste
5404,316,SKU-041,2026-05-24,3,3,18.01,6175.83,Belo Horizonte,MG,Sudeste
5405,25,SKU-082,2025-07-03,4,2,21.93,1527.34,Sorocaba,SP,Sudeste
5406,331,SKU-031,2025-08-21,3,4,26.27,3955.72,Guarulhos,SP,Sudeste
5407,1,SKU-214,2025-08-10,10,2,31.73,1485.74,Colombo,PR,Sul
5408,65,SKU-199,2025-05-25,7,2,24.44,3941.72,Crato,CE,Nordeste
5409,377,SKU-157,2025-10-05,4,4,16.64,7506.64,Tabatinga,AM,Norte
5410,1044,SKU-071,2025-04-30,11,3,20.16,4859.43,Governador Valadares,MG,Sudeste
5411,1434,SKU-155,2026-06-05,8,1,31.63,103.31,Crato,CE,Nordeste
5412,1138,SKU-240,2025-10-20,11,4,28.8,1466.84,Tabatinga,AM,Norte
5413,854,SKU-141,2026-01-16,13,4,29.65,9681.48,Feira de Santana,BA,Nordeste
5414,738,SKU-046,2025-10-11,7,2,18.45,2873.52,Santa Maria,RS,Sul
5415,449,SKU-033,2026-01-07,11,1,16.96,2592.27,Juiz de Fora,MG,Sudeste
5416,422,SKU-250,2025-08-01,8,3,8.24,6958.17,Maues,AM,Norte
5417,436,SKU-062,2025-09-23,11,1,13.21,2489.09,Maues,AM,Norte
5418,368,SKU-077,2026-04-01,11,4,28.33,9929.72,Guara,DF,Centro-Oeste
5419,792,SKU-245,2025-01-19,14,2,7.02,5947.22,Maues,AM,Norte
5420,914,SKU-245,2025-07-03,1,4,19.59,11894.44,Aguas Claras,DF,Centro-Oeste
5421,1155,SKU-171,2026-06-02,1,4,18.14,8019.52,Maringa,PR,Sul
5422,177,SKU-180,2025-02-01,3,3,19.12,2887.35,Guarapuava,PR,Sul
5423,39,SKU-018,2026-02-19,2,2,12.86,4549.46,Paulista,PE,Nordeste
5424,438,SKU-104,2025-11-22,2,1,15.38,2586.86,Petropolis,RJ,Sudeste
5425,141,SKU-019,2025-08-28,10,2,23.86,1194.58,Maues,AM,Norte
5426,6,SKU-192,2026-03-17,7,4,14.45,122.52,Duque de Caxias,RJ,Sudeste
5427,1062,SKU-207,2025-02-24,4,1,19.82,1190.66,Lauro de Freitas,BA,Nordeste
5428,579,SKU-119,2025-02-07,12,1,34.87,137.79,Juazeiro,BA,Nordeste
5429,1135,SKU-048,2026-02-01,7,3,7.34,3665.82,Betim,MG,Sudeste
5430,1376,SKU-096,2025-12-09,12,2,25.65,2613.02,Gama,DF,Centro-Oeste
5431,369,SKU-116,2025-07-20,3,3,8.44,6542.43,Manacapuru,AM,Norte
5432,1,SKU-209,2025-07-04,2,2,28.94,3970.48,Caucaia,CE,Nordeste
5433,79,SKU-021,2026-05-28,10,1,6.8,1374.22,Duque de Caxias,RJ,Sudeste
5434,418,SKU-009,2025-09-18,6,4,34.21,6582.68,Juazeiro,BA,Nordeste
5435,313,SKU-125,2025-09-10,9,3,25.6,4972.14,Pelotas,RS,Sul
5436,58,SKU-227,2025-03-11,13,2,8.82,2728.54,Cabo Frio,RJ,Sudeste
5437,1025,SKU-062,2026-03-02,9,4,22.4,9956.36,Sao Jose dos Pinhais,PR,Sul
5438,104,SKU-151,2025-01-11,4,3,16.7,7860.54,Maues,AM,Norte
5439,36,SKU-201,2026-04-10,3,3,20.31,4200.06,Porto Seguro,BA,Nordeste
5440,352,SKU-231,2025-07-14,15,4,6.6,7976.12,Betim,MG,Sudeste
5441,146,SKU-218,2025-10-11,10,3,21.92,1406.94,Brasilia,DF,Centro-Oeste
5442,9,SKU-103,2025-01-29,14,3,19.02,1046.82,Porto Alegre,RS,Sul
5443,274,SKU-237,2026-03-12,15,3,17.16,8981.16,Camacari,BA,Nordeste
5444,439,SKU-145,2026-05-27,7,2,34.58,5199.28,Cascavel,PR,Sul
5445,1242,SKU-249,2025-09-06,13,1,9.27,703.45,Coari,AM,Norte
5446,37,SKU-238,2025-02-13,11,2,18.76,5897.92,Samambaia,DF,Centro-Oeste
5447,497,SKU-012,2025-04-05,13,1,9.3,2514.31,Santos,SP,Sudeste
5448,13,SKU-168,2025-04-09,2,2,24.36,2991.28,Tabatinga,AM,Norte
5449,76,SKU-131,2025-10-13,11,1,14.74,2445.52,Campos dos Goytacazes,RJ,Sudeste
5450,178,SKU-059,2026-05-16,8,1,5.04,2011.23,Maues,AM,Norte
5451,354,SKU-020,2025-02-25,1,1,11.17,581.57,Governador Valadares,MG,Sudeste
5452,354,SKU-074,2026-04-21,5,3,12.2,4696.44,Igarassu,PE,Nordeste
5453,1170,SKU-080,2026-03-09,13,3,34.9,4926.12,Caxias do Sul,RS,Sul
5454,9,SKU-207,2025-08-02,15,2,11.55,2381.32,Bento Goncalves,RS,Sul
5455,674,SKU-091,2025-09-21,4,2,18.4,1920.06,Igarassu,PE,Nordeste
5456,8,SKU-092,2025-12-18,13,2,7.31,4819.72,Petrolina,PE,Nordeste
5457,188,SKU-246,2026-03-06,15,2,9.16,5129.82,Caxias do Sul,RS,Sul
5458,35,SKU-171,2025-03-23,9,2,15.67,4009.76,Camacari,BA,Nordeste
5459,578,SKU-051,2025-06-22,5,2,5.63,456.9,Parintins,AM,Norte
5460,25,SKU-237,2025-12-04,15,4,5.62,11974.88,Igarassu,PE,Nordeste
5461,9,SKU-128,2025-07-10,12,3,12.61,1196.07,Ilheus,BA,Nordeste
5462,1031,SKU-121,2025-11-30,6,4,7.08,1061.56,Caxias do Sul,RS,Sul
5463,989,SKU-178,2026-03-02,5,4,11.33,8941.16,Santos,SP,Sudeste
5464,45,SKU-206,2025-10-30,10,3,23.04,1959.06,Caruaru,PE,Nordeste
5465,1345,SKU-248,2026-03-14,13,3,16.14,5623.77,Caxias do Sul,RS,Sul
5466,1,SKU-147,2025-01-15,9,2,30.71,5427.76,Tabatinga,AM,Norte
5467,772,SKU-035,2026-01-23,1,2,25.44,5554.38,Crato,CE,Nordeste
5468,1063,SKU-126,2025-03-14,12,2,16.67,162.06,Uberlandia,MG,Sudeste
5469,1,SKU-061,2026-03-26,1,2,32.88,3784.02,Autazes,AM,Norte
5470,373,SKU-112,2026-03-01,7,3,22.07,2532.6,Fortaleza,CE,Nordeste
5471,644,SKU-212,2025-11-17,14,1,26.84,2611.45,Teresopolis,RJ,Sudeste
5472,260,SKU-162,2025-10-01,7,2,27.35,3724.24,Gravatai,RS,Sul
5473,38,SKU-149,2025-12-08,15,1,10.16,2880.07,Niteroi,RJ,Sudeste
5474,1312,SKU-131,2026-04-28,9,1,25.59,2445.52,Sao Paulo,SP,Sudeste
5475,1147,SKU-046,2025-05-11,1,1,15.77,1436.76,Juiz de Fora,MG,Sudeste
5476,455,SKU-061,2026-01-03,10,4,34.58,7568.04,Osasco,SP,Sudeste
5477,433,SKU-075,2026-03-11,14,4,7.13,10512.04,Caucaia,CE,Nordeste
5478,1089,SKU-222,2025-04-05,5,3,19.1,2624.76,Itacoatiara,AM,Norte
5479,990,SKU-212,2025-12-27,10,1,28.07,2611.45,Maracanau,CE,Nordeste
5480,6,SKU-101,2026-03-05,9,3,6.75,942.54,Gravata,PE,Nordeste
5481,608,SKU-129,2026-01-09,8,4,26.51,2245.6,Santos,SP,Sudeste
5482,1352,SKU-051,2025-05-05,3,4,5.6,913.8,Salvador,BA,Nordeste
5483,724,SKU-231,2025-12-15,12,1,16.82,1994.03,Pelotas,RS,Sul
5484,336,SKU-214,2025-03-04,11,3,9.63,2228.61,Londrina,PR,Sul
5485,1415,SKU-110,2025-09-21,9,3,17.94,1377.63,Guarapuava,PR,Sul
5486,273,SKU-120,2026-02-11,3,3,17.35,6390.3,Duque de Caxias,RJ,Sudeste
5487,777,SKU-079,2025-01-09,4,1,5.15,2316.63,Campinas,SP,Sudeste
5488,877,SKU-247,2026-03-31,8,3,10.74,4655.67,Coari,AM,Norte
5489,814,SKU-005,2026-05-02,3,2,20.23,2100.12,Contagem,MG,Sudeste
5490,40,SKU-217,2025-08-17,14,2,19.43,76.26,Juiz de Fora,MG,Sudeste
5491,1490,SKU-185,2025-08-29,5,3,14.89,1508.4,Volta Redonda,RJ,Sudeste
5492,27,SKU-127,2026-02-19,2,3,18.85,6975.96,Garanhuns,PE,Nordeste
5493,5,SKU-167,2025-02-21,2,1,5.57,1463.51,Lauro de Freitas,BA,Nordeste
5494,1097,SKU-032,2026-01-26,10,2,24.32,3705.48,Paranagua,PR,Sul
5495,859,SKU-160,2025-08-09,2,2,33.71,5601.7,Presidente Figueiredo,AM,Norte
5496,134,SKU-033,2026-02-09,6,4,33.91,10369.08,Caxias do Sul,RS,Sul
5497,1414,SKU-089,2025-12-26,6,1,24.45,1715.34,Maues,AM,Norte
5498,387,SKU-087,2026-04-17,9,3,7.96,1773.36,Caxias do Sul,RS,Sul
5499,1299,SKU-058,2025-05-20,5,2,19.74,2363.88,Coari,AM,Norte
5500,110,SKU-138,2025-11-24,2,1,8.16,1415.86,Bento Goncalves,RS,Sul
5501,100,SKU-094,2025-11-02,10,1,21.47,2069.57,Maringa,PR,Sul
5502,87,SKU-244,2026-02-17,2,3,34.72,1536.03,Fortaleza,CE,Nordeste
5503,346,SKU-208,2026-04-05,2,2,11.86,5127.22,Fortaleza,CE,Nordeste
5504,6,SKU-093,2025-07-17,8,4,6.33,1396.64,Sao Jose dos Pinhais,PR,Sul
5505,15,SKU-122,2025-08-27,15,1,23.81,450.65,Itacoatiara,AM,Norte
5506,240,SKU-166,2026-05-08,12,4,14.41,11893.4,Recanto das Emas,DF,Centro-Oeste
5507,579,SKU-001,2026-03-21,10,1,14.02,1223.28,Tefe,AM,Norte
5508,1019,SKU-003,2026-01-04,14,4,17.09,11541.28,Niteroi,RJ,Sudeste
5509,826,SKU-143,2025-07-11,6,2,30.91,1839.14,Guarulhos,SP,Sudeste
5510,393,SKU-078,2025-08-13,10,3,21.86,5416.05,Porto Alegre,RS,Sul
5511,379,SKU-058,2025-07-22,14,4,10.95,4727.76,Sao Jose dos Pinhais,PR,Sul
5512,1448,SKU-035,2026-05-29,11,4,34.65,11108.76,Cabo Frio,RJ,Sudeste
5513,259,SKU-169,2026-05-02,4,3,24.4,6575.79,Tefe,AM,Norte
5514,105,SKU-082,2025-10-09,1,4,33.09,3054.68,Juiz de Fora,MG,Sudeste
5515,274,SKU-212,2025-06-06,1,3,28.21,7834.35,Manacapuru,AM,Norte
5516,1,SKU-205,2025-12-25,6,1,24.92,394.18,Maues,AM,Norte
5517,261,SKU-245,2025-09-09,12,3,27.33,8920.83,Ceilandia,DF,Centro-Oeste
5518,1108,SKU-011,2026-06-04,15,3,30.28,6413.91,Colombo,PR,Sul
5519,462,SKU-236,2025-03-29,14,2,18.22,1272.32,Ipatinga,MG,Sudeste
5520,1331,SKU-233,2026-03-30,14,2,13.66,4129.4,Itapipoca,CE,Nordeste
5521,718,SKU-208,2025-07-12,9,2,33.19,5127.22,Parintins,AM,Norte
5522,17,SKU-170,2026-05-01,11,1,31.96,1688.95,Quixada,CE,Nordeste
5523,18,SKU-002,2025-08-20,14,3,6.3,7344.78,Guarulhos,SP,Sudeste
5524,82,SKU-017,2026-05-26,8,3,14.58,1376.22,Londrina,PR,Sul
5525,603,SKU-017,2026-05-30,13,3,24.17,1376.22,Sao Paulo,SP,Sudeste
5526,10,SKU-193,2025-01-16,12,1,11.83,2477.85,Santos,SP,Sudeste
5527,27,SKU-212,2025-01-19,12,3,32.47,7834.35,Niteroi,RJ,Sudeste
5528,1020,SKU-064,2025-06-15,10,1,15.66,2187.69,Parintins,AM,Norte
5529,41,SKU-197,2026-05-19,12,2,13.0,1745.16,Passo Fundo,RS,Sul
5530,279,SKU-074,2025-11-27,9,4,7.26,6261.92,Guarapuava,PR,Sul
5531,507,SKU-026,2026-01-18,10,2,11.19,4799.12,Paulista,PE,Nordeste
5532,877,SKU-080,2026-05-15,5,1,32.91,1642.04,Ceilandia,DF,Centro-Oeste
5533,413,SKU-190,2025-05-02,14,2,25.92,3457.66,Brasilia,DF,Centro-Oeste
5534,406,SKU-058,2025-08-17,7,2,30.28,2363.88,Paulista,PE,Nordeste
5535,29,SKU-121,2026-01-23,11,1,9.07,265.39,Garanhuns,PE,Nordeste
5536,585,SKU-031,2026-01-30,11,2,26.86,1977.86,Quixada,CE,Nordeste
5537,3,SKU-215,2026-05-30,8,4,25.88,8682.92,Paulista,PE,Nordeste
5538,1275,SKU-203,2025-10-31,8,4,16.13,1894.0,Guara,DF,Centro-Oeste
5539,673,SKU-082,2026-04-21,1,4,18.01,3054.68,Bento Goncalves,RS,Sul
5540,5,SKU-119,2025-11-22,3,1,26.97,137.79,Gravata,PE,Nordeste
5541,65,SKU-188,2025-09-12,4,4,12.05,144.8,Erechim,RS,Sul
5542,128,SKU-198,2025-10-17,8,1,32.8,1433.8,Governador Valadares,MG,Sudeste
5543,489,SKU-104,2025-12-12,15,4,6.57,10347.44,Bento Goncalves,RS,Sul
5544,1328,SKU-067,2026-02-17,2,1,27.32,2326.1,Vitoria da Conquista,BA,Nordeste
5545,1422,SKU-225,2025-08-04,11,2,7.0,5121.86,Porto Alegre,RS,Sul
5546,178,SKU-205,2026-03-26,15,2,28.97,788.36,Autazes,AM,Norte
5547,2,SKU-043,2025-06-10,10,3,15.01,1266.12,Iguatu,CE,Nordeste
5548,869,SKU-015,2026-06-09,10,2,19.95,3884.78,Guarulhos,SP,Sudeste
5549,815,SKU-186,2025-03-12,6,1,17.52,273.82,Caxias do Sul,RS,Sul
5550,835,SKU-058,2025-11-10,5,3,23.74,3545.82,Guara,DF,Centro-Oeste
5551,1202,SKU-117,2025-01-04,2,3,21.24,3192.72,Igarassu,PE,Nordeste
5552,25,SKU-113,2025-06-12,7,3,23.29,5439.87,Lauro de Freitas,BA,Nordeste
5553,97,SKU-052,2026-03-09,5,3,29.91,5076.63,Piracicaba,SP,Sudeste
5554,22,SKU-239,2025-05-25,1,4,33.92,903.88,Betim,MG,Sudeste
5555,398,SKU-098,2025-06-17,14,4,6.7,2732.08,Pelotas,RS,Sul
5556,21,SKU-224,2026-02-12,2,4,18.46,10037.44,Teresopolis,RJ,Sudeste
5557,406,SKU-031,2026-04-21,10,1,5.22,988.93,Lauro de Freitas,BA,Nordeste
5558,974,SKU-041,2025-02-16,9,4,29.3,8234.44,Presidente Figueiredo,AM,Norte
5559,1312,SKU-006,2025-06-03,10,2,7.36,2089.4,Cabo Frio,RJ,Sudeste
5560,643,SKU-009,2025-11-17,2,1,10.72,1645.67,Guarapuava,PR,Sul
5561,1137,SKU-163,2025-04-03,15,4,12.14,3718.56,Angra dos Reis,RJ,Sudeste
5562,761,SKU-234,2025-04-01,5,3,17.23,274.35,Juazeiro,BA,Nordeste
5563,174,SKU-207,2025-07-07,10,2,30.78,2381.32,Juazeiro,BA,Nordeste
5564,13,SKU-204,2025-11-05,4,1,15.47,980.25,Garanhuns,PE,Nordeste
5565,3,SKU-051,2026-01-27,9,2,11.98,456.9,Petrolina,PE,Nordeste
5566,253,SKU-005,2025-02-25,6,4,33.12,4200.24,Ponta Grossa,PR,Sul
5567,57,SKU-206,2025-11-21,7,1,6.93,653.02,Ceilandia,DF,Centro-Oeste
5568,214,SKU-102,2025-09-23,10,4,5.59,7362.12,Garanhuns,PE,Nordeste
5569,288,SKU-207,2026-05-07,5,4,20.22,4762.64,Nova Iguacu,RJ,Sudeste
5570,10,SKU-204,2025-12-17,15,2,13.22,1960.5,Colombo,PR,Sul
5571,296,SKU-198,2025-03-08,1,3,11.48,4301.4,Piracicaba,SP,Sudeste
5572,683,SKU-051,2025-12-26,15,1,30.0,228.45,Curitiba,PR,Sul
5573,229,SKU-054,2025-06-07,2,3,24.11,7111.86,Paulista,PE,Nordeste
5574,922,SKU-053,2025-05-29,10,4,7.57,8990.12,Ribeirao Preto,SP,Sudeste
5575,658,SKU-027,2025-06-27,9,4,27.98,8300.48,Ponta Grossa,PR,Sul
5576,117,SKU-121,2025-01-27,6,1,22.28,265.39,Belo Horizonte,MG,Sudeste
5577,7,SKU-156,2025-04-08,11,4,30.76,5446.52,Erechim,RS,Sul
5578,821,SKU-039,2025-09-07,3,4,8.81,5847.88,Samambaia,DF,Centro-Oeste
5579,1145,SKU-110,2026-01-05,12,4,27.4,1836.84,Niteroi,RJ,Sudeste
5580,1124,SKU-156,2025-06-22,9,3,34.36,4084.89,Petropolis,RJ,Sudeste
5581,898,SKU-233,2025-08-05,14,1,31.51,2064.7,Olinda,PE,Nordeste
5582,96,SKU-137,2025-04-26,5,2,32.34,4540.3,Taguatinga,DF,Centro-Oeste
5583,212,SKU-107,2026-05-21,11,1,19.81,1637.56,Jaboatao dos Guararapes,PE,Nordeste
5584,779,SKU-112,2025-01-09,8,4,23.61,3376.8,Niteroi,RJ,Sudeste
5585,37,SKU-243,2025-06-02,2,2,11.85,5672.94,Lauro de Freitas,BA,Nordeste
5586,104,SKU-054,2026-01-06,6,2,7.47,4741.24,Itabuna,BA,Nordeste
5587,294,SKU-183,2026-04-17,13,2,26.55,5571.34,Salvador,BA,Nordeste
5588,123,SKU-238,2025-01-29,2,3,8.11,8846.88,Quixada,CE,Nordeste
5589,868,SKU-110,2025-06-19,5,2,7.33,918.42,Betim,MG,Sudeste
5590,237,SKU-042,2025-04-10,8,4,10.84,8445.28,Uberaba,MG,Sudeste
5591,1,SKU-134,2026-03-18,3,3,24.32,2279.97,Maracanau,CE,Nordeste
5592,1416,SKU-042,2025-08-11,14,2,33.74,4222.64,Maringa,PR,Sul
5593,295,SKU-116,2025-08-08,6,4,20.37,8723.24,Petropolis,RJ,Sudeste
5594,106,SKU-076,2025-12-17,5,2,33.02,5448.88,Caninde,CE,Nordeste
5595,355,SKU-157,2025-01-08,8,3,12.74,5629.98,Londrina,PR,Sul
5596,284,SKU-055,2025-10-07,10,3,7.34,4816.92,Teixeira de Freitas,BA,Nordeste
5597,147,SKU-188,2025-02-04,4,4,25.74,144.8,Montes Claros,MG,Sudeste
5598,55,SKU-064,2025-05-12,13,3,13.97,6563.07,Colombo,PR,Sul
5599,91,SKU-187,2026-01-19,6,1,22.3,1302.77,Gama,DF,Centro-Oeste
5600,1272,SKU-193,2026-04-06,3,4,14.54,9911.4,Paranagua,PR,Sul
5601,783,SKU-201,2025-05-04,7,3,25.06,4200.06,Sao Bernardo do Campo,SP,Sudeste
5602,56,SKU-203,2025-01-01,1,1,26.18,473.5,Juiz de Fora,MG,Sudeste
5603,148,SKU-169,2026-04-05,14,4,34.67,8767.72,Sao Jose dos Pinhais,PR,Sul
5604,134,SKU-238,2026-05-03,3,2,13.45,5897.92,Sao Jose dos Pinhais,PR,Sul
5605,291,SKU-090,2025-06-26,3,2,5.17,5891.28,Gravata,PE,Nordeste
5606,807,SKU-221,2025-02-18,14,2,5.64,3570.4,Caninde,CE,Nordeste
5607,1,SKU-129,2025-07-06,6,2,34.95,1122.8,Taguatinga,DF,Centro-Oeste
5608,56,SKU-030,2025-01-05,11,3,28.02,3474.48,Gravatai,RS,Sul
5609,112,SKU-145,2025-03-25,14,2,6.49,5199.28,Ipatinga,MG,Sudeste
5610,919,SKU-034,2025-01-12,13,2,14.45,3042.32,Sao Paulo,SP,Sudeste
5611,691,SKU-043,2025-06-23,14,4,22.93,1688.16,Montes Claros,MG,Sudeste
5612,337,SKU-250,2026-06-09,15,2,14.99,4638.78,Planaltina,DF,Centro-Oeste
5613,77,SKU-111,2025-02-04,1,2,10.35,4741.14,Betim,MG,Sudeste
5614,470,SKU-220,2026-04-25,8,4,24.26,9264.16,Sao Jose dos Campos,SP,Sudeste
5615,905,SKU-027,2026-05-18,9,1,28.61,2075.12,Sao Bernardo do Campo,SP,Sudeste
5616,174,SKU-076,2026-01-26,6,1,20.19,2724.44,Presidente Figueiredo,AM,Norte
5617,1022,SKU-042,2025-02-21,13,3,8.51,6333.96,Feira de Santana,BA,Nordeste
5618,61,SKU-166,2026-06-07,10,4,32.49,11893.4,Sao Paulo,SP,Sudeste
5619,525,SKU-184,2026-04-13,13,3,22.34,7658.61,Niteroi,RJ,Sudeste
5620,307,SKU-096,2025-03-05,4,2,17.17,2613.02,Maues,AM,Norte
5621,347,SKU-179,2025-12-19,10,1,27.65,750.21,Montes Claros,MG,Sudeste
5622,511,SKU-130,2025-10-13,10,2,13.07,111.96,Pelotas,RS,Sul
5623,1305,SKU-177,2026-03-29,5,4,23.86,11121.48,Volta Redonda,RJ,Sudeste
5624,1436,SKU-169,2025-07-08,13,3,25.19,6575.79,Gama,DF,Centro-Oeste
5625,367,SKU-202,2025-11-06,1,4,25.15,7101.68,Fortaleza,CE,Nordeste
5626,343,SKU-023,2025-03-27,7,1,11.97,1143.5,Canoas,RS,Sul
5627,1005,SKU-232,2025-12-24,4,2,8.43,3390.88,Juazeiro do Norte,CE,Nordeste
5628,117,SKU-246,2025-12-13,11,1,16.19,2564.91,Autazes,AM,Norte
5629,1460,SKU-108,2025-09-11,9,1,34.5,2375.08,Ponta Grossa,PR,Sul
5630,340,SKU-097,2025-04-23,2,1,15.29,1080.05,Uberlandia,MG,Sudeste
5631,1077,SKU-179,2026-05-28,10,3,23.35,2250.63,Ceilandia,DF,Centro-Oeste
5632,40,SKU-182,2026-01-31,8,3,25.14,8443.95,Feira de Santana,BA,Nordeste
5633,73,SKU-101,2026-02-04,4,4,14.16,1256.72,Duque de Caxias,RJ,Sudeste
5634,17,SKU-202,2026-04-07,10,3,5.7,5326.26,Campinas,SP,Sudeste
5635,463,SKU-228,2025-04-30,9,1,5.14,2413.1,Caruaru,PE,Nordeste
5636,49,SKU-071,2025-10-05,15,2,9.77,3239.62,Ilheus,BA,Nordeste
5637,499,SKU-188,2025-11-18,2,1,24.98,36.2,Sobradinho,DF,Centro-Oeste
5638,631,SKU-125,2026-05-28,10,3,30.76,4972.14,Angra dos Reis,RJ,Sudeste
5639,25,SKU-073,2025-09-02,5,4,22.37,4124.44,Sao Jose dos Campos,SP,Sudeste
5640,216,SKU-183,2025-09-20,5,2,5.86,5571.34,Sao Jose dos Pinhais,PR,Sul
5641,7,SKU-012,2025-03-13,6,1,33.68,2514.31,Serra Talhada,PE,Nordeste
5642,255,SKU-139,2025-04-06,7,2,10.65,3656.78,Caxias do Sul,RS,Sul
5643,347,SKU-246,2025-06-22,13,4,28.98,10259.64,Curitiba,PR,Sul
5644,1262,SKU-180,2025-09-01,10,1,18.41,962.45,Sorocaba,SP,Sudeste
5645,1014,SKU-146,2025-01-28,1,4,13.34,9549.88,Parintins,AM,Norte
5646,225,SKU-029,2025-02-28,2,1,18.25,778.9,Paulista,PE,Nordeste
5647,2,SKU-206,2025-11-30,7,2,29.89,1306.04,Osasco,SP,Sudeste
5648,174,SKU-186,2026-05-26,12,3,22.38,821.46,Juazeiro,BA,Nordeste
5649,440,SKU-153,2025-07-12,12,1,20.76,1076.87,Garanhuns,PE,Nordeste
5650,783,SKU-066,2025-09-09,13,3,32.56,7858.38,Parintins,AM,Norte
5651,40,SKU-106,2025-05-08,12,1,19.07,476.65,Tefe,AM,Norte
5652,604,SKU-062,2025-06-30,11,1,7.43,2489.09,Fortaleza,CE,Nordeste
5653,1006,SKU-006,2026-05-18,4,1,18.93,1044.7,Olinda,PE,Nordeste
5654,1399,SKU-045,2025-12-01,2,3,32.53,4769.31,Parintins,AM,Norte
5655,641,SKU-184,2025-04-30,2,2,27.13,5105.74,Iguatu,CE,Nordeste
5656,1175,SKU-218,2025-04-08,5,1,18.5,468.98,Coari,AM,Norte
5657,31,SKU-100,2026-04-25,5,4,28.5,8916.6,Sao Paulo,SP,Sudeste
5658,1142,SKU-242,2025-05-23,8,3,23.25,7119.99,Paulista,PE,Nordeste
5659,18,SKU-087,2025-09-20,13,3,31.24,1773.36,Coari,AM,Norte
5660,1456,SKU-146,2025-12-28,10,1,22.85,2387.47,Duque de Caxias,RJ,Sudeste
5661,1101,SKU-158,2025-01-19,12,1,34.59,2282.72,Curitiba,PR,Sul
5662,1164,SKU-245,2025-01-22,14,3,14.11,8920.83,Cascavel,PR,Sul
5663,504,SKU-044,2026-01-19,4,2,29.85,3007.1,Paulista,PE,Nordeste
5664,471,SKU-212,2026-04-13,15,2,28.82,5222.9,Guarulhos,SP,Sudeste
5665,258,SKU-191,2026-02-16,11,4,15.7,1307.64,Betim,MG,Sudeste
5666,145,SKU-004,2025-09-04,10,1,30.13,2776.42,Teixeira de Freitas,BA,Nordeste
5667,543,SKU-003,2026-02-19,3,3,28.51,8655.96,Niteroi,RJ,Sudeste
5668,127,SKU-194,2025-03-01,4,4,18.13,10061.76,Novo Hamburgo,RS,Sul
5669,173,SKU-173,2026-03-08,3,1,31.23,1465.69,Taguatinga,DF,Centro-Oeste
5670,331,SKU-196,2026-03-05,6,4,10.14,9339.76,Samambaia,DF,Centro-Oeste
5671,57,SKU-108,2025-01-02,14,1,18.83,2375.08,Juazeiro do Norte,CE,Nordeste
5672,274,SKU-086,2026-06-02,13,1,30.14,2900.55,Pelotas,RS,Sul
5673,1413,SKU-026,2025-07-14,14,3,24.67,7198.68,Maringa,PR,Sul
5674,321,SKU-217,2025-01-06,4,1,25.15,38.13,Itacoatiara,AM,Norte
5675,71,SKU-199,2025-05-16,1,1,6.55,1970.86,Itabuna,BA,Nordeste
5676,125,SKU-223,2026-02-13,2,4,27.03,9975.08,Guarulhos,SP,Sudeste
5677,459,SKU-198,2026-01-17,7,2,11.97,2867.6,Volta Redonda,RJ,Sudeste
5678,143,SKU-130,2025-08-14,15,3,30.5,167.94,Pocos de Caldas,MG,Sudeste
5679,333,SKU-050,2025-04-20,7,3,21.29,5969.37,Canoas,RS,Sul
5680,136,SKU-039,2025-04-24,5,3,9.5,4385.91,Aguas Claras,DF,Centro-Oeste
5681,212,SKU-134,2026-04-24,4,1,16.35,759.99,Erechim,RS,Sul
5682,786,SKU-054,2025-05-16,1,2,7.88,4741.24,Autazes,AM,Norte
5683,341,SKU-025,2026-06-09,6,2,31.08,1958.62,Volta Redonda,RJ,Sudeste
5684,374,SKU-249,2025-03-31,3,2,33.44,1406.9,Feira de Santana,BA,Nordeste
5685,22,SKU-140,2025-07-15,10,2,13.71,1553.5,Angra dos Reis,RJ,Sudeste
5686,775,SKU-152,2025-11-08,15,3,34.81,4656.93,Juazeiro,BA,Nordeste
5687,351,SKU-112,2026-02-02,8,4,9.52,3376.8,Novo Hamburgo,RS,Sul
5688,1050,SKU-027,2026-05-13,5,1,27.49,2075.12,Sao Jose dos Campos,SP,Sudeste
5689,1428,SKU-177,2026-05-07,7,3,8.66,8341.11,Crato,CE,Nordeste
5690,191,SKU-221,2025-06-26,3,2,34.83,3570.4,Santos,SP,Sudeste
5691,140,SKU-046,2025-05-13,7,2,34.04,2873.52,Caucaia,CE,Nordeste
5692,1475,SKU-080,2025-08-22,15,2,24.86,3284.08,Gravatai,RS,Sul
5693,16,SKU-154,2026-04-08,6,2,32.54,5953.08,Niteroi,RJ,Sudeste
5694,34,SKU-158,2025-06-15,15,4,27.56,9130.88,Piracicaba,SP,Sudeste
5695,709,SKU-055,2025-02-26,3,4,29.36,6422.56,Petrolina,PE,Nordeste
5696,6,SKU-244,2025-04-30,1,1,19.96,512.01,Caxias do Sul,RS,Sul
5697,14,SKU-157,2025-04-28,1,1,33.67,1876.66,Guarapuava,PR,Sul
5698,7,SKU-085,2025-07-10,15,1,14.34,1043.96,Porto Seguro,BA,Nordeste
5699,276,SKU-208,2026-02-15,14,3,7.67,7690.83,Bento Goncalves,RS,Sul
5700,549,SKU-054,2026-04-29,14,2,9.06,4741.24,Manacapuru,AM,Norte
5701,508,SKU-047,2025-01-09,5,2,15.22,447.14,Pelotas,RS,Sul
5702,119,SKU-140,2025-01-23,14,4,28.19,3107.0,Serra Talhada,PE,Nordeste
5703,800,SKU-112,2026-01-01,5,4,19.19,3376.8,Paulista,PE,Nordeste
5704,78,SKU-091,2025-06-18,3,1,12.69,960.03,Caxias do Sul,RS,Sul
5705,1151,SKU-198,2025-10-30,5,3,25.51,4301.4,Paranagua,PR,Sul
5706,522,SKU-175,2025-03-09,11,1,17.19,2593.48,Coari,AM,Norte
5707,985,SKU-140,2025-05-04,11,2,9.35,1553.5,Santa Maria,RS,Sul
5708,122,SKU-147,2025-10-24,5,3,18.62,8141.64,Colombo,PR,Sul
5709,428,SKU-202,2026-02-09,12,3,14.04,5326.26,Feira de Santana,BA,Nordeste
5710,115,SKU-031,2026-01-12,5,4,9.21,3955.72,Ceilandia,DF,Centro-Oeste
5711,33,SKU-184,2025-02-26,2,4,6.93,10211.48,Erechim,RS,Sul
5712,121,SKU-232,2025-05-13,2,4,17.1,6781.76,Guarapuava,PR,Sul
5713,1334,SKU-034,2025-08-05,15,3,14.68,4563.48,Vitoria da Conquista,BA,Nordeste
5714,181,SKU-147,2025-04-25,13,2,18.24,5427.76,Sao Bernardo do Campo,SP,Sudeste
5715,344,SKU-164,2025-08-11,1,1,33.31,605.18,Caninde,CE,Nordeste
5716,98,SKU-157,2025-08-07,1,3,17.01,5629.98,Olinda,PE,Nordeste
5717,777,SKU-088,2025-08-06,4,1,29.5,2806.21,Teresopolis,RJ,Sudeste
5718,466,SKU-041,2025-03-27,8,2,31.5,4117.22,Salvador,BA,Nordeste
5719,94,SKU-129,2025-11-07,7,3,15.19,1684.2,Salvador,BA,Nordeste
5720,404,SKU-089,2025-04-07,9,1,12.95,1715.34,Ipatinga,MG,Sudeste
5721,180,SKU-198,2026-02-21,11,2,7.14,2867.6,Olinda,PE,Nordeste
5722,335,SKU-184,2025-07-01,15,3,11.9,7658.61,Parintins,AM,Norte
5723,152,SKU-224,2026-01-07,12,4,31.05,10037.44,Feira de Santana,BA,Nordeste
5724,1081,SKU-069,2026-04-09,5,3,11.11,5804.88,Campinas,SP,Sudeste
5725,112,SKU-192,2025-08-06,5,2,21.32,61.26,Juazeiro,BA,Nordeste
5726,180,SKU-001,2025-04-02,15,2,24.66,2446.56,Uberlandia,MG,Sudeste
5727,585,SKU-176,2026-05-30,3,3,21.8,7070.79,Caxias do Sul,RS,Sul
5728,1419,SKU-246,2026-01-02,10,2,6.68,5129.82,Sobradinho,DF,Centro-Oeste
5729,773,SKU-007,2025-06-05,12,2,9.55,4804.48,Santos,SP,Sudeste
5730,1370,SKU-080,2025-03-12,1,4,17.8,6568.16,Guara,DF,Centro-Oeste
5731,1018,SKU-235,2026-02-18,3,2,25.9,3965.3,Pocos de Caldas,MG,Sudeste
5732,228,SKU-105,2026-04-05,10,3,6.81,984.27,Sao Paulo,SP,Sudeste
5733,1343,SKU-170,2026-05-08,11,4,11.64,6755.8,Sao Jose dos Pinhais,PR,Sul
5734,265,SKU-094,2025-12-25,4,1,26.92,2069.57,Uberlandia,MG,Sudeste
5735,212,SKU-235,2025-07-13,5,1,8.54,1982.65,Itabuna,BA,Nordeste
5736,715,SKU-051,2026-03-19,8,3,16.67,685.35,Samambaia,DF,Centro-Oeste
5737,9,SKU-122,2025-12-03,11,4,13.95,1802.6,Sao Jose dos Campos,SP,Sudeste
5738,16,SKU-132,2025-06-29,15,2,8.59,861.6,Planaltina,DF,Centro-Oeste
5739,974,SKU-244,2026-05-21,6,2,5.56,1024.02,Juazeiro,BA,Nordeste
5740,1444,SKU-042,2025-04-14,15,4,29.31,8445.28,Tabatinga,AM,Norte
5741,1033,SKU-082,2025-01-01,13,2,16.63,1527.34,Planaltina,DF,Centro-Oeste
5742,216,SKU-091,2025-08-02,9,4,6.61,3840.12,Juiz de Fora,MG,Sudeste
5743,394,SKU-201,2025-07-24,12,2,28.8,2800.04,Autazes,AM,Norte
5744,770,SKU-105,2026-02-02,13,1,7.94,328.09,Paulista,PE,Nordeste
5745,1192,SKU-186,2025-07-04,1,3,13.55,821.46,Ponta Grossa,PR,Sul
5746,160,SKU-170,2025-08-05,7,4,8.1,6755.8,Londrina,PR,Sul
5747,1039,SKU-239,2025-08-28,15,4,5.54,903.88,Ipatinga,MG,Sudeste
5748,113,SKU-036,2025-01-30,3,1,31.25,379.48,Salvador,BA,Nordeste
5749,647,SKU-076,2025-01-05,15,4,22.1,10897.76,Erechim,RS,Sul
5750,308,SKU-188,2026-06-09,6,1,6.41,36.2,Colombo,PR,Sul
5751,529,SKU-241,2025-12-23,15,1,27.23,392.63,Maringa,PR,Sul
5752,1028,SKU-143,2026-04-03,13,3,23.99,2758.71,Londrina,PR,Sul
5753,154,SKU-248,2025-04-17,8,3,5.19,5623.77,Autazes,AM,Norte
5754,372,SKU-148,2025-12-24,10,1,14.7,1411.66,Serra Talhada,PE,Nordeste
5755,1042,SKU-035,2025-04-28,11,2,18.68,5554.38,Brasilia,DF,Centro-Oeste
5756,10,SKU-142,2025-10-16,12,1,14.24,916.37,Iguatu,CE,Nordeste
5757,94,SKU-003,2025-11-14,5,4,28.23,11541.28,Ceilandia,DF,Centro-Oeste
5758,21,SKU-081,2025-07-10,14,3,9.16,4724.19,Igarassu,PE,Nordeste
5759,1071,SKU-072,2025-04-15,15,4,15.08,5914.92,Sobral,CE,Nordeste
5760,264,SKU-097,2026-03-28,2,3,29.82,3240.15,Passo Fundo,RS,Sul
5761,228,SKU-061,2026-02-11,7,1,24.59,1892.01,Niteroi,RJ,Sudeste
5762,982,SKU-095,2026-01-16,7,2,14.32,721.9,Caucaia,CE,Nordeste
5763,423,SKU-078,2026-05-18,12,2,14.44,3610.7,Santa Maria,RS,Sul
5764,832,SKU-045,2025-11-29,3,1,5.3,1589.77,Rio de Janeiro,RJ,Sudeste
5765,663,SKU-206,2025-07-27,5,1,28.55,653.02,Ceilandia,DF,Centro-Oeste
5766,13,SKU-022,2025-04-02,13,2,6.36,2453.82,Angra dos Reis,RJ,Sudeste
5767,152,SKU-067,2025-04-06,2,3,25.6,6978.3,Aguas Claras,DF,Centro-Oeste
5768,1483,SKU-223,2025-10-08,3,2,10.66,4987.54,Manaus,AM,Norte
5769,830,SKU-045,2025-09-21,5,3,29.11,4769.31,Itacoatiara,AM,Norte
5770,1106,SKU-123,2025-01-09,3,1,27.48,1246.11,Piracicaba,SP,Sudeste
5771,334,SKU-165,2026-01-07,12,4,13.08,6619.04,Novo Hamburgo,RS,Sul
5772,136,SKU-085,2025-10-09,3,2,25.31,2087.92,Fortaleza,CE,Nordeste
5773,237,SKU-225,2025-04-21,7,3,29.72,7682.79,Guarapuava,PR,Sul
5774,300,SKU-161,2025-05-15,8,1,19.51,2175.95,Uberaba,MG,Sudeste
5775,41,SKU-201,2025-08-30,1,1,26.61,1400.02,Maues,AM,Norte
5776,403,SKU-106,2025-09-04,6,2,29.83,953.3,Cascavel,PR,Sul
5777,90,SKU-113,2026-01-04,12,1,21.47,1813.29,Brasilia,DF,Centro-Oeste
5778,70,SKU-132,2025-11-26,1,4,26.01,1723.2,Sobradinho,DF,Centro-Oeste
5779,1375,SKU-143,2025-11-07,9,3,5.06,2758.71,Ipatinga,MG,Sudeste
5780,70,SKU-178,2025-05-16,15,4,21.57,8941.16,Sao Jose dos Pinhais,PR,Sul
5781,144,SKU-176,2025-10-28,8,4,22.98,9427.72,Cascavel,PR,Sul
5782,172,SKU-089,2025-08-29,15,4,23.99,6861.36,Governador Valadares,MG,Sudeste
5783,624,SKU-215,2026-03-18,11,1,31.88,2170.73,Contagem,MG,Sudeste
5784,416,SKU-003,2025-01-17,8,1,25.46,2885.32,Uberaba,MG,Sudeste
5785,446,SKU-108,2026-05-09,11,2,23.78,4750.16,Paulista,PE,Nordeste
5786,160,SKU-002,2025-05-31,3,2,10.43,4896.52,Uberlandia,MG,Sudeste
5787,411,SKU-027,2026-02-13,14,1,11.14,2075.12,Camacari,BA,Nordeste
5788,81,SKU-249,2025-06-28,4,2,11.83,1406.9,Juazeiro do Norte,CE,Nordeste
5789,152,SKU-036,2025-10-02,9,1,31.96,379.48,Recife,PE,Nordeste
5790,79,SKU-135,2025-03-25,5,3,27.72,5793.6,Recanto das Emas,DF,Centro-Oeste
5791,455,SKU-172,2025-06-20,3,2,11.44,3587.48,Pelotas,RS,Sul
5792,393,SKU-187,2025-11-05,10,4,27.63,5211.08,Jaboatao dos Guararapes,PE,Nordeste
5793,525,SKU-114,2025-03-25,7,1,20.25,2101.82,Cabo Frio,RJ,Sudeste
5794,67,SKU-240,2025-04-24,12,2,24.3,733.42,Crato,CE,Nordeste
5795,1343,SKU-219,2025-07-02,14,1,28.37,1190.35,Juazeiro,BA,Nordeste
5796,149,SKU-115,2025-05-15,9,2,19.34,3455.64,Ribeirao Preto,SP,Sudeste
5797,1242,SKU-236,2026-05-20,11,3,28.17,1908.48,Juiz de Fora,MG,Sudeste
5798,190,SKU-175,2026-04-09,9,2,5.96,5186.96,Sobral,CE,Nordeste
5799,1116,SKU-094,2025-02-23,14,2,28.5,4139.14,Sobral,CE,Nordeste
5800,84,SKU-188,2025-02-21,4,1,17.0,36.2,Osasco,SP,Sudeste
5801,1,SKU-244,2026-04-11,8,4,12.29,2048.04,Garanhuns,PE,Nordeste
5802,878,SKU-245,2026-06-04,2,3,22.45,8920.83,Quixada,CE,Nordeste
5803,805,SKU-234,2025-11-21,6,4,30.21,365.8,Canoas,RS,Sul
5804,1488,SKU-129,2025-08-05,3,4,27.98,2245.6,Brasilia,DF,Centro-Oeste
5805,102,SKU-186,2025-10-26,11,1,14.8,273.82,Planaltina,DF,Centro-Oeste
5806,1046,SKU-098,2025-04-18,3,2,18.9,1366.04,Parintins,AM,Norte
5807,839,SKU-231,2025-02-14,5,4,23.17,7976.12,Olinda,PE,Nordeste
5808,453,SKU-226,2025-12-28,6,2,9.8,1636.28,Ipatinga,MG,Sudeste
5809,287,SKU-223,2026-04-06,1,2,31.94,4987.54,Juazeiro do Norte,CE,Nordeste
5810,14,SKU-218,2025-01-24,6,1,8.37,468.98,Juazeiro,BA,Nordeste
5811,734,SKU-117,2026-04-16,1,3,19.4,3192.72,Feira de Santana,BA,Nordeste
5812,1194,SKU-117,2025-11-07,13,3,12.81,3192.72,Recanto das Emas,DF,Centro-Oeste
5813,402,SKU-011,2026-05-18,9,1,26.03,2137.97,Quixada,CE,Nordeste
5814,1210,SKU-190,2025-02-23,13,2,5.54,3457.66,Betim,MG,Sudeste
5815,511,SKU-035,2025-08-13,4,1,34.35,2777.19,Osasco,SP,Sudeste
5816,86,SKU-031,2026-05-07,13,1,28.38,988.93,Salvador,BA,Nordeste
5817,67,SKU-161,2025-07-18,14,1,28.32,2175.95,Bento Goncalves,RS,Sul
5818,1318,SKU-049,2026-01-14,12,3,11.17,304.8,Passo Fundo,RS,Sul
5819,83,SKU-039,2026-01-14,15,1,28.84,1461.97,Colombo,PR,Sul
5820,412,SKU-220,2025-04-21,8,4,26.05,9264.16,Recanto das Emas,DF,Centro-Oeste
5821,88,SKU-178,2025-07-01,1,2,31.24,4470.58,Caninde,CE,Nordeste
5822,594,SKU-037,2025-08-29,11,4,11.32,10260.24,Ceilandia,DF,Centro-Oeste
5823,5,SKU-046,2025-02-01,7,3,33.54,4310.28,Caninde,CE,Nordeste
5824,1249,SKU-233,2025-02-11,2,2,21.29,4129.4,Serra Talhada,PE,Nordeste
5825,1256,SKU-194,2025-09-21,12,4,19.39,10061.76,Iguatu,CE,Nordeste
5826,576,SKU-138,2026-02-21,2,3,13.18,4247.58,Sao Jose dos Pinhais,PR,Sul
5827,28,SKU-090,2025-03-25,8,1,8.17,2945.64,Maringa,PR,Sul
5828,918,SKU-045,2025-11-27,12,3,31.64,4769.31,Porto Alegre,RS,Sul
5829,21,SKU-130,2025-02-17,3,4,9.07,223.92,Coari,AM,Norte
5830,1102,SKU-005,2025-05-15,8,2,24.22,2100.12,Juazeiro do Norte,CE,Nordeste
5831,729,SKU-213,2026-01-17,8,2,8.44,2952.16,Vitoria da Conquista,BA,Nordeste
5832,919,SKU-187,2025-05-31,4,2,7.07,2605.54,Duque de Caxias,RJ,Sudeste
5833,136,SKU-187,2026-01-31,3,4,33.74,5211.08,Bento Goncalves,RS,Sul
5834,276,SKU-113,2026-01-10,2,4,8.96,7253.16,Quixada,CE,Nordeste
5835,654,SKU-131,2025-10-09,7,4,5.8,9782.08,Santa Maria,RS,Sul
5836,1270,SKU-085,2026-03-27,7,3,31.9,3131.88,Piracicaba,SP,Sudeste
5837,951,SKU-060,2025-09-23,8,4,28.44,6219.0,Sobradinho,DF,Centro-Oeste
5838,18,SKU-178,2025-10-25,10,4,28.66,8941.16,Taguatinga,DF,Centro-Oeste
5839,18,SKU-128,2026-05-07,4,2,16.69,797.38,Sorocaba,SP,Sudeste
5840,868,SKU-153,2025-01-03,1,1,7.56,1076.87,Sao Paulo,SP,Sudeste
5841,363,SKU-180,2026-04-28,14,2,34.18,1924.9,Cabo Frio,RJ,Sudeste
5842,1443,SKU-188,2026-02-23,10,2,19.3,72.4,Londrina,PR,Sul
5843,452,SKU-174,2025-02-18,1,2,32.35,5838.2,Montes Claros,MG,Sudeste
5844,818,SKU-023,2025-07-23,8,2,23.75,2287.0,Juiz de Fora,MG,Sudeste
5845,1421,SKU-067,2025-10-26,13,3,12.95,6978.3,Ilheus,BA,Nordeste
5846,132,SKU-124,2025-06-14,14,4,20.56,1216.16,Itapipoca,CE,Nordeste
5847,54,SKU-073,2026-03-25,5,4,32.67,4124.44,Angra dos Reis,RJ,Sudeste
5848,3,SKU-237,2026-02-06,3,4,18.48,11974.88,Planaltina,DF,Centro-Oeste
5849,1135,SKU-175,2026-01-20,9,1,11.56,2593.48,Serra Talhada,PE,Nordeste
5850,1138,SKU-049,2026-04-09,6,4,7.56,406.4,Itacoatiara,AM,Norte
5851,1433,SKU-155,2025-07-29,10,1,21.34,103.31,Maues,AM,Norte
5852,3,SKU-018,2025-07-01,15,1,10.29,2274.73,Petropolis,RJ,Sudeste
5853,261,SKU-081,2025-04-25,3,3,18.03,4724.19,Rio de Janeiro,RJ,Sudeste
5854,1385,SKU-100,2025-06-25,4,2,26.28,4458.3,Teresopolis,RJ,Sudeste
5855,64,SKU-108,2025-05-14,13,3,13.72,7125.24,Juazeiro do Norte,CE,Nordeste
5856,454,SKU-227,2026-05-28,6,3,5.84,4092.81,Petropolis,RJ,Sudeste
5857,1183,SKU-034,2025-03-01,10,1,12.96,1521.16,Belo Horizonte,MG,Sudeste
5858,1443,SKU-139,2025-06-10,7,1,9.6,1828.39,Itapipoca,CE,Nordeste
5859,663,SKU-111,2026-04-23,3,2,5.78,4741.14,Angra dos Reis,RJ,Sudeste
5860,548,SKU-069,2025-02-21,2,2,31.27,3869.92,Crato,CE,Nordeste
5861,78,SKU-107,2025-09-22,12,1,14.09,1637.56,Teresopolis,RJ,Sudeste
5862,231,SKU-145,2025-04-13,3,3,29.39,7798.92,Teresopolis,RJ,Sudeste
5863,1,SKU-185,2025-10-06,2,4,15.51,2011.2,Tabatinga,AM,Norte
5864,1238,SKU-068,2025-02-10,13,3,33.08,5094.63,Coari,AM,Norte
5865,713,SKU-163,2025-08-08,14,3,6.64,2788.92,Rio de Janeiro,RJ,Sudeste
5866,334,SKU-222,2025-06-28,8,4,26.23,3499.68,Recanto das Emas,DF,Centro-Oeste
5867,49,SKU-222,2025-12-14,3,4,28.56,3499.68,Salvador,BA,Nordeste
5868,1245,SKU-087,2025-09-12,3,1,24.86,591.12,Ipatinga,MG,Sudeste
5869,222,SKU-226,2025-10-20,11,3,32.88,2454.42,Sao Jose dos Campos,SP,Sudeste
5870,2,SKU-148,2025-11-21,8,2,14.91,2823.32,Igarassu,PE,Nordeste
5871,41,SKU-159,2026-01-20,10,4,25.01,9378.16,Manacapuru,AM,Norte
5872,1,SKU-114,2025-11-24,7,1,17.21,2101.82,Manaus,AM,Norte
5873,287,SKU-104,2026-05-10,8,3,5.39,7760.58,Brasilia,DF,Centro-Oeste
5874,75,SKU-185,2025-05-20,7,2,23.52,1005.6,Angra dos Reis,RJ,Sudeste
5875,124,SKU-004,2025-08-11,5,4,7.07,11105.68,Ilheus,BA,Nordeste
5876,3,SKU-184,2025-07-06,7,1,32.39,2552.87,Gama,DF,Centro-Oeste
5877,179,SKU-171,2025-11-29,10,3,21.81,6014.64,Duque de Caxias,RJ,Sudeste
5878,57,SKU-033,2025-08-18,3,3,26.39,7776.81,Santos,SP,Sudeste
5879,1060,SKU-060,2026-01-01,15,1,7.46,1554.75,Sobral,CE,Nordeste
5880,1325,SKU-131,2026-02-20,12,2,17.47,4891.04,Bento Goncalves,RS,Sul
5881,6,SKU-138,2025-09-17,11,4,33.91,5663.44,Fortaleza,CE,Nordeste
5882,1345,SKU-217,2025-09-27,6,2,15.12,76.26,Angra dos Reis,RJ,Sudeste
5883,565,SKU-021,2026-03-25,9,2,17.66,2748.44,Rio de Janeiro,RJ,Sudeste
5884,693,SKU-068,2025-12-01,8,4,11.03,6792.84,Duque de Caxias,RJ,Sudeste
5885,711,SKU-250,2026-02-11,1,1,27.99,2319.39,Paulista,PE,Nordeste
5886,432,SKU-183,2026-05-14,4,3,34.91,8357.01,Tabatinga,AM,Norte
5887,1188,SKU-152,2026-05-04,11,1,17.78,1552.31,Gravata,PE,Nordeste
5888,6,SKU-104,2025-12-04,9,1,8.15,2586.86,Autazes,AM,Norte
5889,312,SKU-165,2025-11-07,8,4,10.82,6619.04,Uberlandia,MG,Sudeste
5890,629,SKU-131,2025-11-27,15,3,14.54,7336.56,Paranagua,PR,Sul
5891,710,SKU-006,2026-02-11,9,1,20.63,1044.7,Juazeiro,BA,Nordeste
5892,793,SKU-172,2025-07-15,5,3,21.21,5381.22,Porto Seguro,BA,Nordeste
5893,861,SKU-185,2025-08-26,2,2,30.61,1005.6,Ilheus,BA,Nordeste
5894,1425,SKU-019,2025-11-26,1,4,15.92,2389.16,Quixada,CE,Nordeste
5895,1257,SKU-239,2025-12-19,10,4,9.86,903.88,Serra Talhada,PE,Nordeste
5896,448,SKU-139,2025-02-28,1,3,8.77,5485.17,Taguatinga,DF,Centro-Oeste
5897,6,SKU-084,2025-09-18,12,4,12.14,5874.0,Campos dos Goytacazes,RJ,Sudeste
5898,881,SKU-072,2026-02-23,10,1,16.99,1478.73,Petrolina,PE,Nordeste
5899,920,SKU-221,2025-06-14,4,2,19.55,3570.4,Camacari,BA,Nordeste
5900,413,SKU-052,2025-08-19,4,2,24.62,3384.42,Sao Jose dos Pinhais,PR,Sul
5901,649,SKU-092,2025-10-20,13,3,32.93,7229.58,Pocos de Caldas,MG,Sudeste
5902,1318,SKU-162,2025-06-28,7,1,33.22,1862.12,Garanhuns,PE,Nordeste
5903,168,SKU-067,2026-05-27,10,4,32.48,9304.4,Rio de Janeiro,RJ,Sudeste
5904,2,SKU-039,2025-03-26,12,1,6.18,1461.97,Pelotas,RS,Sul
5905,276,SKU-105,2025-04-03,14,4,21.82,1312.36,Autazes,AM,Norte
5906,261,SKU-066,2025-11-12,12,1,16.74,2619.46,Ipatinga,MG,Sudeste
5907,369,SKU-106,2025-12-20,15,1,9.43,476.65,Planaltina,DF,Centro-Oeste
5908,887,SKU-091,2025-03-05,6,1,9.62,960.03,Ceilandia,DF,Centro-Oeste
5909,1376,SKU-095,2025-07-27,8,4,14.83,1443.8,Taguatinga,DF,Centro-Oeste
5910,12,SKU-152,2026-04-21,3,4,27.36,6209.24,Campos dos Goytacazes,RJ,Sudeste
5911,137,SKU-156,2025-07-14,13,2,20.92,2723.26,Rio de Janeiro,RJ,Sudeste
5912,857,SKU-226,2025-02-15,7,1,18.16,818.14,Cascavel,PR,Sul
5913,2,SKU-057,2025-10-31,12,4,12.96,8008.76,Angra dos Reis,RJ,Sudeste
5914,170,SKU-117,2025-07-27,2,1,32.86,1064.24,Canoas,RS,Sul
5915,1108,SKU-219,2025-08-20,2,3,22.96,3571.05,Olinda,PE,Nordeste
5916,1059,SKU-074,2025-03-15,6,1,30.19,1565.48,Passo Fundo,RS,Sul
5917,22,SKU-028,2026-01-24,9,3,21.83,3475.5,Garanhuns,PE,Nordeste
5918,717,SKU-144,2025-07-11,11,2,23.29,155.28,Maracanau,CE,Nordeste
5919,32,SKU-136,2026-02-07,12,1,9.78,31.7,Coari,AM,Norte
5920,598,SKU-216,2026-02-28,11,2,31.61,2202.72,Juazeiro,BA,Nordeste
5921,679,SKU-005,2025-03-11,13,2,6.99,2100.12,Recanto das Emas,DF,Centro-Oeste
5922,14,SKU-237,2025-12-23,6,2,14.65,5987.44,Lauro de Freitas,BA,Nordeste
5923,95,SKU-002,2025-03-27,1,4,15.94,9793.04,Guara,DF,Centro-Oeste
5924,183,SKU-247,2025-10-24,2,3,15.82,4655.67,Recanto das Emas,DF,Centro-Oeste
5925,112,SKU-038,2025-03-14,9,1,9.1,355.73,Bento Goncalves,RS,Sul
5926,679,SKU-001,2026-04-08,14,1,12.41,1223.28,Recife,PE,Nordeste
5927,136,SKU-034,2025-03-10,1,2,33.69,3042.32,Rio de Janeiro,RJ,Sudeste
5928,135,SKU-139,2026-05-12,15,4,15.61,7313.56,Rio de Janeiro,RJ,Sudeste
5929,9,SKU-073,2026-03-18,12,3,13.99,3093.33,Juazeiro,BA,Nordeste
5930,296,SKU-181,2026-01-28,12,2,10.48,2627.08,Brasilia,DF,Centro-Oeste
5931,634,SKU-207,2025-09-30,1,3,29.19,3571.98,Caucaia,CE,Nordeste
5932,194,SKU-221,2026-01-27,4,4,11.44,7140.8,Uberaba,MG,Sudeste
5933,743,SKU-207,2026-02-26,5,1,18.97,1190.66,Sao Bernardo do Campo,SP,Sudeste
5934,705,SKU-166,2026-05-20,13,2,26.45,5946.7,Camacari,BA,Nordeste
5935,1475,SKU-195,2025-07-12,1,3,7.48,668.64,Vitoria da Conquista,BA,Nordeste
5936,151,SKU-124,2025-01-24,11,1,14.19,304.04,Porto Alegre,RS,Sul
5937,1355,SKU-101,2025-05-13,6,4,31.26,1256.72,Montes Claros,MG,Sudeste
5938,78,SKU-041,2026-04-17,12,3,11.48,6175.83,Pelotas,RS,Sul
5939,1015,SKU-196,2025-06-15,5,2,15.12,4669.88,Caruaru,PE,Nordeste
5940,435,SKU-117,2025-08-30,2,2,31.86,2128.48,Porto Alegre,RS,Sul
5941,113,SKU-243,2026-02-25,4,3,17.72,8509.41,Salvador,BA,Nordeste
5942,436,SKU-204,2025-12-01,6,3,31.98,2940.75,Cabo Frio,RJ,Sudeste
5943,737,SKU-016,2025-08-06,12,4,8.15,127.08,Campinas,SP,Sudeste
5944,1305,SKU-071,2025-10-04,10,2,11.53,3239.62,Salvador,BA,Nordeste
5945,451,SKU-210,2025-09-05,12,3,6.23,1274.16,Aguas Claras,DF,Centro-Oeste
5946,2,SKU-187,2026-05-08,6,4,20.11,5211.08,Tefe,AM,Norte
5947,173,SKU-172,2025-11-07,8,2,9.88,3587.48,Ipatinga,MG,Sudeste
5948,242,SKU-091,2026-04-24,5,3,15.99,2880.09,Petrolina,PE,Nordeste
5949,1410,SKU-149,2025-06-29,10,4,19.81,11520.28,Campinas,SP,Sudeste
5950,76,SKU-206,2026-01-04,10,2,26.24,1306.04,Sobral,CE,Nordeste
5951,129,SKU-220,2025-07-11,10,2,7.71,4632.08,Recife,PE,Nordeste
5952,1388,SKU-091,2025-06-28,10,2,20.28,1920.06,Duque de Caxias,RJ,Sudeste
5953,464,SKU-020,2025-10-22,8,2,27.4,1163.14,Gravatai,RS,Sul
5954,1171,SKU-116,2025-08-14,10,1,10.3,2180.81,Ribeirao Preto,SP,Sudeste
5955,101,SKU-099,2025-08-07,15,4,9.4,6555.52,Caxias do Sul,RS,Sul
5956,375,SKU-164,2025-12-26,11,2,11.54,1210.36,Maracanau,CE,Nordeste
5957,145,SKU-124,2026-04-25,9,4,11.53,1216.16,Paulista,PE,Nordeste
5958,203,SKU-037,2026-04-10,14,4,34.74,10260.24,Guarapuava,PR,Sul
5959,1407,SKU-160,2025-03-11,8,3,25.28,8402.55,Presidente Figueiredo,AM,Norte
5960,82,SKU-008,2025-09-08,15,4,27.6,8355.4,Camacari,BA,Nordeste
5961,22,SKU-069,2025-11-16,7,2,33.33,3869.92,Manacapuru,AM,Norte
5962,439,SKU-105,2025-04-28,7,1,18.8,328.09,Sorocaba,SP,Sudeste
5963,14,SKU-239,2025-12-22,8,3,15.91,677.91,Rio de Janeiro,RJ,Sudeste
5964,1304,SKU-207,2025-05-06,15,4,28.86,4762.64,Aguas Claras,DF,Centro-Oeste
5965,22,SKU-096,2025-01-29,14,1,19.64,1306.51,Maues,AM,Norte
5966,30,SKU-117,2025-01-09,4,1,26.88,1064.24,Gravata,PE,Nordeste
5967,631,SKU-092,2026-02-20,1,2,24.44,4819.72,Maringa,PR,Sul
5968,242,SKU-096,2025-03-12,10,1,17.11,1306.51,Iguatu,CE,Nordeste
5969,1,SKU-069,2025-09-10,13,3,27.91,5804.88,Gravata,PE,Nordeste
5970,30,SKU-241,2025-03-10,12,3,26.31,1177.89,Teresopolis,RJ,Sudeste
5971,1,SKU-034,2025-09-11,14,2,19.9,3042.32,Rio de Janeiro,RJ,Sudeste
5972,741,SKU-201,2025-09-10,10,2,15.2,2800.04,Crato,CE,Nordeste
5973,1046,SKU-031,2025-07-05,9,2,29.35,1977.86,Santa Maria,RS,Sul
5974,578,SKU-196,2025-03-04,15,3,17.29,7004.82,Ponta Grossa,PR,Sul
5975,15,SKU-036,2025-03-22,4,1,24.38,379.48,Guarapuava,PR,Sul
5976,902,SKU-018,2025-03-14,11,4,27.86,9098.92,Fortaleza,CE,Nordeste
5977,11,SKU-138,2026-05-22,15,2,15.49,2831.72,Ilheus,BA,Nordeste
5978,143,SKU-159,2025-07-14,3,1,21.42,2344.54,Caxias do Sul,RS,Sul
5979,207,SKU-231,2026-03-30,8,1,33.77,1994.03,Recanto das Emas,DF,Centro-Oeste
5980,65,SKU-211,2025-04-16,5,2,15.74,1929.84,Sorocaba,SP,Sudeste
5981,732,SKU-116,2026-02-26,11,3,27.54,6542.43,Caucaia,CE,Nordeste
5982,479,SKU-175,2026-01-29,7,2,23.9,5186.96,Ponta Grossa,PR,Sul
5983,465,SKU-029,2025-07-14,13,1,13.87,778.9,Itabuna,BA,Nordeste
5984,582,SKU-142,2025-01-09,13,4,29.92,3665.48,Guarulhos,SP,Sudeste
5985,439,SKU-065,2025-12-22,3,3,14.88,8175.9,Curitiba,PR,Sul
5986,33,SKU-114,2026-05-11,9,4,25.58,8407.28,Uberlandia,MG,Sudeste
5987,1452,SKU-109,2026-03-21,10,4,8.79,6149.8,Ipatinga,MG,Sudeste
5988,64,SKU-187,2025-10-18,12,3,32.07,3908.31,Feira de Santana,BA,Nordeste
5989,980,SKU-010,2026-02-20,12,4,19.66,11221.92,Uberlandia,MG,Sudeste
5990,1053,SKU-218,2025-07-16,4,1,17.48,468.98,Cascavel,PR,Sul
5991,1052,SKU-126,2025-04-16,3,1,25.49,81.03,Coari,AM,Norte
5992,178,SKU-225,2025-12-21,4,3,10.56,7682.79,Passo Fundo,RS,Sul
5993,184,SKU-177,2025-09-22,7,4,8.77,11121.48,Colombo,PR,Sul
5994,420,SKU-248,2026-06-06,6,2,9.98,3749.18,Itabuna,BA,Nordeste
5995,3,SKU-246,2025-07-06,11,4,33.02,10259.64,Guarapuava,PR,Sul
5996,517,SKU-050,2025-08-24,15,3,19.76,5969.37,Nova Iguacu,RJ,Sudeste
5997,355,SKU-003,2025-12-14,3,4,31.39,11541.28,Crato,CE,Nordeste
5998,48,SKU-202,2025-03-26,12,2,34.37,3550.84,Sao Paulo,SP,Sudeste
5999,152,SKU-163,2025-06-03,15,2,24.85,1859.28,Maringa,PR,Sul
6000,1500,SKU-049,2025-08-20,6,4,24.22,406.4,Coari,AM,Norte
6001,1272,SKU-216,2025-08-04,2,3,30.07,3304.08,Santos,SP,Sudeste
6002,160,SKU-187,2026-02-26,7,2,21.29,2605.54,Garanhuns,PE,Nordeste
6003,494,SKU-164,2025-07-13,12,4,31.14,2420.72,Tefe,AM,Norte
6004,595,SKU-078,2025-03-14,14,4,21.26,7221.4,Feira de Santana,BA,Nordeste
6005,83,SKU-165,2025-11-14,12,3,29.04,4964.28,Itabuna,BA,Nordeste
6006,47,SKU-100,2026-05-25,5,4,10.7,8916.6,Lauro de Freitas,BA,Nordeste
6007,1146,SKU-040,2025-08-03,11,1,20.1,1148.86,Autazes,AM,Norte
6008,247,SKU-102,2026-03-05,13,4,11.89,7362.12,Maringa,PR,Sul
6009,408,SKU-009,2025-03-25,9,1,15.18,1645.67,Campos dos Goytacazes,RJ,Sudeste
6010,53,SKU-156,2026-04-21,11,4,5.17,5446.52,Ilheus,BA,Nordeste
6011,508,SKU-019,2025-09-24,11,1,33.31,597.29,Paulista,PE,Nordeste
6012,121,SKU-127,2026-02-11,8,3,7.87,6975.96,Governador Valadares,MG,Sudeste
6013,715,SKU-206,2025-10-08,2,1,18.74,653.02,Gravatai,RS,Sul
6014,70,SKU-064,2025-09-24,4,3,17.4,6563.07,Samambaia,DF,Centro-Oeste
6015,149,SKU-154,2025-11-30,12,4,30.37,11906.16,Volta Redonda,RJ,Sudeste
6016,439,SKU-040,2025-08-07,7,1,22.82,1148.86,Paranagua,PR,Sul
6017,4,SKU-146,2026-03-14,2,4,17.25,9549.88,Porto Seguro,BA,Nordeste
6018,51,SKU-145,2025-08-12,2,2,28.21,5199.28,Cascavel,PR,Sul
6019,159,SKU-125,2026-01-29,11,2,20.28,3314.76,Montes Claros,MG,Sudeste
6020,49,SKU-158,2025-04-14,4,3,24.28,6848.16,Passo Fundo,RS,Sul
6021,863,SKU-164,2025-06-13,13,1,20.58,605.18,Caxias do Sul,RS,Sul
6022,819,SKU-180,2026-02-05,13,4,18.43,3849.8,Cascavel,PR,Sul
6023,1017,SKU-135,2026-03-24,2,4,10.98,7724.8,Guarulhos,SP,Sudeste
6024,439,SKU-250,2025-04-10,11,4,23.51,9277.56,Londrina,PR,Sul
6025,466,SKU-037,2026-02-08,12,4,33.26,10260.24,Cabo Frio,RJ,Sudeste
6026,883,SKU-176,2025-02-28,11,1,15.29,2356.93,Sobradinho,DF,Centro-Oeste
6027,335,SKU-244,2025-01-22,2,3,27.55,1536.03,Teresopolis,RJ,Sudeste
6028,524,SKU-220,2025-11-03,15,3,24.7,6948.12,Niteroi,RJ,Sudeste
6029,361,SKU-044,2026-02-04,5,1,14.35,1503.55,Ipatinga,MG,Sudeste
6030,3,SKU-092,2025-03-25,14,2,30.04,4819.72,Tabatinga,AM,Norte
6031,1073,SKU-206,2026-05-29,2,2,24.49,1306.04,Osasco,SP,Sudeste
6032,7,SKU-061,2025-12-20,9,4,25.5,7568.04,Caxias do Sul,RS,Sul
6033,496,SKU-030,2025-02-07,5,1,14.34,1158.16,Taguatinga,DF,Centro-Oeste
6034,256,SKU-214,2025-05-04,11,2,21.26,1485.74,Ilheus,BA,Nordeste
6035,656,SKU-148,2026-04-14,11,2,17.01,2823.32,Caxias do Sul,RS,Sul
6036,181,SKU-132,2025-03-15,14,1,21.61,430.8,Igarassu,PE,Nordeste
6037,7,SKU-238,2025-05-13,1,3,29.76,8846.88,Itapipoca,CE,Nordeste
6038,1421,SKU-083,2025-10-13,3,1,29.91,2665.2,Petrolina,PE,Nordeste
6039,845,SKU-136,2025-06-12,5,2,30.57,63.4,Sobradinho,DF,Centro-Oeste
6040,989,SKU-129,2026-05-12,12,4,33.44,2245.6,Cabo Frio,RJ,Sudeste
6041,969,SKU-073,2025-10-17,4,1,34.72,1031.11,Petropolis,RJ,Sudeste
6042,131,SKU-098,2025-02-05,1,3,23.07,2049.06,Passo Fundo,RS,Sul
6043,760,SKU-038,2026-04-20,5,2,11.77,711.46,Governador Valadares,MG,Sudeste
6044,772,SKU-203,2025-08-03,13,4,7.67,1894.0,Bento Goncalves,RS,Sul
6045,1179,SKU-122,2025-03-01,14,3,19.08,1351.95,Olinda,PE,Nordeste
6046,591,SKU-072,2026-05-25,1,3,32.49,4436.19,Maues,AM,Norte
6047,829,SKU-014,2026-03-17,10,3,17.36,3725.28,Guarapuava,PR,Sul
6048,572,SKU-132,2025-09-08,7,3,17.15,1292.4,Campinas,SP,Sudeste
6049,984,SKU-129,2025-12-13,10,4,18.64,2245.6,Caninde,CE,Nordeste
6050,179,SKU-188,2025-05-21,10,3,23.54,108.6,Itabuna,BA,Nordeste
6051,75,SKU-059,2026-02-05,4,1,31.24,2011.23,Recanto das Emas,DF,Centro-Oeste
6052,30,SKU-188,2025-01-23,11,2,28.54,72.4,Jaboatao dos Guararapes,PE,Nordeste
6053,220,SKU-113,2025-10-20,9,2,31.02,3626.58,Novo Hamburgo,RS,Sul
6054,69,SKU-189,2025-01-09,9,2,18.56,2238.6,Caucaia,CE,Nordeste
6055,296,SKU-138,2025-01-22,12,4,13.55,5663.44,Jaboatao dos Guararapes,PE,Nordeste
6056,40,SKU-065,2026-02-28,7,3,14.07,8175.9,Paulista,PE,Nordeste
6057,242,SKU-177,2026-01-30,4,2,16.72,5560.74,Parintins,AM,Norte
6058,1265,SKU-037,2025-05-24,13,2,11.32,5130.12,Ribeirao Preto,SP,Sudeste
6059,59,SKU-015,2025-08-25,14,4,22.83,7769.56,Sobradinho,DF,Centro-Oeste
6060,61,SKU-008,2025-11-06,12,4,21.88,8355.4,Passo Fundo,RS,Sul
6061,6,SKU-194,2025-04-05,14,2,11.95,5030.88,Teixeira de Freitas,BA,Nordeste
6062,751,SKU-208,2025-08-11,1,4,23.89,10254.44,Lauro de Freitas,BA,Nordeste
6063,14,SKU-154,2025-05-13,4,2,23.57,5953.08,Campinas,SP,Sudeste
6064,75,SKU-004,2025-10-20,11,3,31.5,8329.26,Curitiba,PR,Sul
6065,472,SKU-083,2025-02-20,15,4,26.18,10660.8,Ceilandia,DF,Centro-Oeste
6066,1410,SKU-058,2025-06-09,7,2,10.89,2363.88,Serra Talhada,PE,Nordeste
6067,852,SKU-160,2025-09-03,2,2,28.19,5601.7,Manacapuru,AM,Norte
6068,96,SKU-004,2025-01-20,14,2,33.19,5552.84,Manacapuru,AM,Norte
6069,93,SKU-112,2026-04-12,5,2,33.33,1688.4,Jaboatao dos Guararapes,PE,Nordeste
6070,788,SKU-016,2025-10-18,5,4,25.2,127.08,Teresopolis,RJ,Sudeste
6071,1182,SKU-228,2026-03-07,2,1,32.19,2413.1,Camacari,BA,Nordeste
6072,397,SKU-166,2025-03-18,5,1,16.94,2973.35,Recanto das Emas,DF,Centro-Oeste
6073,669,SKU-039,2025-07-08,8,2,32.92,2923.94,Teresopolis,RJ,Sudeste
6074,840,SKU-149,2025-12-18,2,2,24.33,5760.14,Belo Horizonte,MG,Sudeste
6075,1238,SKU-010,2025-03-18,12,1,19.42,2805.48,Pelotas,RS,Sul
6076,963,SKU-168,2026-05-25,4,3,34.9,4486.92,Caninde,CE,Nordeste
6077,972,SKU-024,2025-11-13,4,3,8.71,5567.91,Autazes,AM,Norte
6078,154,SKU-241,2025-10-03,5,3,9.54,1177.89,Passo Fundo,RS,Sul
6079,36,SKU-154,2025-11-04,9,1,29.22,2976.54,Tabatinga,AM,Norte
6080,115,SKU-192,2026-05-27,9,1,9.66,30.63,Taguatinga,DF,Centro-Oeste
6081,687,SKU-049,2025-03-25,15,1,23.09,101.6,Teixeira de Freitas,BA,Nordeste
6082,11,SKU-222,2025-04-06,8,1,13.76,874.92,Erechim,RS,Sul
6083,898,SKU-181,2025-06-29,11,2,34.08,2627.08,Rio de Janeiro,RJ,Sudeste
6084,849,SKU-040,2025-11-05,11,2,15.45,2297.72,Lauro de Freitas,BA,Nordeste
6085,242,SKU-028,2025-02-27,5,4,27.88,4634.0,Gravata,PE,Nordeste
6086,131,SKU-017,2026-04-25,7,4,28.63,1834.96,Presidente Figueiredo,AM,Norte
6087,16,SKU-121,2026-03-14,3,4,26.06,1061.56,Aguas Claras,DF,Centro-Oeste
6088,798,SKU-006,2025-11-05,13,2,28.05,2089.4,Crato,CE,Nordeste
6089,767,SKU-161,2025-04-01,1,1,33.48,2175.95,Londrina,PR,Sul
6090,794,SKU-135,2025-06-03,1,3,32.63,5793.6,Contagem,MG,Sudeste
6091,238,SKU-025,2025-04-29,15,4,17.41,3917.24,Montes Claros,MG,Sudeste
6092,28,SKU-228,2025-06-05,15,1,34.56,2413.1,Sao Jose dos Pinhais,PR,Sul
6093,274,SKU-007,2026-01-09,14,3,17.57,7206.72,Sorocaba,SP,Sudeste
6094,6,SKU-077,2025-12-09,3,1,19.24,2482.43,Ribeirao Preto,SP,Sudeste
6095,987,SKU-195,2025-10-17,14,4,11.32,891.52,Osasco,SP,Sudeste
6096,305,SKU-140,2026-03-28,3,3,32.86,2330.25,Caruaru,PE,Nordeste
6097,49,SKU-192,2025-09-18,6,3,8.47,91.89,Canoas,RS,Sul
6098,471,SKU-014,2025-06-29,1,1,6.79,1241.76,Quixada,CE,Nordeste
6099,3,SKU-062,2025-08-08,13,3,21.28,7467.27,Gravatai,RS,Sul
6100,1113,SKU-007,2026-03-24,8,2,19.05,4804.48,Volta Redonda,RJ,Sudeste
6101,1214,SKU-229,2026-06-05,5,2,10.02,3040.4,Recife,PE,Nordeste
6102,19,SKU-026,2025-11-16,13,2,15.25,4799.12,Ponta Grossa,PR,Sul
6103,775,SKU-150,2025-04-25,8,2,30.22,2281.78,Juazeiro,BA,Nordeste
6104,809,SKU-167,2026-03-07,1,3,26.7,4390.53,Canoas,RS,Sul
6105,123,SKU-005,2025-08-11,13,1,24.99,1050.06,Camacari,BA,Nordeste
6106,15,SKU-031,2026-01-04,3,3,12.09,2966.79,Sao Bernardo do Campo,SP,Sudeste
6107,558,SKU-093,2025-02-04,13,3,23.37,1047.48,Planaltina,DF,Centro-Oeste
6108,97,SKU-240,2025-07-20,14,2,11.41,733.42,Uberaba,MG,Sudeste
6109,72,SKU-136,2026-01-26,14,3,15.09,95.1,Tabatinga,AM,Norte
6110,662,SKU-220,2025-06-10,6,2,5.29,4632.08,Manaus,AM,Norte
6111,63,SKU-181,2025-11-01,8,4,33.61,5254.16,Taguatinga,DF,Centro-Oeste
6112,543,SKU-017,2025-08-06,6,2,33.67,917.48,Guarapuava,PR,Sul
6113,13,SKU-049,2026-01-14,1,1,12.65,101.6,Petropolis,RJ,Sudeste
6114,26,SKU-068,2025-02-11,5,4,22.69,6792.84,Manacapuru,AM,Norte
6115,2,SKU-116,2026-04-01,2,1,29.05,2180.81,Recife,PE,Nordeste
6116,824,SKU-144,2025-08-14,5,1,30.63,77.64,Maracanau,CE,Nordeste
6117,1048,SKU-186,2026-03-17,4,2,10.25,547.64,Juazeiro,BA,Nordeste
6118,648,SKU-062,2026-04-21,3,3,11.06,7467.27,Crato,CE,Nordeste
6119,1011,SKU-240,2026-01-20,1,1,28.88,366.71,Betim,MG,Sudeste
6120,1214,SKU-165,2025-02-18,8,1,9.04,1654.76,Samambaia,DF,Centro-Oeste
6121,1064,SKU-086,2025-03-27,3,2,15.31,5801.1,Santos,SP,Sudeste
6122,486,SKU-245,2025-10-01,8,1,34.29,2973.61,Presidente Figueiredo,AM,Norte
6123,221,SKU-166,2026-05-15,2,3,31.09,8920.05,Gravatai,RS,Sul
6124,606,SKU-240,2025-02-08,2,2,29.14,733.42,Maringa,PR,Sul
6125,620,SKU-150,2025-05-23,15,3,7.18,3422.67,Santa Maria,RS,Sul
6126,134,SKU-120,2025-07-11,13,4,24.28,8520.4,Serra Talhada,PE,Nordeste
6127,1065,SKU-191,2025-07-23,14,2,5.17,653.82,Feira de Santana,BA,Nordeste
6128,1428,SKU-094,2026-04-22,12,1,28.71,2069.57,Itabuna,BA,Nordeste
6129,832,SKU-003,2025-10-24,2,2,12.5,5770.64,Colombo,PR,Sul
6130,210,SKU-146,2026-06-08,5,2,25.72,4774.94,Maues,AM,Norte
6131,139,SKU-062,2026-05-20,3,2,8.34,4978.18,Curitiba,PR,Sul
6132,571,SKU-059,2025-01-21,10,1,21.35,2011.23,Sao Jose dos Campos,SP,Sudeste
6133,17,SKU-030,2025-11-03,8,1,19.75,1158.16,Lauro de Freitas,BA,Nordeste
6134,448,SKU-112,2025-06-22,9,1,30.56,844.2,Santa Maria,RS,Sul
6135,152,SKU-189,2025-10-22,5,2,33.17,2238.6,Itabuna,BA,Nordeste
6136,1292,SKU-239,2026-05-06,3,3,31.77,677.91,Osasco,SP,Sudeste
6137,1208,SKU-142,2025-05-29,8,1,32.73,916.37,Nova Iguacu,RJ,Sudeste
6138,653,SKU-149,2025-12-01,2,1,19.72,2880.07,Ipatinga,MG,Sudeste
6139,154,SKU-058,2025-12-24,7,3,13.83,3545.82,Coari,AM,Norte
6140,1005,SKU-210,2026-03-01,3,2,27.83,849.44,Maues,AM,Norte
6141,7,SKU-246,2025-06-20,8,2,20.76,5129.82,Juiz de Fora,MG,Sudeste
6142,9,SKU-157,2025-09-25,12,2,31.3,3753.32,Ipatinga,MG,Sudeste
6143,140,SKU-041,2026-01-24,3,3,15.29,6175.83,Lauro de Freitas,BA,Nordeste
6144,114,SKU-144,2025-02-21,1,2,12.07,155.28,Caxias do Sul,RS,Sul
6145,401,SKU-130,2025-12-29,12,3,26.62,167.94,Sorocaba,SP,Sudeste
6146,710,SKU-024,2025-09-17,8,2,24.78,3711.94,Itacoatiara,AM,Norte
6147,86,SKU-163,2025-09-30,8,1,22.59,929.64,Cascavel,PR,Sul
6148,1478,SKU-137,2025-03-09,13,2,29.8,4540.3,Betim,MG,Sudeste
6149,5,SKU-039,2025-03-15,4,3,34.09,4385.91,Nova Iguacu,RJ,Sudeste
6150,198,SKU-113,2025-07-13,6,2,19.16,3626.58,Montes Claros,MG,Sudeste
6151,194,SKU-211,2026-02-05,15,2,13.72,1929.84,Parintins,AM,Norte
6152,117,SKU-219,2025-12-28,1,4,34.34,4761.4,Cabo Frio,RJ,Sudeste
6153,848,SKU-235,2025-09-15,14,2,9.32,3965.3,Erechim,RS,Sul
6154,290,SKU-093,2025-05-20,10,3,26.08,1047.48,Londrina,PR,Sul
6155,1,SKU-194,2025-07-04,6,4,13.34,10061.76,Sobral,CE,Nordeste
6156,268,SKU-220,2025-06-03,4,3,5.53,6948.12,Caruaru,PE,Nordeste
6157,353,SKU-177,2025-08-25,13,4,13.65,11121.48,Gravatai,RS,Sul
6158,1351,SKU-127,2025-04-25,1,2,7.94,4650.64,Caruaru,PE,Nordeste
6159,388,SKU-167,2025-03-01,3,3,20.91,4390.53,Ribeirao Preto,SP,Sudeste
6160,903,SKU-227,2026-02-06,3,2,9.48,2728.54,Rio de Janeiro,RJ,Sudeste
6161,258,SKU-177,2025-11-24,10,4,13.44,11121.48,Cascavel,PR,Sul
6162,69,SKU-101,2026-05-18,7,2,14.77,628.36,Uberlandia,MG,Sudeste
6163,2,SKU-064,2025-11-02,8,1,10.01,2187.69,Presidente Figueiredo,AM,Norte
6164,981,SKU-200,2025-01-04,5,2,27.94,5908.52,Samambaia,DF,Centro-Oeste
6165,1247,SKU-157,2026-02-05,6,3,19.26,5629.98,Samambaia,DF,Centro-Oeste
6166,82,SKU-182,2025-12-11,5,4,9.91,11258.6,Volta Redonda,RJ,Sudeste
6167,41,SKU-206,2026-03-03,9,2,29.93,1306.04,Caucaia,CE,Nordeste
6168,449,SKU-212,2025-06-11,4,4,27.04,10445.8,Campinas,SP,Sudeste
6169,293,SKU-150,2025-04-05,13,4,16.62,4563.56,Pelotas,RS,Sul
6170,38,SKU-180,2026-04-14,13,4,34.64,3849.8,Planaltina,DF,Centro-Oeste
6171,11,SKU-068,2026-05-14,6,4,27.11,6792.84,Ribeirao Preto,SP,Sudeste
6172,87,SKU-058,2026-03-30,2,4,22.66,4727.76,Itapipoca,CE,Nordeste
6173,739,SKU-036,2026-04-17,10,4,9.51,1517.92,Ponta Grossa,PR,Sul
6174,265,SKU-232,2025-02-21,10,4,11.62,6781.76,Guarulhos,SP,Sudeste
6175,437,SKU-243,2025-06-27,15,2,26.26,5672.94,Presidente Figueiredo,AM,Norte
6176,13,SKU-129,2026-05-18,4,2,24.93,1122.8,Porto Seguro,BA,Nordeste
6177,594,SKU-020,2025-04-22,3,4,21.62,2326.28,Campos dos Goytacazes,RJ,Sudeste
6178,234,SKU-248,2026-05-04,6,4,11.6,7498.36,Rio de Janeiro,RJ,Sudeste
6179,1078,SKU-204,2026-04-19,6,2,13.97,1960.5,Gravata,PE,Nordeste
6180,983,SKU-001,2025-02-07,13,3,18.45,3669.84,Paranagua,PR,Sul
6181,678,SKU-223,2025-06-17,7,2,30.59,4987.54,Jaboatao dos Guararapes,PE,Nordeste
6182,1104,SKU-222,2025-06-07,10,1,21.34,874.92,Taguatinga,DF,Centro-Oeste
6183,246,SKU-226,2026-01-28,8,2,24.42,1636.28,Igarassu,PE,Nordeste
6184,1036,SKU-060,2026-01-20,8,4,11.91,6219.0,Vitoria da Conquista,BA,Nordeste
6185,96,SKU-003,2025-01-19,1,4,15.84,11541.28,Ribeirao Preto,SP,Sudeste
6186,649,SKU-071,2025-04-27,10,2,33.6,3239.62,Bento Goncalves,RS,Sul
6187,7,SKU-017,2026-04-16,1,3,32.48,1376.22,Itacoatiara,AM,Norte
6188,995,SKU-229,2026-04-26,11,1,34.56,1520.2,Itapipoca,CE,Nordeste
6189,393,SKU-186,2026-02-16,7,1,32.5,273.82,Montes Claros,MG,Sudeste
6190,760,SKU-107,2026-03-13,11,3,6.2,4912.68,Pocos de Caldas,MG,Sudeste
6191,1,SKU-228,2025-01-27,5,2,10.13,4826.2,Betim,MG,Sudeste
6192,1069,SKU-111,2025-03-27,9,4,14.77,9482.28,Crato,CE,Nordeste
6193,295,SKU-105,2025-07-07,5,4,15.65,1312.36,Fortaleza,CE,Nordeste
6194,1239,SKU-140,2025-07-25,11,2,27.62,1553.5,Contagem,MG,Sudeste
6195,811,SKU-068,2025-01-26,2,1,10.62,1698.21,Serra Talhada,PE,Nordeste
6196,325,SKU-197,2025-09-18,8,3,18.43,2617.74,Maringa,PR,Sul
6197,76,SKU-081,2025-09-26,12,1,25.37,1574.73,Fortaleza,CE,Nordeste
6198,999,SKU-083,2025-11-04,7,4,9.63,10660.8,Taguatinga,DF,Centro-Oeste
6199,119,SKU-224,2026-02-02,8,3,29.19,7528.08,Aguas Claras,DF,Centro-Oeste
6200,783,SKU-211,2025-09-15,12,4,8.32,3859.68,Ceilandia,DF,Centro-Oeste
6201,291,SKU-139,2025-02-14,1,4,11.97,7313.56,Rio de Janeiro,RJ,Sudeste
6202,1287,SKU-235,2026-04-04,1,4,19.1,7930.6,Recife,PE,Nordeste
6203,57,SKU-004,2025-01-26,13,2,25.67,5552.84,Petrolina,PE,Nordeste
6204,32,SKU-131,2025-06-20,3,2,12.45,4891.04,Vitoria da Conquista,BA,Nordeste
6205,3,SKU-080,2025-04-14,3,2,34.77,3284.08,Porto Seguro,BA,Nordeste
6206,615,SKU-028,2025-06-01,10,1,10.08,1158.5,Curitiba,PR,Sul
6207,107,SKU-021,2025-07-13,6,4,15.0,5496.88,Vitoria da Conquista,BA,Nordeste
6208,736,SKU-025,2026-04-01,4,4,14.58,3917.24,Sobradinho,DF,Centro-Oeste
6209,281,SKU-218,2025-11-28,3,1,29.86,468.98,Governador Valadares,MG,Sudeste
6210,406,SKU-158,2026-05-09,1,3,25.29,6848.16,Juazeiro do Norte,CE,Nordeste
6211,1409,SKU-170,2025-07-16,7,1,13.6,1688.95,Porto Alegre,RS,Sul
6212,21,SKU-061,2025-07-01,5,3,33.23,5676.03,Recanto das Emas,DF,Centro-Oeste
6213,322,SKU-154,2025-01-22,9,4,22.93,11906.16,Parintins,AM,Norte
6214,495,SKU-058,2026-04-29,1,1,6.8,1181.94,Sao Jose dos Pinhais,PR,Sul
6215,382,SKU-169,2025-04-18,9,2,24.79,4383.86,Guarapuava,PR,Sul
6216,1375,SKU-014,2026-01-30,4,4,20.44,4967.04,Manaus,AM,Norte
6217,552,SKU-037,2026-04-17,4,4,23.54,10260.24,Sorocaba,SP,Sudeste
6218,1390,SKU-139,2026-05-27,6,3,7.28,5485.17,Presidente Figueiredo,AM,Norte
6219,77,SKU-195,2025-09-15,11,2,34.7,445.76,Guara,DF,Centro-Oeste
6220,1362,SKU-059,2026-04-19,14,4,11.09,8044.92,Manaus,AM,Norte
6221,4,SKU-232,2025-04-03,11,3,25.03,5086.32,Pelotas,RS,Sul
6222,1241,SKU-199,2026-03-04,14,3,24.07,5912.58,Rio de Janeiro,RJ,Sudeste
6223,116,SKU-035,2025-07-30,7,2,32.95,5554.38,Osasco,SP,Sudeste
6224,212,SKU-097,2025-06-28,8,2,33.16,2160.1,Colombo,PR,Sul
6225,426,SKU-158,2025-08-23,15,3,30.77,6848.16,Niteroi,RJ,Sudeste
6226,133,SKU-166,2025-10-17,3,4,19.06,11893.4,Maracanau,CE,Nordeste
6227,751,SKU-022,2025-09-14,8,1,15.0,1226.91,Jaboatao dos Guararapes,PE,Nordeste
6228,1299,SKU-222,2025-03-30,12,2,13.39,1749.84,Uberlandia,MG,Sudeste
6229,521,SKU-147,2025-06-07,8,3,34.44,8141.64,Jaboatao dos Guararapes,PE,Nordeste
6230,124,SKU-059,2025-12-02,15,2,26.23,4022.46,Sorocaba,SP,Sudeste
6231,234,SKU-070,2025-05-07,1,4,9.68,7844.0,Santa Maria,RS,Sul
6232,243,SKU-215,2026-05-18,7,3,12.88,6512.19,Pelotas,RS,Sul
6233,66,SKU-182,2025-01-06,15,1,29.12,2814.65,Salvador,BA,Nordeste
6234,1480,SKU-243,2025-05-15,10,2,23.4,5672.94,Porto Alegre,RS,Sul
6235,42,SKU-020,2025-08-18,11,2,31.35,1163.14,Ribeirao Preto,SP,Sudeste
6236,168,SKU-180,2025-02-12,1,2,24.45,1924.9,Tefe,AM,Norte
6237,384,SKU-159,2025-11-02,8,2,6.05,4689.08,Pocos de Caldas,MG,Sudeste
6238,62,SKU-071,2025-12-10,10,1,9.15,1619.81,Feira de Santana,BA,Nordeste
6239,307,SKU-176,2025-05-30,10,3,14.99,7070.79,Igarassu,PE,Nordeste
6240,791,SKU-031,2026-01-24,9,1,24.36,988.93,Ipatinga,MG,Sudeste
6241,285,SKU-249,2025-10-31,15,4,29.46,2813.8,Porto Seguro,BA,Nordeste
6242,845,SKU-035,2025-02-26,13,4,23.18,11108.76,Juazeiro,BA,Nordeste
6243,909,SKU-227,2025-05-08,4,1,6.07,1364.27,Gama,DF,Centro-Oeste
6244,14,SKU-220,2025-04-23,12,3,16.47,6948.12,Igarassu,PE,Nordeste
6245,474,SKU-087,2026-03-31,14,1,11.33,591.12,Niteroi,RJ,Sudeste
6246,32,SKU-038,2025-03-10,11,1,13.1,355.73,Bento Goncalves,RS,Sul
6247,687,SKU-161,2025-07-05,12,3,18.53,6527.85,Paulista,PE,Nordeste
6248,1052,SKU-075,2025-12-30,5,1,29.18,2628.01,Juazeiro,BA,Nordeste
6249,453,SKU-227,2025-12-10,4,1,16.61,1364.27,Ribeirao Preto,SP,Sudeste
6250,518,SKU-141,2026-05-02,13,3,23.65,7261.11,Coari,AM,Norte
6251,129,SKU-001,2026-02-10,13,1,9.38,1223.28,Serra Talhada,PE,Nordeste
6252,1304,SKU-147,2026-01-10,10,3,6.45,8141.64,Uberlandia,MG,Sudeste
6253,430,SKU-159,2025-01-19,8,2,32.44,4689.08,Quixada,CE,Nordeste
6254,66,SKU-137,2026-05-31,10,1,14.89,2270.15,Santos,SP,Sudeste
6255,83,SKU-052,2026-02-01,10,4,18.46,6768.84,Vitoria da Conquista,BA,Nordeste
6256,379,SKU-035,2025-12-28,15,2,21.22,5554.38,Petropolis,RJ,Sudeste
6257,1062,SKU-115,2025-04-17,3,2,9.3,3455.64,Canoas,RS,Sul
6258,753,SKU-134,2026-06-06,13,3,28.12,2279.97,Ribeirao Preto,SP,Sudeste
6259,14,SKU-045,2026-05-13,11,3,10.32,4769.31,Petropolis,RJ,Sudeste
6260,1034,SKU-023,2025-11-30,13,3,24.54,3430.5,Colombo,PR,Sul
6261,197,SKU-038,2025-11-02,7,4,25.94,1422.92,Campinas,SP,Sudeste
6262,1047,SKU-024,2025-01-04,11,4,8.07,7423.88,Quixada,CE,Nordeste
6263,520,SKU-191,2026-05-17,2,2,5.44,653.82,Gama,DF,Centro-Oeste
6264,759,SKU-163,2026-02-08,1,1,18.41,929.64,Juazeiro do Norte,CE,Nordeste
6265,154,SKU-063,2025-07-02,2,3,5.27,7847.67,Curitiba,PR,Sul
6266,45,SKU-114,2025-12-17,4,4,33.89,8407.28,Santa Maria,RS,Sul
6267,254,SKU-071,2025-12-12,10,3,29.73,4859.43,Petropolis,RJ,Sudeste
6268,2,SKU-062,2025-03-26,14,2,20.87,4978.18,Gravata,PE,Nordeste
6269,285,SKU-118,2026-03-26,13,3,16.5,1498.65,Serra Talhada,PE,Nordeste
6270,1008,SKU-198,2025-07-26,10,4,12.26,5735.2,Belo Horizonte,MG,Sudeste
6271,131,SKU-191,2025-04-07,2,4,20.22,1307.64,Itabuna,BA,Nordeste
6272,1178,SKU-231,2025-01-02,13,4,33.39,7976.12,Campinas,SP,Sudeste
6273,151,SKU-029,2026-04-26,12,1,28.52,778.9,Ipatinga,MG,Sudeste
6274,1021,SKU-228,2025-05-13,13,3,28.98,7239.3,Caninde,CE,Nordeste
6275,91,SKU-079,2026-02-02,13,3,9.73,6949.89,Osasco,SP,Sudeste
6276,416,SKU-045,2025-09-01,7,2,28.22,3179.54,Erechim,RS,Sul
6277,1052,SKU-111,2025-11-09,3,4,25.33,9482.28,Maracanau,CE,Nordeste
6278,104,SKU-041,2025-09-19,4,2,23.13,4117.22,Nova Iguacu,RJ,Sudeste
6279,36,SKU-243,2025-01-06,11,4,7.16,11345.88,Serra Talhada,PE,Nordeste
6280,137,SKU-006,2026-01-02,5,4,22.65,4178.8,Ipatinga,MG,Sudeste
6281,1282,SKU-007,2026-01-11,7,4,23.53,9608.96,Itacoatiara,AM,Norte
6282,15,SKU-220,2026-03-16,11,1,10.99,2316.04,Bento Goncalves,RS,Sul
6283,859,SKU-040,2025-12-14,2,1,10.56,1148.86,Olinda,PE,Nordeste
6284,553,SKU-070,2026-05-02,5,4,6.43,7844.0,Curitiba,PR,Sul
6285,40,SKU-028,2025-10-23,7,2,25.79,2317.0,Paulista,PE,Nordeste
6286,44,SKU-019,2026-02-09,1,1,12.69,597.29,Ponta Grossa,PR,Sul
6287,1165,SKU-007,2026-03-26,12,2,14.17,4804.48,Garanhuns,PE,Nordeste
6288,1,SKU-235,2026-01-01,12,2,7.15,3965.3,Erechim,RS,Sul
6289,361,SKU-136,2025-08-03,13,4,13.52,126.8,Garanhuns,PE,Nordeste
6290,793,SKU-201,2025-08-18,5,4,19.17,5600.08,Juazeiro do Norte,CE,Nordeste
6291,904,SKU-046,2025-09-21,3,2,19.48,2873.52,Londrina,PR,Sul
6292,1083,SKU-171,2026-05-19,13,4,28.11,8019.52,Petropolis,RJ,Sudeste
6293,824,SKU-038,2026-03-13,14,1,9.78,355.73,Recanto das Emas,DF,Centro-Oeste
6294,1064,SKU-119,2026-04-05,10,3,24.76,413.37,Parintins,AM,Norte
6295,158,SKU-219,2025-02-08,14,4,26.2,4761.4,Petropolis,RJ,Sudeste
6296,329,SKU-103,2025-04-03,7,1,13.83,348.94,Osasco,SP,Sudeste
6297,349,SKU-049,2025-05-27,5,3,28.74,304.8,Gravata,PE,Nordeste
6298,421,SKU-008,2026-01-23,6,2,13.28,4177.7,Campos dos Goytacazes,RJ,Sudeste
6299,1263,SKU-158,2025-07-18,1,4,31.78,9130.88,Petropolis,RJ,Sudeste
6300,183,SKU-029,2025-12-30,7,2,20.07,1557.8,Caninde,CE,Nordeste
6301,1169,SKU-077,2026-04-21,7,4,5.23,9929.72,Serra Talhada,PE,Nordeste
6302,1497,SKU-236,2025-01-17,3,2,24.9,1272.32,Novo Hamburgo,RS,Sul
6303,377,SKU-008,2026-02-14,4,3,28.05,6266.55,Parintins,AM,Norte
6304,999,SKU-139,2025-12-05,5,4,25.69,7313.56,Gravatai,RS,Sul
6305,1123,SKU-094,2025-03-11,6,2,22.65,4139.14,Ribeirao Preto,SP,Sudeste
6306,460,SKU-145,2026-03-02,15,2,26.24,5199.28,Lauro de Freitas,BA,Nordeste
6307,212,SKU-075,2025-02-19,14,3,30.49,7884.03,Ribeirao Preto,SP,Sudeste
6308,162,SKU-023,2025-01-23,6,4,24.28,4574.0,Recife,PE,Nordeste
6309,478,SKU-012,2025-11-20,11,2,24.24,5028.62,Erechim,RS,Sul
6310,1381,SKU-129,2025-03-29,3,3,34.83,1684.2,Manacapuru,AM,Norte
6311,44,SKU-096,2026-05-16,9,1,10.06,1306.51,Campos dos Goytacazes,RJ,Sudeste
6312,852,SKU-104,2025-02-14,9,2,29.54,5173.72,Taguatinga,DF,Centro-Oeste
6313,1164,SKU-024,2025-09-21,11,4,32.36,7423.88,Serra Talhada,PE,Nordeste
6314,1098,SKU-212,2026-05-09,11,1,33.64,2611.45,Ilheus,BA,Nordeste
6315,855,SKU-179,2025-07-12,4,4,29.09,3000.84,Volta Redonda,RJ,Sudeste
6316,481,SKU-057,2026-01-22,10,4,27.86,8008.76,Cascavel,PR,Sul
6317,67,SKU-120,2025-10-16,7,2,6.57,4260.2,Maringa,PR,Sul
6318,1336,SKU-120,2025-10-02,2,3,29.04,6390.3,Jaboatao dos Guararapes,PE,Nordeste
6319,894,SKU-239,2025-12-25,15,4,21.87,903.88,Campos dos Goytacazes,RJ,Sudeste
6320,1,SKU-099,2025-11-11,14,1,16.1,1638.88,Maues,AM,Norte
6321,289,SKU-008,2025-03-19,7,4,32.98,8355.4,Uberaba,MG,Sudeste
6322,1099,SKU-222,2025-10-19,15,4,11.83,3499.68,Sobral,CE,Nordeste
6323,454,SKU-008,2025-06-03,4,4,22.96,8355.4,Ipatinga,MG,Sudeste
6324,1,SKU-211,2026-03-14,2,3,16.86,2894.76,Vitoria da Conquista,BA,Nordeste
6325,353,SKU-224,2026-01-16,9,4,14.43,10037.44,Sobradinho,DF,Centro-Oeste
6326,118,SKU-206,2026-03-10,1,3,29.8,1959.06,Bento Goncalves,RS,Sul
6327,682,SKU-226,2025-10-08,15,1,29.76,818.14,Teixeira de Freitas,BA,Nordeste
6328,511,SKU-089,2026-04-11,11,2,21.59,3430.68,Volta Redonda,RJ,Sudeste
6329,284,SKU-116,2026-04-26,2,2,20.88,4361.62,Porto Seguro,BA,Nordeste
6330,62,SKU-006,2025-05-09,4,2,30.7,2089.4,Iguatu,CE,Nordeste
6331,545,SKU-024,2026-02-08,13,3,28.36,5567.91,Maracanau,CE,Nordeste
6332,1023,SKU-116,2026-02-07,10,4,25.39,8723.24,Paulista,PE,Nordeste
6333,1240,SKU-076,2026-05-27,6,1,21.0,2724.44,Angra dos Reis,RJ,Sudeste
6334,1415,SKU-069,2025-02-09,8,4,8.23,7739.84,Recanto das Emas,DF,Centro-Oeste
6335,905,SKU-215,2025-12-19,7,1,7.61,2170.73,Crato,CE,Nordeste
6336,1359,SKU-211,2025-10-17,2,3,6.75,2894.76,Santos,SP,Sudeste
6337,4,SKU-026,2026-01-28,7,2,18.0,4799.12,Serra Talhada,PE,Nordeste
6338,1284,SKU-042,2026-04-11,15,2,11.44,4222.64,Governador Valadares,MG,Sudeste
6339,75,SKU-126,2025-07-24,5,1,21.93,81.03,Itacoatiara,AM,Norte
6340,65,SKU-149,2026-05-28,7,1,27.63,2880.07,Sao Paulo,SP,Sudeste
6341,350,SKU-177,2026-04-05,7,2,17.66,5560.74,Volta Redonda,RJ,Sudeste
6342,527,SKU-164,2025-11-05,3,4,29.17,2420.72,Campinas,SP,Sudeste
6343,588,SKU-243,2025-08-05,15,3,25.57,8509.41,Londrina,PR,Sul
6344,929,SKU-071,2026-01-31,1,1,19.62,1619.81,Volta Redonda,RJ,Sudeste
6345,1,SKU-164,2026-02-07,15,3,32.41,1815.54,Tabatinga,AM,Norte
6346,70,SKU-009,2025-09-24,9,3,16.23,4937.01,Tefe,AM,Norte
6347,1123,SKU-086,2025-07-06,1,2,9.55,5801.1,Belo Horizonte,MG,Sudeste
6348,898,SKU-238,2025-12-21,5,4,24.4,11795.84,Londrina,PR,Sul
6349,123,SKU-164,2025-02-27,15,1,20.23,605.18,Sao Jose dos Campos,SP,Sudeste
6350,134,SKU-037,2025-01-02,14,4,34.99,10260.24,Maues,AM,Norte
6351,1281,SKU-018,2026-05-27,9,1,13.42,2274.73,Garanhuns,PE,Nordeste
6352,1484,SKU-165,2025-01-29,3,1,28.98,1654.76,Aguas Claras,DF,Centro-Oeste
6353,30,SKU-245,2026-03-21,5,4,8.26,11894.44,Porto Alegre,RS,Sul
6354,241,SKU-088,2026-06-04,10,2,34.39,5612.42,Paulista,PE,Nordeste
6355,570,SKU-001,2025-04-09,14,4,25.1,4893.12,Camacari,BA,Nordeste
6356,714,SKU-213,2025-08-19,13,4,28.96,5904.32,Juiz de Fora,MG,Sudeste
6357,1385,SKU-246,2025-02-09,2,4,30.91,10259.64,Santos,SP,Sudeste
6358,95,SKU-006,2026-01-08,10,1,31.21,1044.7,Caruaru,PE,Nordeste
6359,508,SKU-125,2025-07-18,7,3,20.89,4972.14,Duque de Caxias,RJ,Sudeste
6360,1,SKU-173,2025-05-29,12,3,25.89,4397.07,Curitiba,PR,Sul
6361,343,SKU-177,2025-11-06,11,2,14.32,5560.74,Londrina,PR,Sul
6362,1416,SKU-211,2026-01-13,14,4,17.88,3859.68,Jaboatao dos Guararapes,PE,Nordeste
6363,1391,SKU-102,2025-07-10,15,1,11.68,1840.53,Erechim,RS,Sul
6364,58,SKU-096,2025-01-11,13,1,32.51,1306.51,Guara,DF,Centro-Oeste
6365,236,SKU-011,2025-07-18,14,2,29.09,4275.94,Paulista,PE,Nordeste
6366,981,SKU-181,2025-01-05,14,4,9.5,5254.16,Fortaleza,CE,Nordeste
6367,736,SKU-169,2025-03-19,4,1,23.6,2191.93,Autazes,AM,Norte
6368,1301,SKU-016,2025-01-19,7,3,15.25,95.31,Parintins,AM,Norte
6369,677,SKU-121,2025-07-11,5,1,23.02,265.39,Porto Alegre,RS,Sul
6370,32,SKU-009,2025-03-31,8,3,22.57,4937.01,Vitoria da Conquista,BA,Nordeste
6371,88,SKU-021,2026-03-26,15,4,15.53,5496.88,Igarassu,PE,Nordeste
6372,61,SKU-071,2025-04-21,12,2,20.32,3239.62,Salvador,BA,Nordeste
6373,103,SKU-217,2025-11-16,13,1,6.64,38.13,Gama,DF,Centro-Oeste
6374,1169,SKU-155,2025-07-11,12,2,10.44,206.62,Taguatinga,DF,Centro-Oeste
6375,1156,SKU-066,2025-09-27,15,1,26.51,2619.46,Garanhuns,PE,Nordeste
6376,1232,SKU-022,2025-12-20,15,2,25.8,2453.82,Belo Horizonte,MG,Sudeste
6377,538,SKU-212,2026-01-30,9,3,29.58,7834.35,Jaboatao dos Guararapes,PE,Nordeste
6378,62,SKU-241,2025-06-22,2,3,29.11,1177.89,Lauro de Freitas,BA,Nordeste
6379,142,SKU-046,2025-03-18,6,1,26.25,1436.76,Betim,MG,Sudeste
6380,227,SKU-016,2025-12-19,11,1,20.35,31.77,Osasco,SP,Sudeste
6381,5,SKU-106,2025-04-27,8,4,33.19,1906.6,Osasco,SP,Sudeste
6382,1270,SKU-052,2025-12-15,14,2,33.84,3384.42,Paranagua,PR,Sul
6383,67,SKU-068,2025-06-08,1,1,31.66,1698.21,Teixeira de Freitas,BA,Nordeste
6384,848,SKU-111,2026-01-08,1,3,22.41,7111.71,Teixeira de Freitas,BA,Nordeste
6385,378,SKU-048,2026-05-06,12,2,23.04,2443.88,Guarapuava,PR,Sul
6386,512,SKU-191,2025-03-15,11,1,26.85,326.91,Uberlandia,MG,Sudeste
6387,1467,SKU-123,2025-02-22,8,2,26.07,2492.22,Campos dos Goytacazes,RJ,Sudeste
6388,18,SKU-234,2026-05-02,3,2,29.52,182.9,Santos,SP,Sudeste
6389,812,SKU-021,2025-02-08,9,2,17.53,2748.44,Rio de Janeiro,RJ,Sudeste
6390,74,SKU-141,2025-07-31,5,2,5.56,4840.74,Ceilandia,DF,Centro-Oeste
6391,767,SKU-164,2025-05-06,13,2,21.08,1210.36,Londrina,PR,Sul
6392,176,SKU-216,2025-09-11,3,1,25.32,1101.36,Presidente Figueiredo,AM,Norte
6393,90,SKU-124,2025-08-25,10,1,11.91,304.04,Juazeiro do Norte,CE,Nordeste
6394,453,SKU-121,2025-07-03,15,4,32.89,1061.56,Nova Iguacu,RJ,Sudeste
6395,1336,SKU-192,2025-02-11,8,3,9.22,91.89,Bento Goncalves,RS,Sul
6396,687,SKU-130,2025-01-24,10,1,5.42,55.98,Quixada,CE,Nordeste
6397,287,SKU-041,2026-04-17,9,4,27.11,8234.44,Guara,DF,Centro-Oeste
6398,929,SKU-039,2026-01-18,2,2,30.26,2923.94,Recanto das Emas,DF,Centro-Oeste
6399,62,SKU-135,2025-11-27,14,3,33.46,5793.6,Caxias do Sul,RS,Sul
6400,779,SKU-161,2025-09-25,13,3,21.12,6527.85,Feira de Santana,BA,Nordeste
6401,523,SKU-065,2025-10-15,5,2,25.13,5450.6,Santa Maria,RS,Sul
6402,5,SKU-096,2026-06-03,9,3,28.79,3919.53,Rio de Janeiro,RJ,Sudeste
6403,428,SKU-039,2025-04-16,11,4,7.88,5847.88,Osasco,SP,Sudeste
6404,322,SKU-138,2025-11-29,7,2,7.41,2831.72,Recanto das Emas,DF,Centro-Oeste
6405,136,SKU-211,2026-02-11,14,1,21.77,964.92,Juazeiro do Norte,CE,Nordeste
6406,1017,SKU-065,2026-05-27,9,4,34.2,10901.2,Itabuna,BA,Nordeste
6407,874,SKU-141,2025-05-02,6,4,28.82,9681.48,Manacapuru,AM,Norte
6408,63,SKU-071,2026-04-28,14,1,29.23,1619.81,Rio de Janeiro,RJ,Sudeste
6409,1276,SKU-240,2025-05-02,10,4,9.53,1466.84,Sobradinho,DF,Centro-Oeste
6410,1143,SKU-123,2025-09-19,7,3,17.64,3738.33,Caxias do Sul,RS,Sul
6411,484,SKU-023,2025-12-20,12,1,16.65,1143.5,Ceilandia,DF,Centro-Oeste
6412,580,SKU-127,2025-02-18,10,3,32.12,6975.96,Feira de Santana,BA,Nordeste
6413,729,SKU-074,2025-07-05,2,2,27.49,3130.96,Garanhuns,PE,Nordeste
6414,1092,SKU-242,2025-01-15,14,1,19.36,2373.33,Colombo,PR,Sul
6415,1498,SKU-042,2025-11-24,2,2,13.06,4222.64,Igarassu,PE,Nordeste
6416,553,SKU-016,2026-01-27,12,3,29.75,95.31,Maracanau,CE,Nordeste
6417,519,SKU-198,2026-05-06,9,3,10.78,4301.4,Presidente Figueiredo,AM,Norte
6418,72,SKU-186,2025-10-07,15,2,14.88,547.64,Gama,DF,Centro-Oeste
6419,1319,SKU-249,2025-04-27,12,2,10.72,1406.9,Campos dos Goytacazes,RJ,Sudeste
6420,550,SKU-233,2025-10-02,7,2,9.0,4129.4,Betim,MG,Sudeste
6421,496,SKU-090,2025-12-31,9,1,17.55,2945.64,Caninde,CE,Nordeste
6422,951,SKU-169,2026-05-24,5,4,19.46,8767.72,Belo Horizonte,MG,Sudeste
6423,90,SKU-145,2026-05-25,3,1,20.06,2599.64,Coari,AM,Norte
6424,339,SKU-029,2026-01-20,6,4,14.49,3115.6,Foz do Iguacu,PR,Sul
6425,819,SKU-203,2025-06-16,8,3,5.55,1420.5,Santa Maria,RS,Sul
6426,295,SKU-154,2026-02-16,1,3,27.24,8929.62,Cascavel,PR,Sul
6427,276,SKU-133,2025-11-04,4,2,15.2,5178.42,Pocos de Caldas,MG,Sudeste
6428,250,SKU-060,2025-01-06,3,1,7.2,1554.75,Maues,AM,Norte
6429,25,SKU-049,2025-07-13,13,1,32.61,101.6,Sao Paulo,SP,Sudeste
6430,201,SKU-110,2025-12-16,9,4,31.59,1836.84,Contagem,MG,Sudeste
6431,290,SKU-032,2026-02-22,10,1,7.29,1852.74,Jaboatao dos Guararapes,PE,Nordeste
6432,23,SKU-219,2025-09-07,10,4,25.32,4761.4,Sao Bernardo do Campo,SP,Sudeste
6433,179,SKU-139,2025-02-02,14,3,27.35,5485.17,Cabo Frio,RJ,Sudeste
6434,157,SKU-076,2026-05-21,13,4,12.24,10897.76,Sao Jose dos Campos,SP,Sudeste
6435,28,SKU-201,2025-11-06,4,4,29.94,5600.08,Campos dos Goytacazes,RJ,Sudeste
6436,59,SKU-135,2025-11-17,7,3,17.19,5793.6,Canoas,RS,Sul
6437,263,SKU-218,2025-01-06,8,2,11.69,937.96,Uberlandia,MG,Sudeste
6438,610,SKU-169,2025-05-18,9,1,8.53,2191.93,Itacoatiara,AM,Norte
6439,508,SKU-064,2025-01-29,2,3,7.23,6563.07,Ipatinga,MG,Sudeste
6440,573,SKU-091,2025-03-31,11,3,18.79,2880.09,Aguas Claras,DF,Centro-Oeste
6441,7,SKU-086,2026-01-22,10,2,12.3,5801.1,Porto Alegre,RS,Sul
6442,109,SKU-148,2026-04-07,12,4,33.48,5646.64,Tabatinga,AM,Norte
6443,117,SKU-067,2026-01-30,6,3,14.75,6978.3,Uberaba,MG,Sudeste
6444,112,SKU-215,2025-07-30,1,4,11.23,8682.92,Porto Alegre,RS,Sul
6445,85,SKU-002,2025-10-06,4,4,7.97,9793.04,Olinda,PE,Nordeste
6446,133,SKU-167,2025-06-30,15,3,12.42,4390.53,Campinas,SP,Sudeste
6447,30,SKU-135,2025-04-02,2,3,5.36,5793.6,Campinas,SP,Sudeste
6448,35,SKU-089,2025-05-18,9,1,19.64,1715.34,Parintins,AM,Norte
6449,382,SKU-169,2025-10-27,14,1,14.1,2191.93,Porto Seguro,BA,Nordeste
6450,276,SKU-061,2026-04-07,11,1,19.81,1892.01,Ponta Grossa,PR,Sul
6451,666,SKU-050,2026-04-12,4,3,7.43,5969.37,Gravatai,RS,Sul
6452,1117,SKU-090,2025-09-27,11,4,27.21,11782.56,Juiz de Fora,MG,Sudeste
6453,444,SKU-182,2025-11-04,1,4,27.89,11258.6,Garanhuns,PE,Nordeste
6454,8,SKU-125,2025-11-11,7,1,22.27,1657.38,Petropolis,RJ,Sudeste
6455,23,SKU-058,2026-01-18,9,1,16.06,1181.94,Londrina,PR,Sul
6456,937,SKU-095,2025-11-01,13,1,6.73,360.95,Presidente Figueiredo,AM,Norte
6457,256,SKU-112,2025-01-08,11,3,16.6,2532.6,Ilheus,BA,Nordeste
6458,123,SKU-220,2025-11-18,8,4,27.33,9264.16,Guara,DF,Centro-Oeste
6459,208,SKU-110,2025-03-10,2,2,12.38,918.42,Sao Paulo,SP,Sudeste
6460,865,SKU-084,2025-05-17,11,2,23.37,2937.0,Curitiba,PR,Sul
6461,17,SKU-007,2026-05-10,1,4,9.95,9608.96,Maringa,PR,Sul
6462,20,SKU-191,2025-04-22,10,4,9.1,1307.64,Belo Horizonte,MG,Sudeste
6463,148,SKU-066,2025-06-28,14,2,5.73,5238.92,Betim,MG,Sudeste
6464,1491,SKU-173,2026-01-04,4,4,18.67,5862.76,Maues,AM,Norte
6465,137,SKU-172,2025-09-03,4,4,9.47,7174.96,Guarulhos,SP,Sudeste
6466,162,SKU-026,2025-08-06,8,4,27.07,9598.24,Maues,AM,Norte
6467,108,SKU-128,2026-01-04,6,2,27.32,797.38,Vitoria da Conquista,BA,Nordeste
6468,441,SKU-223,2025-09-10,6,3,14.71,7481.31,Recanto das Emas,DF,Centro-Oeste
6469,28,SKU-070,2025-04-18,4,3,12.44,5883.0,Ribeirao Preto,SP,Sudeste
6470,464,SKU-033,2025-10-21,5,2,5.07,5184.54,Autazes,AM,Norte
6471,482,SKU-104,2025-02-03,5,4,30.53,10347.44,Duque de Caxias,RJ,Sudeste
6472,828,SKU-093,2025-02-21,6,4,22.37,1396.64,Passo Fundo,RS,Sul
6473,746,SKU-147,2025-02-19,9,1,14.79,2713.88,Salvador,BA,Nordeste
6474,461,SKU-223,2026-03-15,6,2,22.18,4987.54,Coari,AM,Norte
6475,122,SKU-002,2025-11-25,6,2,34.07,4896.52,Aguas Claras,DF,Centro-Oeste
6476,96,SKU-012,2025-09-18,10,4,17.33,10057.24,Manaus,AM,Norte
6477,473,SKU-243,2026-02-10,2,2,32.3,5672.94,Sorocaba,SP,Sudeste
6478,1027,SKU-061,2025-10-11,6,3,34.97,5676.03,Ipatinga,MG,Sudeste
6479,211,SKU-163,2026-05-18,15,1,8.73,929.64,Maringa,PR,Sul
6480,1271,SKU-087,2025-01-22,4,2,23.89,1182.24,Serra Talhada,PE,Nordeste
6481,231,SKU-058,2025-11-03,1,1,9.64,1181.94,Niteroi,RJ,Sudeste
6482,120,SKU-077,2025-02-12,4,3,16.67,7447.29,Paulista,PE,Nordeste
6483,1239,SKU-163,2025-08-07,15,1,23.61,929.64,Garanhuns,PE,Nordeste
6484,1287,SKU-080,2025-05-08,12,4,16.28,6568.16,Sorocaba,SP,Sudeste
6485,169,SKU-116,2025-07-14,4,1,12.83,2180.81,Ilheus,BA,Nordeste
6486,274,SKU-048,2025-08-16,12,2,7.42,2443.88,Caxias do Sul,RS,Sul
6487,44,SKU-020,2025-02-17,9,1,8.53,581.57,Sao Jose dos Campos,SP,Sudeste
6488,373,SKU-049,2025-01-27,10,1,33.41,101.6,Caninde,CE,Nordeste
6489,933,SKU-133,2025-04-07,12,4,21.56,10356.84,Fortaleza,CE,Nordeste
6490,1288,SKU-221,2026-01-30,15,4,20.28,7140.8,Coari,AM,Norte
6491,69,SKU-051,2025-04-01,4,4,14.61,913.8,Sobradinho,DF,Centro-Oeste
6492,86,SKU-137,2025-03-09,12,2,19.71,4540.3,Sao Jose dos Pinhais,PR,Sul
6493,6,SKU-217,2025-10-03,4,1,15.8,38.13,Erechim,RS,Sul
6494,129,SKU-247,2025-09-29,4,4,24.69,6207.56,Coari,AM,Norte
6495,541,SKU-209,2025-08-08,1,4,10.34,7940.96,Camacari,BA,Nordeste
6496,17,SKU-234,2025-12-11,5,2,24.98,182.9,Camacari,BA,Nordeste
6497,503,SKU-040,2025-01-19,3,1,11.13,1148.86,Porto Alegre,RS,Sul
6498,1,SKU-234,2025-05-19,14,4,24.69,365.8,Recife,PE,Nordeste
6499,24,SKU-059,2026-06-04,6,3,14.7,6033.69,Juazeiro,BA,Nordeste
6500,7,SKU-025,2025-04-05,5,4,30.45,3917.24,Jaboatao dos Guararapes,PE,Nordeste
6501,46,SKU-203,2026-03-06,8,2,13.88,947.0,Novo Hamburgo,RS,Sul
6502,356,SKU-181,2025-01-04,1,3,23.88,3940.62,Niteroi,RJ,Sudeste
6503,391,SKU-014,2025-07-02,4,4,31.81,4967.04,Ceilandia,DF,Centro-Oeste
6504,1293,SKU-169,2026-05-04,6,3,30.34,6575.79,Presidente Figueiredo,AM,Norte
6505,1340,SKU-069,2025-05-24,2,3,9.5,5804.88,Itabuna,BA,Nordeste
6506,309,SKU-194,2025-03-13,3,1,15.88,2515.44,Passo Fundo,RS,Sul
6507,1475,SKU-105,2025-12-19,4,4,11.72,1312.36,Passo Fundo,RS,Sul
6508,1372,SKU-050,2025-11-11,15,1,23.53,1989.79,Sao Paulo,SP,Sudeste
6509,3,SKU-065,2025-07-01,8,1,32.41,2725.3,Petropolis,RJ,Sudeste
6510,335,SKU-203,2025-01-29,11,4,33.85,1894.0,Montes Claros,MG,Sudeste
6511,522,SKU-250,2026-04-28,3,4,13.88,9277.56,Niteroi,RJ,Sudeste
6512,815,SKU-080,2026-05-29,13,3,10.24,4926.12,Juazeiro do Norte,CE,Nordeste
6513,369,SKU-197,2025-06-02,1,1,34.45,872.58,Planaltina,DF,Centro-Oeste
6514,665,SKU-227,2025-10-22,4,4,21.71,5457.08,Ceilandia,DF,Centro-Oeste
6515,295,SKU-029,2026-03-24,13,1,23.92,778.9,Coari,AM,Norte
6516,533,SKU-218,2026-05-31,12,1,23.98,468.98,Caruaru,PE,Nordeste
6517,437,SKU-208,2025-05-10,5,4,31.39,10254.44,Londrina,PR,Sul
6518,197,SKU-235,2025-12-19,4,1,22.72,1982.65,Canoas,RS,Sul
6519,1199,SKU-155,2026-05-04,12,1,11.65,103.31,Itacoatiara,AM,Norte
6520,124,SKU-044,2026-01-04,8,2,19.89,3007.1,Sao Jose dos Pinhais,PR,Sul
6521,603,SKU-060,2025-10-12,13,3,32.29,4664.25,Caruaru,PE,Nordeste
6522,664,SKU-099,2025-09-25,10,4,12.72,6555.52,Paulista,PE,Nordeste
6523,28,SKU-026,2025-03-27,14,1,7.11,2399.56,Vitoria da Conquista,BA,Nordeste
6524,49,SKU-019,2025-04-06,9,3,31.5,1791.87,Gama,DF,Centro-Oeste
6525,440,SKU-042,2025-07-20,7,4,28.93,8445.28,Autazes,AM,Norte
6526,235,SKU-131,2025-06-27,2,2,9.44,4891.04,Feira de Santana,BA,Nordeste
6527,102,SKU-150,2025-12-03,11,2,10.18,2281.78,Sao Jose dos Pinhais,PR,Sul
6528,959,SKU-093,2026-04-06,9,1,11.27,349.16,Iguatu,CE,Nordeste
6529,665,SKU-015,2025-03-30,1,2,29.92,3884.78,Paranagua,PR,Sul
6530,1090,SKU-049,2025-02-28,4,1,13.78,101.6,Maringa,PR,Sul
6531,303,SKU-113,2025-10-10,8,3,25.42,5439.87,Feira de Santana,BA,Nordeste
6532,876,SKU-060,2025-07-18,14,1,7.02,1554.75,Ilheus,BA,Nordeste
6533,401,SKU-101,2026-01-13,2,4,20.92,1256.72,Lauro de Freitas,BA,Nordeste
6534,280,SKU-239,2025-12-28,3,3,24.08,677.91,Angra dos Reis,RJ,Sudeste
6535,930,SKU-100,2025-09-14,1,2,7.3,4458.3,Novo Hamburgo,RS,Sul
6536,1196,SKU-123,2025-04-06,14,3,33.15,3738.33,Juiz de Fora,MG,Sudeste
6537,697,SKU-156,2025-10-18,7,3,11.01,4084.89,Teresopolis,RJ,Sudeste
6538,760,SKU-082,2025-03-25,9,4,13.46,3054.68,Londrina,PR,Sul
6539,670,SKU-201,2025-12-08,6,3,30.67,4200.06,Osasco,SP,Sudeste
6540,803,SKU-133,2025-01-14,13,3,28.08,7767.63,Guarulhos,SP,Sudeste
6541,583,SKU-178,2025-04-20,10,1,30.82,2235.29,Guara,DF,Centro-Oeste
6542,455,SKU-152,2026-03-13,2,3,27.15,4656.93,Nova Iguacu,RJ,Sudeste
6543,22,SKU-227,2026-05-27,9,1,34.29,1364.27,Maues,AM,Norte
6544,835,SKU-086,2026-04-04,14,3,25.82,8701.65,Campos dos Goytacazes,RJ,Sudeste
6545,369,SKU-109,2025-11-25,15,4,19.16,6149.8,Sobradinho,DF,Centro-Oeste
6546,292,SKU-127,2025-12-04,1,1,26.94,2325.32,Itacoatiara,AM,Norte
6547,70,SKU-143,2026-01-12,10,2,24.64,1839.14,Teixeira de Freitas,BA,Nordeste
6548,146,SKU-016,2025-03-09,11,3,33.44,95.31,Londrina,PR,Sul
6549,216,SKU-005,2026-02-13,11,3,7.68,3150.18,Autazes,AM,Norte
6550,18,SKU-098,2026-05-17,9,4,10.99,2732.08,Manaus,AM,Norte
6551,910,SKU-030,2025-09-16,8,4,30.93,4632.64,Crato,CE,Nordeste
6552,664,SKU-179,2026-01-25,2,3,13.71,2250.63,Contagem,MG,Sudeste
6553,1465,SKU-250,2025-07-25,4,3,33.93,6958.17,Gravata,PE,Nordeste
6554,577,SKU-200,2026-01-27,14,3,18.86,8862.78,Erechim,RS,Sul
6555,200,SKU-006,2025-02-16,2,1,17.67,1044.7,Foz do Iguacu,PR,Sul
6556,601,SKU-044,2025-10-05,13,1,10.22,1503.55,Maues,AM,Norte
6557,1313,SKU-158,2025-07-13,12,1,11.09,2282.72,Duque de Caxias,RJ,Sudeste
6558,339,SKU-243,2025-02-22,12,3,5.08,8509.41,Olinda,PE,Nordeste
6559,1257,SKU-037,2025-06-14,4,2,15.49,5130.12,Gama,DF,Centro-Oeste
6560,308,SKU-044,2025-05-02,4,1,26.73,1503.55,Tabatinga,AM,Norte
6561,58,SKU-114,2025-05-13,7,4,29.06,8407.28,Sao Bernardo do Campo,SP,Sudeste
6562,336,SKU-249,2025-10-08,4,1,15.91,703.45,Guara,DF,Centro-Oeste
6563,1394,SKU-062,2026-04-13,6,3,24.98,7467.27,Sobral,CE,Nordeste
6564,1450,SKU-212,2025-03-04,14,2,5.12,5222.9,Gravata,PE,Nordeste
6565,36,SKU-067,2025-05-06,10,4,32.69,9304.4,Ribeirao Preto,SP,Sudeste
6566,725,SKU-125,2025-06-02,15,3,9.07,4972.14,Ceilandia,DF,Centro-Oeste
6567,526,SKU-018,2026-03-16,13,2,18.56,4549.46,Sobradinho,DF,Centro-Oeste
6568,1327,SKU-010,2025-10-03,15,4,9.38,11221.92,Pocos de Caldas,MG,Sudeste
6569,448,SKU-182,2025-06-22,1,2,22.35,5629.3,Guara,DF,Centro-Oeste
6570,893,SKU-241,2026-03-27,11,4,6.17,1570.52,Volta Redonda,RJ,Sudeste
6571,51,SKU-191,2025-11-04,2,2,34.54,653.82,Ponta Grossa,PR,Sul
6572,6,SKU-245,2025-05-10,15,2,29.34,5947.22,Rio de Janeiro,RJ,Sudeste
6573,79,SKU-104,2026-04-29,3,3,29.51,7760.58,Piracicaba,SP,Sudeste
6574,1498,SKU-088,2025-09-27,4,2,19.91,5612.42,Sobradinho,DF,Centro-Oeste
6575,23,SKU-221,2025-05-05,1,1,12.12,1785.2,Ponta Grossa,PR,Sul
6576,1260,SKU-027,2025-11-06,6,2,31.44,4150.24,Ilheus,BA,Nordeste
6577,3,SKU-222,2025-05-16,13,4,24.11,3499.68,Sobradinho,DF,Centro-Oeste
6578,768,SKU-133,2026-01-13,9,1,22.85,2589.21,Sobral,CE,Nordeste
6579,471,SKU-180,2025-11-03,15,4,24.66,3849.8,Colombo,PR,Sul
6580,44,SKU-049,2025-06-25,14,4,34.11,406.4,Maringa,PR,Sul
6581,181,SKU-078,2026-02-22,5,3,33.79,5416.05,Angra dos Reis,RJ,Sudeste
6582,36,SKU-093,2025-11-02,13,1,34.03,349.16,Garanhuns,PE,Nordeste
6583,16,SKU-039,2025-10-04,11,3,5.76,4385.91,Campos dos Goytacazes,RJ,Sudeste
6584,5,SKU-026,2025-06-10,2,3,26.12,7198.68,Cabo Frio,RJ,Sudeste
6585,21,SKU-105,2025-02-24,10,4,16.92,1312.36,Rio de Janeiro,RJ,Sudeste
6586,1323,SKU-103,2025-06-16,9,4,27.01,1395.76,Campos dos Goytacazes,RJ,Sudeste
6587,122,SKU-047,2025-01-20,13,2,6.41,447.14,Caxias do Sul,RS,Sul
6588,158,SKU-207,2025-02-05,10,2,13.44,2381.32,Pelotas,RS,Sul
6589,205,SKU-232,2025-11-01,12,1,24.93,1695.44,Gravata,PE,Nordeste
6590,243,SKU-038,2026-02-08,13,1,26.24,355.73,Juazeiro do Norte,CE,Nordeste
6591,127,SKU-195,2026-04-14,9,2,29.11,445.76,Caxias do Sul,RS,Sul
6592,1120,SKU-146,2026-05-18,5,1,18.02,2387.47,Ribeirao Preto,SP,Sudeste
6593,241,SKU-005,2025-08-04,8,4,13.45,4200.24,Foz do Iguacu,PR,Sul
6594,12,SKU-160,2025-03-20,12,4,25.39,11203.4,Santa Maria,RS,Sul
6595,40,SKU-161,2025-03-17,5,3,9.34,6527.85,Niteroi,RJ,Sudeste
6596,3,SKU-168,2025-03-21,10,2,33.97,2991.28,Petrolina,PE,Nordeste
6597,33,SKU-152,2025-01-11,14,4,6.72,6209.24,Manacapuru,AM,Norte
6598,491,SKU-045,2026-04-19,3,1,30.52,1589.77,Santa Maria,RS,Sul
6599,145,SKU-015,2026-03-03,3,3,24.96,5827.17,Taguatinga,DF,Centro-Oeste
6600,1044,SKU-081,2026-04-01,13,1,17.63,1574.73,Curitiba,PR,Sul
6601,3,SKU-218,2026-05-29,5,3,29.67,1406.94,Londrina,PR,Sul
6602,84,SKU-072,2026-01-08,10,4,14.23,5914.92,Caruaru,PE,Nordeste
6603,362,SKU-209,2026-05-28,7,1,30.22,1985.24,Belo Horizonte,MG,Sudeste
6604,74,SKU-091,2026-05-21,10,3,24.1,2880.09,Guara,DF,Centro-Oeste
6605,123,SKU-120,2025-11-20,7,4,18.82,8520.4,Petrolina,PE,Nordeste
6606,666,SKU-127,2026-01-22,12,4,33.07,9301.28,Sao Jose dos Pinhais,PR,Sul
6607,18,SKU-078,2026-06-07,15,1,16.79,1805.35,Planaltina,DF,Centro-Oeste
6608,1,SKU-043,2025-11-05,12,2,9.84,844.08,Petrolina,PE,Nordeste
6609,200,SKU-180,2025-05-20,2,3,26.64,2887.35,Maringa,PR,Sul
6610,153,SKU-025,2025-01-14,6,1,13.52,979.31,Manacapuru,AM,Norte
6611,1341,SKU-011,2025-02-24,9,3,30.28,6413.91,Teresopolis,RJ,Sudeste
6612,64,SKU-094,2025-03-19,10,3,17.01,6208.71,Sorocaba,SP,Sudeste
6613,678,SKU-138,2025-08-21,8,4,17.38,5663.44,Erechim,RS,Sul
6614,513,SKU-009,2025-02-07,13,3,18.76,4937.01,Manacapuru,AM,Norte
6615,109,SKU-005,2025-02-20,1,4,15.74,4200.24,Gama,DF,Centro-Oeste
6616,662,SKU-246,2025-08-05,4,3,13.17,7694.73,Feira de Santana,BA,Nordeste
6617,1249,SKU-071,2025-02-08,3,2,26.76,3239.62,Planaltina,DF,Centro-Oeste
6618,1410,SKU-039,2025-02-14,13,3,22.57,4385.91,Sao Jose dos Campos,SP,Sudeste
6619,20,SKU-203,2025-04-10,10,3,15.11,1420.5,Gama,DF,Centro-Oeste
6620,580,SKU-234,2026-01-13,12,2,32.39,182.9,Teresopolis,RJ,Sudeste
6621,304,SKU-111,2026-02-05,13,3,14.68,7111.71,Novo Hamburgo,RS,Sul
6622,6,SKU-140,2025-03-30,3,1,24.38,776.75,Sao Jose dos Campos,SP,Sudeste
6623,465,SKU-172,2025-09-12,4,2,25.82,3587.48,Bento Goncalves,RS,Sul
6624,250,SKU-225,2025-10-21,8,3,34.26,7682.79,Ceilandia,DF,Centro-Oeste
6625,518,SKU-211,2025-03-14,2,4,15.14,3859.68,Colombo,PR,Sul
6626,1154,SKU-026,2025-10-29,2,4,21.59,9598.24,Governador Valadares,MG,Sudeste
6627,27,SKU-061,2026-05-05,9,1,10.19,1892.01,Itabuna,BA,Nordeste
6628,1048,SKU-227,2025-09-21,6,3,6.25,4092.81,Gravatai,RS,Sul
6629,603,SKU-154,2026-02-11,3,4,11.71,11906.16,Caxias do Sul,RS,Sul
6630,27,SKU-206,2025-03-18,7,2,14.31,1306.04,Guarapuava,PR,Sul
6631,741,SKU-033,2025-04-24,2,2,32.66,5184.54,Olinda,PE,Nordeste
6632,181,SKU-152,2025-10-10,2,3,5.43,4656.93,Recife,PE,Nordeste
6633,1065,SKU-075,2026-03-06,12,1,25.87,2628.01,Sorocaba,SP,Sudeste
6634,1458,SKU-071,2025-10-16,10,3,33.02,4859.43,Itabuna,BA,Nordeste
6635,69,SKU-233,2025-03-05,15,1,19.39,2064.7,Parintins,AM,Norte
6636,71,SKU-176,2025-07-13,15,3,12.07,7070.79,Novo Hamburgo,RS,Sul
6637,594,SKU-017,2026-03-30,8,3,8.33,1376.22,Sao Paulo,SP,Sudeste
6638,673,SKU-099,2026-01-12,9,2,15.08,3277.76,Ilheus,BA,Nordeste
6639,828,SKU-130,2026-03-13,13,4,7.65,223.92,Gravatai,RS,Sul
6640,422,SKU-157,2025-01-03,12,3,5.14,5629.98,Porto Alegre,RS,Sul
6641,827,SKU-016,2026-05-08,7,2,21.97,63.54,Tabatinga,AM,Norte
6642,1437,SKU-064,2026-02-01,15,4,17.11,8750.76,Caxias do Sul,RS,Sul
6643,1281,SKU-194,2026-02-19,4,2,25.7,5030.88,Caruaru,PE,Nordeste
6644,460,SKU-118,2025-12-09,3,3,19.68,1498.65,Niteroi,RJ,Sudeste
6645,15,SKU-051,2026-01-03,5,2,31.87,456.9,Erechim,RS,Sul
6646,47,SKU-114,2025-06-24,2,2,32.32,4203.64,Autazes,AM,Norte
6647,896,SKU-227,2026-03-03,5,3,27.29,4092.81,Recife,PE,Nordeste
6648,8,SKU-143,2026-04-21,7,3,14.15,2758.71,Fortaleza,CE,Nordeste
6649,130,SKU-021,2025-07-30,10,2,15.12,2748.44,Itacoatiara,AM,Norte
6650,1083,SKU-204,2025-06-08,4,3,30.95,2940.75,Maringa,PR,Sul
6651,1195,SKU-199,2025-02-15,13,4,21.39,7883.44,Ponta Grossa,PR,Sul
6652,540,SKU-152,2025-08-17,4,4,5.8,6209.24,Governador Valadares,MG,Sudeste
6653,456,SKU-038,2025-08-24,8,1,22.99,355.73,Planaltina,DF,Centro-Oeste
6654,1281,SKU-191,2026-05-30,7,4,13.36,1307.64,Foz do Iguacu,PR,Sul
6655,782,SKU-182,2025-01-16,9,2,24.91,5629.3,Tefe,AM,Norte
6656,1212,SKU-099,2026-01-05,15,2,19.24,3277.76,Planaltina,DF,Centro-Oeste
6657,414,SKU-210,2025-06-30,14,4,13.85,1698.88,Colombo,PR,Sul
6658,1466,SKU-034,2026-04-17,2,4,8.75,6084.64,Lauro de Freitas,BA,Nordeste
6659,1362,SKU-032,2025-09-27,5,1,29.86,1852.74,Novo Hamburgo,RS,Sul
6660,157,SKU-115,2026-04-28,9,2,22.35,3455.64,Cabo Frio,RJ,Sudeste
6661,1493,SKU-221,2025-11-14,8,1,27.02,1785.2,Duque de Caxias,RJ,Sudeste
6662,921,SKU-001,2025-07-01,2,2,7.64,2446.56,Aguas Claras,DF,Centro-Oeste
6663,348,SKU-037,2025-12-28,12,2,25.48,5130.12,Coari,AM,Norte
6664,115,SKU-188,2025-06-24,5,4,34.19,144.8,Manaus,AM,Norte
6665,209,SKU-157,2025-04-04,6,2,32.79,3753.32,Recanto das Emas,DF,Centro-Oeste
6666,26,SKU-028,2026-05-04,15,3,27.55,3475.5,Paranagua,PR,Sul
6667,224,SKU-109,2025-08-23,13,4,15.26,6149.8,Manacapuru,AM,Norte
6668,915,SKU-007,2025-11-07,14,4,6.27,9608.96,Contagem,MG,Sudeste
6669,322,SKU-032,2025-06-16,2,3,5.68,5558.22,Itacoatiara,AM,Norte
6670,817,SKU-036,2025-01-08,2,2,34.35,758.96,Camacari,BA,Nordeste
6671,924,SKU-250,2026-04-01,12,3,7.49,6958.17,Olinda,PE,Nordeste
6672,116,SKU-039,2025-09-28,8,1,15.98,1461.97,Presidente Figueiredo,AM,Norte
6673,54,SKU-211,2026-01-07,9,1,28.7,964.92,Recanto das Emas,DF,Centro-Oeste
6674,977,SKU-248,2025-11-18,3,3,9.7,5623.77,Uberaba,MG,Sudeste
6675,574,SKU-124,2025-02-04,5,2,15.95,608.08,Sobradinho,DF,Centro-Oeste
6676,202,SKU-208,2025-11-24,14,3,30.26,7690.83,Juiz de Fora,MG,Sudeste
6677,5,SKU-076,2026-05-30,3,4,33.0,10897.76,Ceilandia,DF,Centro-Oeste
6678,555,SKU-169,2026-02-16,8,4,12.15,8767.72,Itabuna,BA,Nordeste
6679,3,SKU-162,2026-03-15,11,2,9.38,3724.24,Sao Paulo,SP,Sudeste
6680,13,SKU-022,2025-12-29,4,3,31.26,3680.73,Iguatu,CE,Nordeste
6681,33,SKU-227,2026-01-19,2,1,16.79,1364.27,Olinda,PE,Nordeste
6682,1157,SKU-177,2026-03-10,4,4,13.1,11121.48,Tefe,AM,Norte
6683,385,SKU-210,2026-05-19,7,1,12.1,424.72,Sao Jose dos Campos,SP,Sudeste
6684,246,SKU-245,2026-03-14,14,1,8.82,2973.61,Maues,AM,Norte
6685,27,SKU-117,2025-12-08,4,3,32.24,3192.72,Sorocaba,SP,Sudeste
6686,1406,SKU-018,2026-02-21,9,3,21.39,6824.19,Juiz de Fora,MG,Sudeste
6687,411,SKU-121,2026-02-04,15,1,18.38,265.39,Sobral,CE,Nordeste
6688,275,SKU-003,2025-09-09,13,3,7.7,8655.96,Camacari,BA,Nordeste
6689,480,SKU-206,2026-04-07,8,1,30.21,653.02,Feira de Santana,BA,Nordeste
6690,16,SKU-151,2025-10-03,10,4,12.74,10480.72,Sao Paulo,SP,Sudeste
6691,355,SKU-110,2025-10-01,11,3,6.51,1377.63,Caucaia,CE,Nordeste
6692,54,SKU-083,2025-08-23,6,3,34.04,7995.6,Niteroi,RJ,Sudeste
6693,1081,SKU-085,2025-12-09,13,2,30.03,2087.92,Curitiba,PR,Sul
6694,35,SKU-113,2025-07-08,2,1,8.41,1813.29,Parintins,AM,Norte
6695,89,SKU-008,2025-08-22,11,3,10.72,6266.55,Campos dos Goytacazes,RJ,Sudeste
6696,591,SKU-163,2025-05-07,5,3,29.11,2788.92,Contagem,MG,Sudeste
6697,174,SKU-198,2025-02-26,15,4,5.87,5735.2,Caucaia,CE,Nordeste
6698,836,SKU-056,2026-05-15,11,4,16.49,11058.28,Fortaleza,CE,Nordeste
6699,1153,SKU-225,2025-03-05,15,4,27.88,10243.72,Recife,PE,Nordeste
6700,190,SKU-225,2025-03-03,2,4,13.69,10243.72,Feira de Santana,BA,Nordeste
6701,452,SKU-046,2025-10-10,12,1,29.83,1436.76,Duque de Caxias,RJ,Sudeste
6702,130,SKU-117,2025-01-21,15,3,11.06,3192.72,Presidente Figueiredo,AM,Norte
6703,865,SKU-050,2025-11-25,14,2,8.04,3979.58,Pelotas,RS,Sul
6704,139,SKU-028,2025-12-26,2,3,9.69,3475.5,Londrina,PR,Sul
6705,103,SKU-067,2025-03-22,7,3,31.35,6978.3,Petropolis,RJ,Sudeste
6706,815,SKU-145,2025-05-17,11,4,16.1,10398.56,Gravatai,RS,Sul
6707,54,SKU-062,2025-07-29,7,4,28.64,9956.36,Tabatinga,AM,Norte
6708,3,SKU-238,2026-02-24,11,3,14.75,8846.88,Gravata,PE,Nordeste
6709,1086,SKU-113,2025-02-22,8,2,31.34,3626.58,Gama,DF,Centro-Oeste
6710,497,SKU-151,2026-03-16,10,3,21.96,7860.54,Contagem,MG,Sudeste
6711,849,SKU-223,2025-09-20,11,3,23.5,7481.31,Guarulhos,SP,Sudeste
6712,737,SKU-080,2025-12-03,5,4,30.73,6568.16,Coari,AM,Norte
6713,547,SKU-185,2025-03-05,8,2,29.27,1005.6,Porto Alegre,RS,Sul
6714,1009,SKU-122,2025-04-28,11,3,24.67,1351.95,Salvador,BA,Nordeste
6715,1497,SKU-239,2025-06-03,9,4,5.39,903.88,Niteroi,RJ,Sudeste
6716,105,SKU-105,2025-03-10,9,1,20.32,328.09,Presidente Figueiredo,AM,Norte
6717,20,SKU-166,2025-08-13,1,4,20.84,11893.4,Niteroi,RJ,Sudeste
6718,134,SKU-001,2026-06-05,6,3,13.31,3669.84,Cascavel,PR,Sul
6719,1110,SKU-059,2025-05-18,14,3,17.18,6033.69,Uberlandia,MG,Sudeste
6720,1248,SKU-017,2025-12-06,10,1,33.74,458.74,Rio de Janeiro,RJ,Sudeste
6721,123,SKU-186,2025-05-16,2,4,15.61,1095.28,Itacoatiara,AM,Norte
6722,262,SKU-092,2025-04-01,14,3,29.17,7229.58,Belo Horizonte,MG,Sudeste
6723,1,SKU-137,2026-06-09,5,4,24.26,9080.6,Londrina,PR,Sul
6724,97,SKU-230,2026-04-01,6,2,9.8,3625.46,Tabatinga,AM,Norte
6725,1335,SKU-110,2025-07-14,4,1,30.22,459.21,Sao Jose dos Pinhais,PR,Sul
6726,202,SKU-138,2025-03-15,3,1,26.63,1415.86,Maracanau,CE,Nordeste
6727,336,SKU-221,2025-03-15,4,1,12.11,1785.2,Quixada,CE,Nordeste
6728,17,SKU-003,2025-06-24,11,3,25.71,8655.96,Passo Fundo,RS,Sul
6729,165,SKU-234,2025-08-13,2,2,14.91,182.9,Tabatinga,AM,Norte
6730,736,SKU-089,2025-03-11,8,3,22.24,5146.02,Sao Paulo,SP,Sudeste
6731,117,SKU-210,2026-03-18,13,4,9.03,1698.88,Guara,DF,Centro-Oeste
6732,595,SKU-214,2025-03-25,2,1,20.74,742.87,Itacoatiara,AM,Norte
6733,869,SKU-192,2025-02-18,11,4,16.33,122.52,Sorocaba,SP,Sudeste
6734,1441,SKU-148,2026-01-08,5,3,21.06,4234.98,Fortaleza,CE,Nordeste
6735,39,SKU-058,2026-03-25,12,4,17.19,4727.76,Igarassu,PE,Nordeste
6736,104,SKU-216,2026-01-18,15,3,22.63,3304.08,Recife,PE,Nordeste
6737,1014,SKU-125,2025-01-08,13,2,21.44,3314.76,Maracanau,CE,Nordeste
6738,959,SKU-215,2025-05-11,2,2,21.5,4341.46,Teixeira de Freitas,BA,Nordeste
6739,1430,SKU-030,2026-02-17,9,4,10.4,4632.64,Garanhuns,PE,Nordeste
6740,610,SKU-177,2025-07-05,10,4,11.87,11121.48,Pocos de Caldas,MG,Sudeste
6741,1140,SKU-168,2025-09-29,5,2,16.91,2991.28,Ilheus,BA,Nordeste
6742,247,SKU-001,2026-02-17,13,3,33.12,3669.84,Recanto das Emas,DF,Centro-Oeste
6743,1151,SKU-038,2025-03-14,12,1,25.14,355.73,Canoas,RS,Sul
6744,4,SKU-072,2025-11-01,4,2,7.85,2957.46,Gama,DF,Centro-Oeste
6745,147,SKU-177,2025-12-21,5,4,12.55,11121.48,Salvador,BA,Nordeste
6746,159,SKU-044,2025-09-22,15,1,30.69,1503.55,Cascavel,PR,Sul
6747,19,SKU-239,2025-08-09,14,1,17.74,225.97,Petrolina,PE,Nordeste
6748,19,SKU-015,2025-02-24,1,1,11.62,1942.39,Itapipoca,CE,Nordeste
6749,110,SKU-215,2026-03-28,12,3,28.94,6512.19,Petropolis,RJ,Sudeste
6750,1247,SKU-109,2026-02-09,12,1,16.25,1537.45,Manaus,AM,Norte
6751,1046,SKU-197,2025-11-30,12,4,22.8,3490.32,Santos,SP,Sudeste
6752,483,SKU-149,2025-04-10,1,4,6.56,11520.28,Autazes,AM,Norte
6753,303,SKU-037,2025-10-10,4,2,33.53,5130.12,Crato,CE,Nordeste
6754,2,SKU-194,2026-04-01,7,4,9.38,10061.76,Serra Talhada,PE,Nordeste
6755,911,SKU-235,2026-02-05,15,4,11.77,7930.6,Gama,DF,Centro-Oeste
6756,1119,SKU-179,2026-03-23,1,1,7.68,750.21,Salvador,BA,Nordeste
6757,434,SKU-202,2025-11-27,6,3,22.26,5326.26,Guarapuava,PR,Sul
6758,11,SKU-230,2026-05-24,2,2,33.77,3625.46,Ipatinga,MG,Sudeste
6759,788,SKU-245,2025-11-24,9,2,17.17,5947.22,Caucaia,CE,Nordeste
6760,277,SKU-016,2026-03-17,15,2,30.74,63.54,Juazeiro do Norte,CE,Nordeste
6761,3,SKU-018,2026-03-24,8,3,21.24,6824.19,Ilheus,BA,Nordeste
6762,14,SKU-057,2025-05-18,4,3,21.62,6006.57,Aguas Claras,DF,Centro-Oeste
6763,108,SKU-226,2025-04-03,11,2,5.54,1636.28,Ribeirao Preto,SP,Sudeste
6764,1409,SKU-062,2026-01-29,2,2,34.35,4978.18,Serra Talhada,PE,Nordeste
6765,683,SKU-063,2025-09-03,8,1,15.31,2615.89,Cabo Frio,RJ,Sudeste
6766,732,SKU-043,2025-10-16,2,1,13.42,422.04,Garanhuns,PE,Nordeste
6767,3,SKU-017,2025-02-05,6,4,34.07,1834.96,Teresopolis,RJ,Sudeste
6768,840,SKU-220,2025-03-11,12,4,7.75,9264.16,Samambaia,DF,Centro-Oeste
6769,41,SKU-179,2026-03-18,13,3,10.79,2250.63,Garanhuns,PE,Nordeste
6770,25,SKU-092,2025-01-18,9,1,21.6,2409.86,Maues,AM,Norte
6771,211,SKU-015,2025-08-21,11,4,14.02,7769.56,Novo Hamburgo,RS,Sul
6772,13,SKU-087,2025-03-09,15,3,9.98,1773.36,Jaboatao dos Guararapes,PE,Nordeste
6773,429,SKU-155,2025-03-23,2,2,14.35,206.62,Vitoria da Conquista,BA,Nordeste
6774,44,SKU-204,2025-09-03,1,2,21.39,1960.5,Porto Alegre,RS,Sul
6775,712,SKU-010,2025-08-29,8,2,29.5,5610.96,Presidente Figueiredo,AM,Norte
6776,558,SKU-247,2026-01-03,7,4,11.82,6207.56,Crato,CE,Nordeste
6777,1357,SKU-191,2025-10-31,6,1,5.65,326.91,Planaltina,DF,Centro-Oeste
6778,36,SKU-123,2025-05-10,4,3,23.27,3738.33,Curitiba,PR,Sul
6779,382,SKU-068,2025-11-03,15,1,10.8,1698.21,Porto Alegre,RS,Sul
6780,542,SKU-222,2025-09-18,6,3,15.83,2624.76,Montes Claros,MG,Sudeste
6781,138,SKU-222,2025-09-19,5,2,10.07,1749.84,Feira de Santana,BA,Nordeste
6782,18,SKU-061,2026-02-06,13,2,9.44,3784.02,Camacari,BA,Nordeste
6783,293,SKU-028,2025-08-29,6,2,27.04,2317.0,Porto Alegre,RS,Sul
6784,288,SKU-207,2025-08-21,3,1,7.34,1190.66,Passo Fundo,RS,Sul
6785,1334,SKU-179,2026-03-07,9,4,26.51,3000.84,Brasilia,DF,Centro-Oeste
6786,58,SKU-244,2025-05-08,12,2,27.24,1024.02,Vitoria da Conquista,BA,Nordeste
6787,1286,SKU-020,2025-05-01,10,1,8.12,581.57,Brasilia,DF,Centro-Oeste
6788,467,SKU-170,2025-02-20,4,4,22.54,6755.8,Canoas,RS,Sul
6789,6,SKU-168,2025-03-06,11,2,20.49,2991.28,Ceilandia,DF,Centro-Oeste
6790,637,SKU-144,2026-03-09,9,1,9.85,77.64,Itacoatiara,AM,Norte
6791,491,SKU-169,2026-06-03,4,1,21.37,2191.93,Ponta Grossa,PR,Sul
6792,887,SKU-237,2026-03-08,9,2,34.53,5987.44,Gravatai,RS,Sul
6793,785,SKU-003,2026-01-07,9,4,19.58,11541.28,Aguas Claras,DF,Centro-Oeste
6794,4,SKU-105,2026-05-22,5,1,10.35,328.09,Guarapuava,PR,Sul
6795,124,SKU-238,2025-07-24,5,3,33.05,8846.88,Tefe,AM,Norte
6796,411,SKU-008,2025-07-10,1,4,5.88,8355.4,Uberaba,MG,Sudeste
6797,987,SKU-233,2026-01-17,9,3,34.51,6194.1,Betim,MG,Sudeste
6798,524,SKU-010,2025-04-03,9,3,18.91,8416.44,Presidente Figueiredo,AM,Norte
6799,912,SKU-209,2025-08-01,6,4,10.71,7940.96,Ceilandia,DF,Centro-Oeste
6800,1209,SKU-101,2026-01-01,5,4,17.5,1256.72,Parintins,AM,Norte
6801,8,SKU-064,2025-10-05,4,3,31.63,6563.07,Foz do Iguacu,PR,Sul
6802,280,SKU-146,2025-07-12,5,2,32.21,4774.94,Canoas,RS,Sul
6803,191,SKU-114,2025-03-01,14,1,7.15,2101.82,Crato,CE,Nordeste
6804,1176,SKU-097,2026-02-22,11,1,33.57,1080.05,Cascavel,PR,Sul
6805,284,SKU-096,2025-10-02,8,1,20.74,1306.51,Gama,DF,Centro-Oeste
6806,29,SKU-124,2025-02-14,3,4,8.49,1216.16,Curitiba,PR,Sul
6807,50,SKU-055,2025-12-14,6,4,5.35,6422.56,Camacari,BA,Nordeste
6808,1101,SKU-045,2025-07-02,4,3,5.69,4769.31,Cascavel,PR,Sul
6809,298,SKU-206,2025-10-05,9,3,21.01,1959.06,Jaboatao dos Guararapes,PE,Nordeste
6810,24,SKU-073,2025-11-27,9,4,27.44,4124.44,Iguatu,CE,Nordeste
6811,1364,SKU-111,2025-08-07,15,4,22.95,9482.28,Sao Paulo,SP,Sudeste
6812,400,SKU-169,2026-05-03,7,2,24.45,4383.86,Sao Jose dos Campos,SP,Sudeste
6813,202,SKU-158,2025-02-05,13,4,19.05,9130.88,Igarassu,PE,Nordeste
6814,1357,SKU-056,2025-07-19,1,3,32.99,8293.71,Guara,DF,Centro-Oeste
6815,167,SKU-087,2025-01-31,4,1,25.85,591.12,Canoas,RS,Sul
6816,1006,SKU-242,2025-10-25,11,2,27.39,4746.66,Juazeiro do Norte,CE,Nordeste
6817,370,SKU-074,2026-03-09,4,2,7.9,3130.96,Tabatinga,AM,Norte
6818,844,SKU-006,2025-05-29,6,4,31.83,4178.8,Campinas,SP,Sudeste
6819,844,SKU-217,2025-11-24,15,2,16.43,76.26,Contagem,MG,Sudeste
6820,15,SKU-114,2025-12-11,7,4,19.21,8407.28,Coari,AM,Norte
6821,37,SKU-009,2026-01-16,9,3,9.03,4937.01,Niteroi,RJ,Sudeste
6822,278,SKU-224,2026-06-07,12,2,19.1,5018.72,Caruaru,PE,Nordeste
6823,150,SKU-021,2026-06-06,12,1,13.48,1374.22,Quixada,CE,Nordeste
6824,110,SKU-141,2025-03-18,13,2,18.9,4840.74,Feira de Santana,BA,Nordeste
6825,65,SKU-029,2025-10-05,8,2,27.2,1557.8,Itacoatiara,AM,Norte
6826,272,SKU-057,2025-10-04,4,2,28.86,4004.38,Guarapuava,PR,Sul
6827,220,SKU-188,2025-04-17,5,4,24.1,144.8,Gravatai,RS,Sul
6828,349,SKU-060,2026-04-23,14,3,14.99,4664.25,Duque de Caxias,RJ,Sudeste
6829,731,SKU-203,2026-04-03,15,2,18.45,947.0,Itapipoca,CE,Nordeste
6830,71,SKU-225,2025-01-27,7,4,7.22,10243.72,Canoas,RS,Sul
6831,309,SKU-027,2025-05-29,14,1,14.95,2075.12,Maringa,PR,Sul
6832,82,SKU-063,2026-04-08,11,4,24.92,10463.56,Ribeirao Preto,SP,Sudeste
6833,22,SKU-214,2025-12-11,4,4,7.51,2971.48,Petrolina,PE,Nordeste
6834,42,SKU-095,2025-02-03,8,4,12.27,1443.8,Maues,AM,Norte
6835,167,SKU-087,2025-09-24,3,3,6.12,1773.36,Ribeirao Preto,SP,Sudeste
6836,11,SKU-001,2026-05-13,11,3,18.77,3669.84,Campinas,SP,Sudeste
6837,504,SKU-184,2026-03-04,14,4,25.61,10211.48,Samambaia,DF,Centro-Oeste
6838,521,SKU-190,2025-07-11,11,4,32.71,6915.32,Novo Hamburgo,RS,Sul
6839,778,SKU-223,2026-05-21,12,1,26.44,2493.77,Guara,DF,Centro-Oeste
6840,706,SKU-137,2025-07-07,4,1,20.0,2270.15,Sobradinho,DF,Centro-Oeste
6841,1347,SKU-180,2025-09-07,7,1,31.39,962.45,Nova Iguacu,RJ,Sudeste
6842,1166,SKU-072,2025-01-06,12,2,7.45,2957.46,Vitoria da Conquista,BA,Nordeste
6843,1404,SKU-097,2025-09-25,7,4,19.45,4320.2,Foz do Iguacu,PR,Sul
6844,729,SKU-050,2025-07-02,6,2,33.07,3979.58,Salvador,BA,Nordeste
6845,152,SKU-098,2026-04-23,13,3,20.03,2049.06,Manaus,AM,Norte
6846,1042,SKU-096,2025-12-06,1,3,19.37,3919.53,Belo Horizonte,MG,Sudeste
6847,31,SKU-146,2025-06-02,14,2,14.11,4774.94,Passo Fundo,RS,Sul
6848,1428,SKU-248,2025-10-31,11,2,30.52,3749.18,Ponta Grossa,PR,Sul
6849,394,SKU-132,2025-03-03,11,1,12.38,430.8,Juazeiro do Norte,CE,Nordeste
6850,123,SKU-041,2025-10-31,10,1,28.47,2058.61,Aguas Claras,DF,Centro-Oeste
6851,900,SKU-082,2026-05-19,11,2,20.87,1527.34,Itabuna,BA,Nordeste
6852,339,SKU-216,2025-04-22,3,2,33.06,2202.72,Guarulhos,SP,Sudeste
6853,16,SKU-219,2025-11-22,15,1,14.9,1190.35,Santos,SP,Sudeste
6854,60,SKU-069,2026-05-23,13,1,11.93,1934.96,Nova Iguacu,RJ,Sudeste
6855,1079,SKU-220,2025-07-15,7,4,21.03,9264.16,Sao Paulo,SP,Sudeste
6856,448,SKU-003,2026-02-23,14,3,34.57,8655.96,Uberaba,MG,Sudeste
6857,90,SKU-245,2026-01-06,4,3,15.99,8920.83,Itapipoca,CE,Nordeste
6858,55,SKU-222,2025-01-08,11,1,25.66,874.92,Itacoatiara,AM,Norte
6859,31,SKU-227,2025-11-03,4,3,25.44,4092.81,Ceilandia,DF,Centro-Oeste
6860,5,SKU-099,2025-04-14,1,1,20.35,1638.88,Teixeira de Freitas,BA,Nordeste
6861,129,SKU-149,2025-07-12,2,4,12.64,11520.28,Petrolina,PE,Nordeste
6862,224,SKU-028,2025-05-07,4,2,10.45,2317.0,Londrina,PR,Sul
6863,688,SKU-223,2025-06-19,4,3,6.85,7481.31,Santos,SP,Sudeste
6864,57,SKU-225,2025-06-11,15,1,11.52,2560.93,Taguatinga,DF,Centro-Oeste
6865,782,SKU-081,2026-06-04,4,1,13.49,1574.73,Ipatinga,MG,Sudeste
6866,163,SKU-045,2025-05-21,7,1,26.4,1589.77,Ceilandia,DF,Centro-Oeste
6867,1087,SKU-014,2025-03-28,1,3,11.71,3725.28,Uberlandia,MG,Sudeste
6868,175,SKU-123,2026-05-30,2,3,35.0,3738.33,Pocos de Caldas,MG,Sudeste
6869,966,SKU-239,2025-09-10,12,3,30.22,677.91,Planaltina,DF,Centro-Oeste
6870,760,SKU-160,2026-04-25,11,1,19.57,2800.85,Porto Alegre,RS,Sul
6871,23,SKU-209,2025-04-16,14,1,15.43,1985.24,Caxias do Sul,RS,Sul
6872,298,SKU-115,2025-02-23,15,1,25.03,1727.82,Rio de Janeiro,RJ,Sudeste
6873,1391,SKU-173,2025-05-21,3,1,17.19,1465.69,Porto Seguro,BA,Nordeste
6874,642,SKU-008,2025-01-27,7,2,23.96,4177.7,Maracanau,CE,Nordeste
6875,892,SKU-038,2025-07-29,12,4,8.92,1422.92,Belo Horizonte,MG,Sudeste
6876,1497,SKU-081,2026-01-23,12,3,17.36,4724.19,Itapipoca,CE,Nordeste
6877,19,SKU-196,2026-03-12,8,4,33.38,9339.76,Petropolis,RJ,Sudeste
6878,1011,SKU-245,2025-11-15,1,3,26.15,8920.83,Nova Iguacu,RJ,Sudeste
6879,195,SKU-148,2026-04-07,11,2,14.64,2823.32,Canoas,RS,Sul
6880,848,SKU-080,2026-04-11,7,1,18.75,1642.04,Porto Alegre,RS,Sul
6881,478,SKU-222,2026-06-06,10,4,33.92,3499.68,Jaboatao dos Guararapes,PE,Nordeste
6882,59,SKU-239,2025-03-04,12,2,29.58,451.94,Pocos de Caldas,MG,Sudeste
6883,191,SKU-012,2025-10-02,14,1,9.25,2514.31,Campos dos Goytacazes,RJ,Sudeste
6884,242,SKU-134,2025-09-19,13,3,25.58,2279.97,Volta Redonda,RJ,Sudeste
6885,294,SKU-168,2025-05-14,9,2,15.27,2991.28,Coari,AM,Norte
6886,26,SKU-194,2025-01-19,9,4,5.39,10061.76,Lauro de Freitas,BA,Nordeste
6887,61,SKU-113,2025-03-08,11,3,32.01,5439.87,Sorocaba,SP,Sudeste
6888,838,SKU-078,2026-04-18,2,1,30.3,1805.35,Uberaba,MG,Sudeste
6889,52,SKU-145,2025-04-08,6,3,29.71,7798.92,Santa Maria,RS,Sul
6890,86,SKU-140,2025-11-01,10,2,5.63,1553.5,Governador Valadares,MG,Sudeste
6891,323,SKU-131,2025-07-21,9,2,8.54,4891.04,Belo Horizonte,MG,Sudeste
6892,187,SKU-040,2025-02-14,9,3,17.0,3446.58,Lauro de Freitas,BA,Nordeste
6893,1,SKU-049,2025-09-22,7,3,6.55,304.8,Tabatinga,AM,Norte
6894,204,SKU-158,2026-01-09,12,1,22.52,2282.72,Sobral,CE,Nordeste
6895,100,SKU-156,2025-12-20,14,1,12.53,1361.63,Cascavel,PR,Sul
6896,1143,SKU-180,2025-05-24,6,1,22.79,962.45,Foz do Iguacu,PR,Sul
6897,121,SKU-155,2025-03-30,14,2,27.63,206.62,Caxias do Sul,RS,Sul
6898,20,SKU-116,2025-10-19,14,3,32.11,6542.43,Juiz de Fora,MG,Sudeste
6899,410,SKU-037,2025-12-10,8,4,34.69,10260.24,Maringa,PR,Sul
6900,1358,SKU-233,2026-02-25,14,2,5.11,4129.4,Sao Jose dos Pinhais,PR,Sul
6901,167,SKU-166,2025-12-16,9,1,22.03,2973.35,Paranagua,PR,Sul
6902,651,SKU-098,2025-10-19,9,1,31.45,683.02,Bento Goncalves,RS,Sul
6903,1046,SKU-130,2025-03-07,13,1,34.93,55.98,Lauro de Freitas,BA,Nordeste
6904,47,SKU-027,2025-06-18,12,1,8.61,2075.12,Presidente Figueiredo,AM,Norte
6905,1156,SKU-098,2025-06-13,15,2,34.5,1366.04,Campos dos Goytacazes,RJ,Sudeste
6906,226,SKU-213,2026-01-13,1,4,11.68,5904.32,Caruaru,PE,Nordeste
6907,7,SKU-175,2025-10-30,2,2,11.08,5186.96,Brasilia,DF,Centro-Oeste
6908,195,SKU-211,2025-10-30,12,1,18.75,964.92,Juazeiro,BA,Nordeste
6909,258,SKU-074,2025-04-04,6,3,32.95,4696.44,Maracanau,CE,Nordeste
6910,588,SKU-038,2026-06-01,13,2,26.66,711.46,Aguas Claras,DF,Centro-Oeste
6911,41,SKU-194,2026-05-01,2,4,12.86,10061.76,Campos dos Goytacazes,RJ,Sudeste
6912,987,SKU-228,2026-03-10,15,3,17.49,7239.3,Paulista,PE,Nordeste
6913,336,SKU-080,2025-01-14,6,4,11.38,6568.16,Paulista,PE,Nordeste
6914,403,SKU-030,2026-04-04,14,1,7.53,1158.16,Serra Talhada,PE,Nordeste
6915,265,SKU-147,2026-02-04,15,2,23.47,5427.76,Betim,MG,Sudeste
6916,527,SKU-105,2025-06-08,10,2,14.34,656.18,Novo Hamburgo,RS,Sul
6917,1267,SKU-129,2025-11-20,4,1,15.34,561.4,Pocos de Caldas,MG,Sudeste
6918,1498,SKU-154,2025-10-19,8,4,18.42,11906.16,Londrina,PR,Sul
6919,826,SKU-058,2025-09-11,1,4,27.18,4727.76,Campinas,SP,Sudeste
6920,1373,SKU-243,2026-03-12,4,4,16.49,11345.88,Sorocaba,SP,Sudeste
6921,132,SKU-086,2025-02-07,7,2,14.85,5801.1,Parintins,AM,Norte
6922,691,SKU-207,2026-01-07,11,3,23.33,3571.98,Manaus,AM,Norte
6923,702,SKU-028,2026-06-08,7,3,16.46,3475.5,Maues,AM,Norte
6924,1,SKU-134,2026-01-15,13,4,32.05,3039.96,Guarapuava,PR,Sul
6925,1058,SKU-053,2026-01-20,9,2,24.84,4495.06,Maringa,PR,Sul
6926,923,SKU-104,2025-07-02,2,2,19.98,5173.72,Taguatinga,DF,Centro-Oeste
6927,327,SKU-105,2026-02-01,4,3,34.4,984.27,Igarassu,PE,Nordeste
6928,1500,SKU-015,2026-01-22,11,1,32.94,1942.39,Ipatinga,MG,Sudeste
6929,382,SKU-042,2025-07-19,2,4,16.2,8445.28,Iguatu,CE,Nordeste
6930,1336,SKU-118,2026-03-19,7,4,15.58,1998.2,Caucaia,CE,Nordeste
6931,109,SKU-230,2025-06-10,5,2,16.85,3625.46,Contagem,MG,Sudeste
6932,1119,SKU-150,2025-09-19,12,3,26.81,3422.67,Betim,MG,Sudeste
6933,115,SKU-023,2026-04-12,2,4,13.13,4574.0,Governador Valadares,MG,Sudeste
6934,148,SKU-135,2025-03-16,9,1,22.35,1931.2,Teixeira de Freitas,BA,Nordeste
6935,985,SKU-247,2025-09-08,1,2,20.58,3103.78,Guarulhos,SP,Sudeste
6936,83,SKU-062,2025-04-29,1,3,16.81,7467.27,Igarassu,PE,Nordeste
6937,187,SKU-212,2025-09-12,10,1,20.98,2611.45,Feira de Santana,BA,Nordeste
6938,445,SKU-140,2026-01-30,5,1,16.92,776.75,Olinda,PE,Nordeste
6939,1484,SKU-141,2026-01-08,1,4,27.24,9681.48,Niteroi,RJ,Sudeste
6940,1072,SKU-004,2026-03-28,12,3,20.84,8329.26,Bento Goncalves,RS,Sul
6941,658,SKU-008,2025-09-22,15,1,29.21,2088.85,Londrina,PR,Sul
6942,240,SKU-102,2026-02-20,4,1,11.04,1840.53,Sao Bernardo do Campo,SP,Sudeste
6943,174,SKU-135,2025-12-24,11,2,22.2,3862.4,Jaboatao dos Guararapes,PE,Nordeste
6944,991,SKU-201,2025-01-14,9,3,28.55,4200.06,Osasco,SP,Sudeste
6945,1268,SKU-081,2026-05-05,12,3,34.86,4724.19,Sobradinho,DF,Centro-Oeste
6946,771,SKU-093,2025-09-17,9,1,10.08,349.16,Samambaia,DF,Centro-Oeste
6947,331,SKU-212,2025-08-09,11,2,18.75,5222.9,Gravatai,RS,Sul
6948,130,SKU-222,2025-09-27,1,3,15.1,2624.76,Presidente Figueiredo,AM,Norte
6949,188,SKU-189,2026-03-25,12,2,24.56,2238.6,Teresopolis,RJ,Sudeste
6950,555,SKU-034,2026-02-10,11,1,27.99,1521.16,Teixeira de Freitas,BA,Nordeste
6951,416,SKU-213,2025-10-30,4,3,27.0,4428.24,Garanhuns,PE,Nordeste
6952,297,SKU-013,2026-01-03,4,1,9.15,1980.97,Campos dos Goytacazes,RJ,Sudeste
6953,1044,SKU-159,2026-03-22,4,2,31.37,4689.08,Maracanau,CE,Nordeste
6954,864,SKU-051,2025-12-27,10,4,21.53,913.8,Novo Hamburgo,RS,Sul
6955,886,SKU-086,2026-04-04,6,1,26.95,2900.55,Campinas,SP,Sudeste
6956,699,SKU-216,2025-09-06,10,3,11.13,3304.08,Olinda,PE,Nordeste
6957,56,SKU-187,2025-11-26,14,4,10.53,5211.08,Santa Maria,RS,Sul
6958,66,SKU-095,2026-04-03,15,1,28.23,360.95,Belo Horizonte,MG,Sudeste
6959,1456,SKU-125,2025-11-14,7,2,29.6,3314.76,Bento Goncalves,RS,Sul
6960,1,SKU-130,2025-07-11,1,4,28.0,223.92,Maues,AM,Norte
6961,38,SKU-065,2026-01-14,15,4,14.29,10901.2,Itabuna,BA,Nordeste
6962,28,SKU-216,2025-02-21,8,4,16.95,4405.44,Brasilia,DF,Centro-Oeste
6963,3,SKU-197,2026-01-30,5,1,21.47,872.58,Igarassu,PE,Nordeste
6964,116,SKU-165,2025-11-27,7,2,13.33,3309.52,Caucaia,CE,Nordeste
6965,749,SKU-029,2026-01-07,7,4,11.2,3115.6,Recife,PE,Nordeste
6966,704,SKU-021,2025-01-18,2,1,30.32,1374.22,Contagem,MG,Sudeste
6967,57,SKU-006,2025-08-22,5,4,19.91,4178.8,Gravata,PE,Nordeste
6968,306,SKU-011,2025-03-30,6,4,22.84,8551.88,Sao Jose dos Campos,SP,Sudeste
6969,3,SKU-186,2025-10-06,12,2,6.32,547.64,Pocos de Caldas,MG,Sudeste
6970,572,SKU-187,2025-01-10,14,3,9.1,3908.31,Tabatinga,AM,Norte
6971,1421,SKU-026,2025-03-20,10,4,20.76,9598.24,Manacapuru,AM,Norte
6972,46,SKU-209,2025-03-08,9,3,28.69,5955.72,Igarassu,PE,Nordeste
6973,193,SKU-116,2025-08-28,7,2,34.18,4361.62,Guarapuava,PR,Sul
6974,1320,SKU-249,2026-05-10,3,4,32.96,2813.8,Gravata,PE,Nordeste
6975,582,SKU-014,2025-01-27,15,4,11.26,4967.04,Sao Jose dos Campos,SP,Sudeste
6976,397,SKU-116,2026-05-21,9,3,30.42,6542.43,Ponta Grossa,PR,Sul
6977,674,SKU-005,2025-06-21,5,3,25.17,3150.18,Ribeirao Preto,SP,Sudeste
6978,1220,SKU-194,2025-12-12,6,3,12.61,7546.32,Manacapuru,AM,Norte
6979,616,SKU-139,2026-05-06,5,3,10.16,5485.17,Piracicaba,SP,Sudeste
6980,92,SKU-140,2025-02-15,11,3,28.28,2330.25,Itapipoca,CE,Nordeste
6981,806,SKU-191,2026-06-08,13,2,5.2,653.82,Cabo Frio,RJ,Sudeste
6982,1042,SKU-211,2025-02-20,13,1,28.15,964.92,Crato,CE,Nordeste
6983,778,SKU-057,2025-08-23,13,3,27.99,6006.57,Iguatu,CE,Nordeste
6984,1,SKU-008,2025-09-16,4,2,19.37,4177.7,Sobradinho,DF,Centro-Oeste
6985,558,SKU-106,2025-12-10,15,3,27.1,1429.95,Presidente Figueiredo,AM,Norte
6986,1290,SKU-162,2025-07-21,15,2,28.47,3724.24,Manaus,AM,Norte
6987,813,SKU-056,2026-02-25,8,2,12.55,5529.14,Campos dos Goytacazes,RJ,Sudeste
6988,394,SKU-066,2026-03-31,6,1,15.34,2619.46,Cascavel,PR,Sul
6989,939,SKU-150,2025-06-25,2,3,20.44,3422.67,Sao Jose dos Pinhais,PR,Sul
6990,135,SKU-002,2026-04-04,11,3,14.79,7344.78,Uberlandia,MG,Sudeste
6991,400,SKU-052,2025-04-11,13,1,15.4,1692.21,Iguatu,CE,Nordeste
6992,421,SKU-207,2025-09-21,7,4,6.97,4762.64,Londrina,PR,Sul
6993,168,SKU-128,2025-03-06,11,3,8.11,1196.07,Caninde,CE,Nordeste
6994,322,SKU-080,2025-05-02,15,1,14.81,1642.04,Caruaru,PE,Nordeste
6995,32,SKU-232,2025-07-02,13,3,17.69,5086.32,Santos,SP,Sudeste
6996,187,SKU-193,2026-05-20,8,4,15.11,9911.4,Gravatai,RS,Sul
6997,471,SKU-108,2026-02-05,4,4,32.05,9500.32,Recife,PE,Nordeste
6998,1277,SKU-222,2025-04-09,6,1,24.15,874.92,Betim,MG,Sudeste
6999,487,SKU-022,2026-01-02,14,3,19.47,3680.73,Sobradinho,DF,Centro-Oeste
7000,1187,SKU-231,2025-09-29,10,1,21.34,1994.03,Feira de Santana,BA,Nordeste
7001,544,SKU-132,2025-07-28,13,2,19.43,861.6,Olinda,PE,Nordeste
7002,1039,SKU-224,2025-03-01,1,2,32.48,5018.72,Caucaia,CE,Nordeste
7003,223,SKU-108,2025-01-12,1,2,10.92,4750.16,Sobradinho,DF,Centro-Oeste
7004,126,SKU-182,2025-09-09,5,2,32.72,5629.3,Juiz de Fora,MG,Sudeste
7005,63,SKU-233,2026-05-17,7,3,33.8,6194.1,Niteroi,RJ,Sudeste
7006,34,SKU-147,2026-02-04,2,4,33.24,10855.52,Tabatinga,AM,Norte
7007,28,SKU-172,2026-03-29,4,4,18.97,7174.96,Campos dos Goytacazes,RJ,Sudeste
7008,27,SKU-081,2025-07-23,11,1,22.82,1574.73,Olinda,PE,Nordeste
7009,823,SKU-119,2026-06-08,9,4,31.41,551.16,Niteroi,RJ,Sudeste
7010,848,SKU-017,2025-06-18,1,2,25.59,917.48,Cascavel,PR,Sul
7011,1060,SKU-112,2025-02-16,12,2,14.99,1688.4,Autazes,AM,Norte
7012,496,SKU-073,2025-08-06,13,3,24.37,3093.33,Osasco,SP,Sudeste
7013,161,SKU-239,2025-10-25,13,2,30.42,451.94,Sao Jose dos Pinhais,PR,Sul
7014,210,SKU-065,2025-07-03,7,4,16.66,10901.2,Crato,CE,Nordeste
7015,320,SKU-059,2026-02-24,6,4,21.82,8044.92,Duque de Caxias,RJ,Sudeste
7016,1498,SKU-055,2025-05-14,8,3,29.49,4816.92,Canoas,RS,Sul
7017,72,SKU-206,2025-06-27,2,4,24.76,2612.08,Osasco,SP,Sudeste
7018,555,SKU-077,2025-11-14,1,3,21.86,7447.29,Santos,SP,Sudeste
7019,421,SKU-036,2026-04-24,10,2,15.7,758.96,Ceilandia,DF,Centro-Oeste
7020,1370,SKU-024,2025-11-20,14,4,34.68,7423.88,Tefe,AM,Norte
7021,1290,SKU-181,2025-10-10,13,2,21.91,2627.08,Jaboatao dos Guararapes,PE,Nordeste
7022,50,SKU-203,2025-11-17,1,2,25.25,947.0,Maues,AM,Norte
7023,4,SKU-148,2025-02-18,13,4,9.73,5646.64,Guarapuava,PR,Sul
7024,222,SKU-232,2025-03-09,3,2,31.15,3390.88,Porto Seguro,BA,Nordeste
7025,107,SKU-057,2026-04-18,12,4,29.0,8008.76,Taguatinga,DF,Centro-Oeste
7026,1475,SKU-010,2026-03-11,15,4,32.7,11221.92,Foz do Iguacu,PR,Sul
7027,272,SKU-165,2026-03-07,1,4,6.62,6619.04,Passo Fundo,RS,Sul
7028,304,SKU-018,2025-02-22,13,3,34.15,6824.19,Teixeira de Freitas,BA,Nordeste
7029,1417,SKU-060,2026-06-04,5,2,34.5,3109.5,Caninde,CE,Nordeste
7030,722,SKU-118,2025-04-06,6,1,19.27,499.55,Cabo Frio,RJ,Sudeste
7031,1101,SKU-179,2026-02-18,2,1,25.64,750.21,Caninde,CE,Nordeste
7032,391,SKU-125,2025-12-03,9,1,15.78,1657.38,Ceilandia,DF,Centro-Oeste
7033,610,SKU-110,2025-05-23,5,2,23.06,918.42,Caninde,CE,Nordeste
7034,8,SKU-166,2026-04-20,6,1,22.25,2973.35,Caucaia,CE,Nordeste
7035,1112,SKU-213,2025-07-01,5,1,5.29,1476.08,Sao Paulo,SP,Sudeste
7036,1231,SKU-181,2025-03-13,9,3,6.34,3940.62,Porto Seguro,BA,Nordeste
7037,186,SKU-152,2025-02-09,15,1,10.81,1552.31,Fortaleza,CE,Nordeste
7038,455,SKU-107,2025-03-06,2,3,17.69,4912.68,Erechim,RS,Sul
7039,8,SKU-203,2026-04-16,4,3,10.2,1420.5,Caninde,CE,Nordeste
7040,313,SKU-167,2026-03-10,8,2,32.04,2927.02,Duque de Caxias,RJ,Sudeste
7041,1,SKU-024,2025-05-30,15,4,25.56,7423.88,Porto Seguro,BA,Nordeste
7042,758,SKU-233,2025-06-10,15,2,17.09,4129.4,Taguatinga,DF,Centro-Oeste
7043,92,SKU-035,2025-02-23,3,1,34.75,2777.19,Santa Maria,RS,Sul
7044,1139,SKU-065,2026-06-06,12,4,18.11,10901.2,Santos,SP,Sudeste
7045,540,SKU-101,2025-05-15,2,1,7.43,314.18,Sao Jose dos Campos,SP,Sudeste
7046,533,SKU-177,2025-12-04,12,2,15.94,5560.74,Nova Iguacu,RJ,Sudeste
7047,196,SKU-130,2025-07-11,9,4,12.49,223.92,Paranagua,PR,Sul
7048,1270,SKU-221,2025-05-25,10,3,14.94,5355.6,Ceilandia,DF,Centro-Oeste
7049,421,SKU-137,2025-04-26,3,2,11.4,4540.3,Angra dos Reis,RJ,Sudeste
7050,68,SKU-034,2025-06-11,5,2,23.56,3042.32,Crato,CE,Nordeste
7051,18,SKU-053,2026-04-29,13,1,16.17,2247.53,Ilheus,BA,Nordeste
7052,131,SKU-205,2025-12-10,3,3,19.59,1182.54,Itabuna,BA,Nordeste
7053,143,SKU-029,2025-07-26,13,4,34.6,3115.6,Brasilia,DF,Centro-Oeste
7054,355,SKU-204,2025-06-11,11,3,22.52,2940.75,Duque de Caxias,RJ,Sudeste
7055,22,SKU-177,2026-04-27,9,1,19.16,2780.37,Maues,AM,Norte
7056,493,SKU-127,2025-12-31,5,2,25.65,4650.64,Sao Paulo,SP,Sudeste
7057,1050,SKU-244,2025-11-17,3,3,15.26,1536.03,Planaltina,DF,Centro-Oeste
7058,384,SKU-095,2025-08-24,15,4,11.44,1443.8,Pelotas,RS,Sul
7059,250,SKU-233,2025-12-20,5,2,18.53,4129.4,Cascavel,PR,Sul
7060,500,SKU-122,2025-05-04,6,2,32.52,901.3,Serra Talhada,PE,Nordeste
7061,1317,SKU-075,2025-09-05,10,4,22.92,10512.04,Sao Paulo,SP,Sudeste
7062,19,SKU-037,2025-12-21,3,3,12.07,7695.18,Curitiba,PR,Sul
7063,557,SKU-234,2025-01-18,1,3,12.08,274.35,Guara,DF,Centro-Oeste
7064,1326,SKU-170,2025-09-24,9,1,7.3,1688.95,Sobral,CE,Nordeste
7065,510,SKU-214,2026-05-27,7,2,17.85,1485.74,Passo Fundo,RS,Sul
7066,569,SKU-068,2026-02-12,11,1,5.19,1698.21,Recanto das Emas,DF,Centro-Oeste
7067,100,SKU-140,2025-01-24,5,3,25.02,2330.25,Itapipoca,CE,Nordeste
7068,1461,SKU-084,2025-02-08,5,3,28.53,4405.5,Lauro de Freitas,BA,Nordeste
7069,563,SKU-105,2025-03-04,8,2,33.03,656.18,Olinda,PE,Nordeste
7070,1436,SKU-229,2026-01-30,1,1,5.53,1520.2,Salvador,BA,Nordeste
7071,1467,SKU-154,2025-04-12,4,4,29.18,11906.16,Gama,DF,Centro-Oeste
7072,306,SKU-143,2025-04-09,9,4,19.49,3678.28,Curitiba,PR,Sul
7073,581,SKU-135,2025-11-15,2,4,22.32,7724.8,Itabuna,BA,Nordeste
7074,931,SKU-185,2025-05-01,12,3,27.13,1508.4,Foz do Iguacu,PR,Sul
7075,10,SKU-077,2025-08-08,3,2,25.69,4964.86,Sobradinho,DF,Centro-Oeste
7076,419,SKU-061,2026-01-31,8,4,34.0,7568.04,Piracicaba,SP,Sudeste
7077,106,SKU-027,2026-03-02,8,2,28.08,4150.24,Crato,CE,Nordeste
7078,1295,SKU-151,2026-04-16,11,2,24.02,5240.36,Porto Alegre,RS,Sul
7079,303,SKU-178,2025-12-22,7,4,29.86,8941.16,Jaboatao dos Guararapes,PE,Nordeste
7080,163,SKU-142,2025-09-16,1,1,27.3,916.37,Porto Alegre,RS,Sul
7081,816,SKU-159,2025-07-29,7,2,9.92,4689.08,Petrolina,PE,Nordeste
7082,56,SKU-108,2026-03-15,7,4,10.16,9500.32,Manacapuru,AM,Norte
7083,923,SKU-152,2025-11-09,14,1,26.71,1552.31,Santos,SP,Sudeste
7084,394,SKU-171,2025-07-01,3,4,11.04,8019.52,Manaus,AM,Norte
7085,299,SKU-194,2025-06-07,11,1,11.93,2515.44,Feira de Santana,BA,Nordeste
7086,1194,SKU-044,2026-03-18,12,3,24.27,4510.65,Parintins,AM,Norte
7087,931,SKU-119,2025-06-28,7,2,15.35,275.58,Manacapuru,AM,Norte
7088,93,SKU-107,2025-04-20,3,2,11.68,3275.12,Itabuna,BA,Nordeste
7089,1071,SKU-036,2026-03-12,11,1,6.22,379.48,Cabo Frio,RJ,Sudeste
7090,23,SKU-048,2025-09-08,14,1,19.4,1221.94,Autazes,AM,Norte
7091,1310,SKU-169,2025-03-04,3,1,23.89,2191.93,Uberlandia,MG,Sudeste
7092,116,SKU-051,2026-03-02,2,3,33.33,685.35,Rio de Janeiro,RJ,Sudeste
7093,4,SKU-206,2025-10-07,12,3,10.35,1959.06,Sorocaba,SP,Sudeste
7094,7,SKU-151,2025-03-23,6,1,23.23,2620.18,Caucaia,CE,Nordeste
7095,396,SKU-131,2026-01-16,1,1,7.5,2445.52,Volta Redonda,RJ,Sudeste
7096,675,SKU-078,2025-04-20,14,2,29.79,3610.7,Salvador,BA,Nordeste
7097,13,SKU-250,2025-06-20,9,4,28.32,9277.56,Salvador,BA,Nordeste
7098,58,SKU-120,2025-02-12,4,2,21.98,4260.2,Guara,DF,Centro-Oeste
7099,481,SKU-113,2025-04-07,15,3,23.15,5439.87,Passo Fundo,RS,Sul
7100,1203,SKU-028,2025-04-06,2,1,13.28,1158.5,Duque de Caxias,RJ,Sudeste
7101,109,SKU-181,2026-05-29,2,1,28.63,1313.54,Porto Seguro,BA,Nordeste
7102,5,SKU-090,2025-08-21,15,3,21.18,8836.92,Gravatai,RS,Sul
7103,547,SKU-210,2025-06-13,12,4,15.07,1698.88,Novo Hamburgo,RS,Sul
7104,60,SKU-237,2026-04-30,12,1,15.62,2993.72,Canoas,RS,Sul
7105,667,SKU-079,2026-05-03,15,3,5.41,6949.89,Ceilandia,DF,Centro-Oeste
7106,366,SKU-050,2025-12-31,14,4,10.74,7959.16,Petrolina,PE,Nordeste
7107,4,SKU-162,2026-01-13,9,3,20.18,5586.36,Niteroi,RJ,Sudeste
7108,220,SKU-116,2026-05-02,14,1,19.13,2180.81,Guarulhos,SP,Sudeste
7109,320,SKU-121,2026-03-13,1,4,32.28,1061.56,Caucaia,CE,Nordeste
7110,1094,SKU-182,2026-02-04,13,1,33.37,2814.65,Maringa,PR,Sul
7111,880,SKU-064,2025-01-22,9,4,11.2,8750.76,Itabuna,BA,Nordeste
7112,243,SKU-037,2026-05-28,1,1,14.66,2565.06,Caninde,CE,Nordeste
7113,1,SKU-120,2026-01-29,1,1,32.57,2130.1,Serra Talhada,PE,Nordeste
7114,10,SKU-134,2025-11-22,6,2,12.82,1519.98,Crato,CE,Nordeste
7115,9,SKU-113,2025-11-01,13,1,12.76,1813.29,Ponta Grossa,PR,Sul
7116,537,SKU-072,2026-02-25,13,2,17.0,2957.46,Governador Valadares,MG,Sudeste
7117,80,SKU-229,2025-12-19,12,1,22.55,1520.2,Parintins,AM,Norte
7118,1028,SKU-137,2025-08-27,2,2,13.38,4540.3,Planaltina,DF,Centro-Oeste
7119,165,SKU-087,2025-07-04,2,2,18.86,1182.24,Quixada,CE,Nordeste
7120,63,SKU-137,2026-02-26,1,1,32.52,2270.15,Recife,PE,Nordeste
7121,14,SKU-027,2025-04-30,8,2,29.66,4150.24,Caninde,CE,Nordeste
7122,11,SKU-242,2026-04-28,3,4,24.98,9493.32,Presidente Figueiredo,AM,Norte
7123,504,SKU-062,2025-03-01,3,1,32.68,2489.09,Quixada,CE,Nordeste
7124,1015,SKU-142,2025-11-02,11,1,29.47,916.37,Piracicaba,SP,Sudeste
7125,1,SKU-107,2025-07-11,12,3,5.78,4912.68,Guarapuava,PR,Sul
7126,235,SKU-102,2025-01-04,9,3,31.51,5521.59,Sao Bernardo do Campo,SP,Sudeste
7127,496,SKU-240,2025-07-06,9,3,27.23,1100.13,Pocos de Caldas,MG,Sudeste
7128,896,SKU-153,2026-04-12,1,2,18.8,2153.74,Coari,AM,Norte
7129,307,SKU-003,2025-09-27,14,1,22.45,2885.32,Betim,MG,Sudeste
7130,28,SKU-248,2025-04-17,8,4,18.43,7498.36,Contagem,MG,Sudeste
7131,502,SKU-113,2025-08-23,15,1,22.05,1813.29,Sorocaba,SP,Sudeste
7132,86,SKU-216,2025-07-19,6,1,8.48,1101.36,Taguatinga,DF,Centro-Oeste
7133,30,SKU-217,2026-03-14,6,3,18.44,114.39,Colombo,PR,Sul
7134,834,SKU-082,2025-02-16,15,2,11.12,1527.34,Passo Fundo,RS,Sul
7135,864,SKU-187,2025-10-28,15,3,30.16,3908.31,Volta Redonda,RJ,Sudeste
7136,228,SKU-014,2025-08-12,8,4,7.97,4967.04,Sao Paulo,SP,Sudeste
7137,110,SKU-132,2025-08-15,2,2,18.09,861.6,Belo Horizonte,MG,Sudeste
7138,38,SKU-037,2025-04-21,1,3,29.21,7695.18,Olinda,PE,Nordeste
7139,365,SKU-237,2026-03-12,11,4,22.18,11974.88,Crato,CE,Nordeste
7140,335,SKU-187,2026-06-02,6,4,31.55,5211.08,Juazeiro do Norte,CE,Nordeste
7141,2,SKU-007,2026-03-23,8,4,12.34,9608.96,Camacari,BA,Nordeste
7142,976,SKU-165,2025-09-25,11,2,30.55,3309.52,Caxias do Sul,RS,Sul
7143,193,SKU-029,2025-01-09,2,1,29.19,778.9,Manacapuru,AM,Norte
7144,1489,SKU-085,2026-04-15,12,1,32.19,1043.96,Piracicaba,SP,Sudeste
7145,68,SKU-198,2026-02-24,6,4,26.58,5735.2,Iguatu,CE,Nordeste
7146,400,SKU-130,2025-03-29,7,2,29.1,111.96,Recife,PE,Nordeste
7147,11,SKU-180,2026-04-07,12,1,8.97,962.45,Juazeiro,BA,Nordeste
7148,8,SKU-116,2025-12-19,13,3,22.21,6542.43,Ceilandia,DF,Centro-Oeste
7149,686,SKU-245,2025-06-13,4,4,12.98,11894.44,Osasco,SP,Sudeste
7150,121,SKU-170,2025-10-07,15,3,11.21,5066.85,Santos,SP,Sudeste
7151,416,SKU-086,2025-11-17,2,1,6.69,2900.55,Quixada,CE,Nordeste
7152,372,SKU-213,2026-03-24,8,4,26.83,5904.32,Gravatai,RS,Sul
7153,522,SKU-216,2025-07-19,3,1,21.17,1101.36,Manacapuru,AM,Norte
7154,9,SKU-120,2025-07-28,8,4,14.87,8520.4,Ponta Grossa,PR,Sul
7155,1,SKU-032,2025-05-16,9,4,29.37,7410.96,Taguatinga,DF,Centro-Oeste
7156,570,SKU-166,2025-05-20,2,2,12.87,5946.7,Iguatu,CE,Nordeste
7157,1366,SKU-200,2025-08-13,11,3,29.48,8862.78,Quixada,CE,Nordeste
7158,708,SKU-012,2025-04-09,15,2,8.06,5028.62,Sobradinho,DF,Centro-Oeste
7159,289,SKU-067,2026-01-08,13,2,7.38,4652.2,Volta Redonda,RJ,Sudeste
7160,378,SKU-140,2025-05-23,2,4,15.07,3107.0,Ipatinga,MG,Sudeste
7161,730,SKU-104,2025-09-24,14,4,17.69,10347.44,Paulista,PE,Nordeste
7162,275,SKU-139,2025-09-14,11,1,13.5,1828.39,Ceilandia,DF,Centro-Oeste
7163,10,SKU-212,2026-03-30,7,3,22.49,7834.35,Maracanau,CE,Nordeste
7164,147,SKU-107,2026-05-23,5,1,9.79,1637.56,Petropolis,RJ,Sudeste
7165,569,SKU-187,2026-04-02,6,4,24.2,5211.08,Londrina,PR,Sul
7166,199,SKU-213,2025-05-20,2,1,25.35,1476.08,Teresopolis,RJ,Sudeste
7167,103,SKU-097,2025-09-05,10,1,10.06,1080.05,Itacoatiara,AM,Norte
7168,320,SKU-125,2025-06-30,13,2,28.23,3314.76,Caucaia,CE,Nordeste
7169,1278,SKU-020,2025-08-09,7,3,5.83,1744.71,Canoas,RS,Sul
7170,269,SKU-193,2025-10-22,4,3,23.14,7433.55,Caninde,CE,Nordeste
7171,287,SKU-124,2025-10-13,6,3,19.71,912.12,Betim,MG,Sudeste
7172,320,SKU-244,2025-12-05,5,3,13.14,1536.03,Gravata,PE,Nordeste
7173,354,SKU-117,2026-02-16,2,1,12.82,1064.24,Pocos de Caldas,MG,Sudeste
7174,357,SKU-029,2026-05-13,14,1,16.56,778.9,Recanto das Emas,DF,Centro-Oeste
7175,1049,SKU-070,2025-11-14,10,2,24.39,3922.0,Manacapuru,AM,Norte
7176,228,SKU-241,2025-06-27,3,3,19.79,1177.89,Ribeirao Preto,SP,Sudeste
7177,527,SKU-169,2026-01-16,2,3,33.19,6575.79,Paranagua,PR,Sul
7178,49,SKU-010,2026-03-28,9,2,34.38,5610.96,Campos dos Goytacazes,RJ,Sudeste
7179,6,SKU-012,2026-01-25,11,2,13.1,5028.62,Erechim,RS,Sul
7180,554,SKU-164,2026-03-25,3,4,25.8,2420.72,Itabuna,BA,Nordeste
7181,1330,SKU-146,2025-08-16,10,1,21.53,2387.47,Lauro de Freitas,BA,Nordeste
7182,7,SKU-129,2025-11-04,3,1,22.51,561.4,Colombo,PR,Sul
7183,126,SKU-212,2025-10-30,1,1,7.0,2611.45,Autazes,AM,Norte
7184,1069,SKU-186,2025-10-04,2,4,18.55,1095.28,Sao Bernardo do Campo,SP,Sudeste
7185,857,SKU-155,2025-08-08,1,3,19.71,309.93,Parintins,AM,Norte
7186,878,SKU-102,2025-09-09,2,4,30.49,7362.12,Juazeiro do Norte,CE,Nordeste
7187,488,SKU-010,2025-05-11,5,2,16.8,5610.96,Caruaru,PE,Nordeste
7188,6,SKU-073,2026-02-04,1,3,23.35,3093.33,Lauro de Freitas,BA,Nordeste
7189,866,SKU-122,2025-12-22,2,2,29.62,901.3,Sao Paulo,SP,Sudeste
7190,324,SKU-093,2025-01-26,8,3,22.76,1047.48,Gravatai,RS,Sul
7191,465,SKU-074,2025-04-06,2,2,33.71,3130.96,Fortaleza,CE,Nordeste
7192,1065,SKU-188,2026-01-05,10,2,10.81,72.4,Maues,AM,Norte
7193,1292,SKU-170,2025-09-02,9,2,22.83,3377.9,Contagem,MG,Sudeste
7194,690,SKU-188,2025-03-24,13,4,13.34,144.8,Sao Paulo,SP,Sudeste
7195,383,SKU-058,2025-05-27,3,4,9.94,4727.76,Ponta Grossa,PR,Sul
7196,1383,SKU-170,2026-05-14,7,4,6.24,6755.8,Gravatai,RS,Sul
7197,351,SKU-036,2025-10-13,3,3,32.15,1138.44,Paranagua,PR,Sul
7198,1111,SKU-041,2026-03-10,14,3,32.97,6175.83,Pocos de Caldas,MG,Sudeste
7199,103,SKU-063,2025-08-13,1,3,27.4,7847.67,Governador Valadares,MG,Sudeste
7200,907,SKU-237,2025-08-11,7,2,9.08,5987.44,Crato,CE,Nordeste
7201,21,SKU-167,2025-12-29,14,2,14.16,2927.02,Londrina,PR,Sul
7202,327,SKU-007,2026-06-04,12,1,26.93,2402.24,Parintins,AM,Norte
7203,841,SKU-182,2025-05-27,2,3,26.95,8443.95,Betim,MG,Sudeste
7204,999,SKU-044,2026-03-24,6,2,15.69,3007.1,Guara,DF,Centro-Oeste
7205,47,SKU-132,2026-06-05,10,2,9.47,861.6,Samambaia,DF,Centro-Oeste
7206,375,SKU-068,2025-02-06,10,1,29.64,1698.21,Taguatinga,DF,Centro-Oeste
7207,90,SKU-114,2026-03-26,6,3,29.91,6305.46,Foz do Iguacu,PR,Sul
7208,121,SKU-189,2025-11-16,13,3,13.2,3357.9,Maringa,PR,Sul
7209,1488,SKU-232,2026-04-20,4,2,19.68,3390.88,Gravata,PE,Nordeste
7210,48,SKU-060,2025-07-29,11,3,20.99,4664.25,Passo Fundo,RS,Sul
7211,200,SKU-177,2026-04-04,4,2,19.78,5560.74,Feira de Santana,BA,Nordeste
7212,1411,SKU-051,2025-03-20,4,1,30.95,228.45,Paulista,PE,Nordeste
7213,26,SKU-221,2026-03-07,7,3,15.39,5355.6,Serra Talhada,PE,Nordeste
7214,311,SKU-091,2026-03-30,2,1,15.63,960.03,Angra dos Reis,RJ,Sudeste
7215,210,SKU-166,2025-03-30,6,2,32.25,5946.7,Canoas,RS,Sul
7216,248,SKU-198,2026-01-16,13,3,5.51,4301.4,Gravatai,RS,Sul
7217,470,SKU-029,2025-02-26,15,2,26.86,1557.8,Niteroi,RJ,Sudeste
7218,92,SKU-050,2025-05-23,1,1,33.04,1989.79,Juiz de Fora,MG,Sudeste
7219,15,SKU-242,2026-04-12,14,2,33.91,4746.66,Itacoatiara,AM,Norte
7220,30,SKU-111,2025-02-10,7,4,21.17,9482.28,Tefe,AM,Norte
7221,90,SKU-193,2026-05-08,9,1,23.74,2477.85,Petrolina,PE,Nordeste
7222,1390,SKU-105,2025-08-22,2,4,14.38,1312.36,Gravata,PE,Nordeste
7223,512,SKU-160,2025-12-06,10,1,7.59,2800.85,Santos,SP,Sudeste
7224,1318,SKU-079,2025-08-01,3,2,14.59,4633.26,Samambaia,DF,Centro-Oeste
7225,1312,SKU-095,2025-07-14,5,2,23.53,721.9,Serra Talhada,PE,Nordeste
7226,1087,SKU-191,2026-02-10,12,2,31.18,653.82,Belo Horizonte,MG,Sudeste
7227,1290,SKU-217,2025-09-06,4,1,30.43,38.13,Itabuna,BA,Nordeste
7228,53,SKU-154,2026-02-06,7,1,29.77,2976.54,Tefe,AM,Norte
7229,156,SKU-175,2025-04-24,14,1,15.17,2593.48,Petrolina,PE,Nordeste
7230,751,SKU-172,2025-09-16,4,4,28.91,7174.96,Taguatinga,DF,Centro-Oeste
7231,594,SKU-199,2026-01-19,1,4,21.84,7883.44,Serra Talhada,PE,Nordeste
7232,7,SKU-004,2025-01-04,3,3,18.66,8329.26,Pelotas,RS,Sul
7233,274,SKU-191,2025-01-14,2,3,30.76,980.73,Erechim,RS,Sul
7234,70,SKU-069,2026-04-16,4,2,8.53,3869.92,Sorocaba,SP,Sudeste
7235,488,SKU-136,2025-08-15,5,1,27.88,31.7,Brasilia,DF,Centro-Oeste
7236,1151,SKU-189,2025-10-06,12,2,20.09,2238.6,Contagem,MG,Sudeste
7237,280,SKU-111,2025-02-04,3,1,5.63,2370.57,Guara,DF,Centro-Oeste
7238,846,SKU-216,2025-07-31,2,2,7.06,2202.72,Rio de Janeiro,RJ,Sudeste
7239,1405,SKU-194,2025-04-12,8,1,32.44,2515.44,Piracicaba,SP,Sudeste
7240,988,SKU-078,2026-05-09,10,1,13.45,1805.35,Belo Horizonte,MG,Sudeste
7241,301,SKU-220,2026-04-14,2,4,30.32,9264.16,Caruaru,PE,Nordeste
7242,1418,SKU-013,2025-11-14,3,3,11.03,5942.91,Planaltina,DF,Centro-Oeste
7243,34,SKU-055,2026-01-28,8,3,27.31,4816.92,Pelotas,RS,Sul
7244,14,SKU-228,2026-05-09,8,2,24.31,4826.2,Salvador,BA,Nordeste
7245,1339,SKU-208,2025-06-06,15,2,11.85,5127.22,Ipatinga,MG,Sudeste
7246,1400,SKU-011,2025-10-07,4,3,29.54,6413.91,Colombo,PR,Sul
7247,15,SKU-240,2025-10-21,7,2,34.77,733.42,Campinas,SP,Sudeste
7248,15,SKU-183,2026-06-09,12,4,33.38,11142.68,Caruaru,PE,Nordeste
7249,4,SKU-125,2025-07-24,6,4,9.88,6629.52,Teixeira de Freitas,BA,Nordeste
7250,460,SKU-136,2025-09-04,14,4,11.26,126.8,Angra dos Reis,RJ,Sudeste
7251,4,SKU-211,2025-08-05,14,1,5.18,964.92,Gama,DF,Centro-Oeste
7252,307,SKU-134,2025-05-10,11,2,34.68,1519.98,Canoas,RS,Sul
7253,1460,SKU-223,2025-12-11,11,4,9.09,9975.08,Maringa,PR,Sul
7254,33,SKU-212,2025-10-26,1,2,9.33,5222.9,Londrina,PR,Sul
7255,29,SKU-163,2025-10-09,7,2,10.77,1859.28,Sorocaba,SP,Sudeste
7256,1023,SKU-201,2025-12-12,2,4,18.56,5600.08,Sao Bernardo do Campo,SP,Sudeste
7257,613,SKU-039,2026-01-01,3,1,19.58,1461.97,Santa Maria,RS,Sul
7258,30,SKU-139,2025-11-15,15,2,34.85,3656.78,Autazes,AM,Norte
7259,490,SKU-052,2025-01-28,7,2,26.15,3384.42,Serra Talhada,PE,Nordeste
7260,114,SKU-111,2025-01-11,8,2,29.78,4741.14,Gravata,PE,Nordeste
7261,140,SKU-144,2025-12-20,14,1,23.89,77.64,Angra dos Reis,RJ,Sudeste
7262,1176,SKU-170,2026-03-14,15,1,9.42,1688.95,Iguatu,CE,Nordeste
7263,632,SKU-142,2025-11-30,10,4,16.34,3665.48,Guarapuava,PR,Sul
7264,45,SKU-111,2026-01-12,14,1,10.49,2370.57,Ipatinga,MG,Sudeste
7265,1332,SKU-179,2025-11-01,3,4,23.44,3000.84,Colombo,PR,Sul
7266,178,SKU-075,2025-11-17,13,4,16.37,10512.04,Cascavel,PR,Sul
7267,321,SKU-143,2025-06-25,11,1,6.43,919.57,Passo Fundo,RS,Sul
7268,238,SKU-064,2026-01-06,4,2,34.12,4375.38,Parintins,AM,Norte
7269,367,SKU-173,2025-09-28,7,2,31.32,2931.38,Ribeirao Preto,SP,Sudeste
7270,850,SKU-059,2025-11-17,6,2,7.0,4022.46,Fortaleza,CE,Nordeste
7271,993,SKU-212,2026-05-02,10,2,16.34,5222.9,Quixada,CE,Nordeste
7272,469,SKU-228,2025-02-14,1,1,9.35,2413.1,Sao Jose dos Campos,SP,Sudeste
7273,120,SKU-052,2025-02-19,11,4,18.91,6768.84,Sao Paulo,SP,Sudeste
7274,18,SKU-234,2025-04-02,9,3,31.45,274.35,Contagem,MG,Sudeste
7275,457,SKU-016,2025-12-13,8,3,15.16,95.31,Olinda,PE,Nordeste
7276,29,SKU-032,2025-02-22,6,4,11.0,7410.96,Sobradinho,DF,Centro-Oeste
7277,134,SKU-191,2025-02-25,12,4,16.67,1307.64,Petrolina,PE,Nordeste
7278,1406,SKU-036,2025-02-03,2,4,14.68,1517.92,Paulista,PE,Nordeste
7279,33,SKU-103,2025-11-23,1,3,32.42,1046.82,Passo Fundo,RS,Sul
7280,123,SKU-201,2025-03-08,9,3,8.58,4200.06,Contagem,MG,Sudeste
7281,318,SKU-242,2026-05-20,9,1,28.02,2373.33,Piracicaba,SP,Sudeste
7282,188,SKU-234,2025-12-21,13,1,17.21,91.45,Samambaia,DF,Centro-Oeste
7283,187,SKU-122,2026-02-13,3,2,25.05,901.3,Parintins,AM,Norte
7284,66,SKU-083,2025-11-01,1,2,34.09,5330.4,Novo Hamburgo,RS,Sul
7285,1396,SKU-040,2025-01-06,3,2,19.8,2297.72,Recife,PE,Nordeste
7286,624,SKU-010,2026-05-26,15,1,18.37,2805.48,Maracanau,CE,Nordeste
7287,249,SKU-212,2025-02-14,7,2,7.72,5222.9,Guara,DF,Centro-Oeste
7288,2,SKU-183,2025-01-15,1,3,31.9,8357.01,Recife,PE,Nordeste
7289,183,SKU-152,2025-08-31,4,1,22.52,1552.31,Sao Jose dos Pinhais,PR,Sul
7290,1440,SKU-069,2025-03-11,3,4,7.56,7739.84,Brasilia,DF,Centro-Oeste
7291,947,SKU-113,2025-06-05,6,4,24.68,7253.16,Montes Claros,MG,Sudeste
7292,1271,SKU-115,2025-11-08,11,1,23.6,1727.82,Foz do Iguacu,PR,Sul
7293,1378,SKU-012,2025-02-09,4,4,16.52,10057.24,Novo Hamburgo,RS,Sul
7294,117,SKU-150,2025-04-01,10,4,31.31,4563.56,Campos dos Goytacazes,RJ,Sudeste
7295,81,SKU-063,2025-07-22,13,2,16.33,5231.78,Foz do Iguacu,PR,Sul
7296,960,SKU-137,2025-02-01,12,3,24.98,6810.45,Pelotas,RS,Sul
7297,876,SKU-066,2025-10-12,7,3,29.43,7858.38,Parintins,AM,Norte
7298,149,SKU-250,2025-10-07,11,4,32.31,9277.56,Vitoria da Conquista,BA,Nordeste
7299,396,SKU-142,2025-04-27,6,3,34.29,2749.11,Ceilandia,DF,Centro-Oeste
7300,269,SKU-078,2025-01-19,10,4,25.73,7221.4,Planaltina,DF,Centro-Oeste
7301,19,SKU-168,2025-01-30,3,4,5.49,5982.56,Parintins,AM,Norte
7302,191,SKU-220,2025-03-05,12,4,5.92,9264.16,Sobradinho,DF,Centro-Oeste
7303,49,SKU-038,2025-09-29,7,4,7.01,1422.92,Fortaleza,CE,Nordeste
7304,372,SKU-156,2026-02-06,3,3,5.99,4084.89,Sao Paulo,SP,Sudeste
7305,1071,SKU-174,2026-04-07,13,4,32.55,11676.4,Petrolina,PE,Nordeste
7306,638,SKU-002,2025-11-14,6,4,24.88,9793.04,Campos dos Goytacazes,RJ,Sudeste
7307,252,SKU-037,2025-11-14,10,4,17.35,10260.24,Porto Seguro,BA,Nordeste
7308,194,SKU-037,2026-01-16,12,1,17.66,2565.06,Pocos de Caldas,MG,Sudeste
7309,608,SKU-045,2026-01-27,15,1,28.6,1589.77,Maringa,PR,Sul
7310,42,SKU-135,2025-10-27,9,4,13.61,7724.8,Guara,DF,Centro-Oeste
7311,190,SKU-032,2025-08-04,5,4,33.82,7410.96,Teresopolis,RJ,Sudeste
7312,1219,SKU-139,2025-01-23,15,3,13.0,5485.17,Caruaru,PE,Nordeste
7313,183,SKU-141,2025-02-09,14,1,27.35,2420.37,Ipatinga,MG,Sudeste
7314,35,SKU-024,2026-04-03,2,1,13.0,1855.97,Petropolis,RJ,Sudeste
7315,1415,SKU-157,2025-02-11,2,3,20.66,5629.98,Coari,AM,Norte
7316,525,SKU-051,2026-02-05,13,2,16.25,456.9,Caxias do Sul,RS,Sul
7317,84,SKU-177,2025-11-05,2,3,17.72,8341.11,Caninde,CE,Nordeste
7318,788,SKU-041,2025-12-12,9,2,8.25,4117.22,Samambaia,DF,Centro-Oeste
7319,1371,SKU-042,2025-05-18,2,2,32.72,4222.64,Caxias do Sul,RS,Sul
7320,158,SKU-048,2025-08-19,14,1,7.38,1221.94,Paranagua,PR,Sul
7321,1198,SKU-178,2026-04-08,13,1,12.73,2235.29,Recanto das Emas,DF,Centro-Oeste
7322,441,SKU-131,2025-08-22,7,1,28.72,2445.52,Belo Horizonte,MG,Sudeste
7323,668,SKU-081,2025-08-24,13,3,31.16,4724.19,Ponta Grossa,PR,Sul
7324,765,SKU-232,2025-10-11,14,3,30.25,5086.32,Petropolis,RJ,Sudeste
7325,549,SKU-195,2025-08-03,4,4,25.89,891.52,Coari,AM,Norte
7326,13,SKU-113,2025-10-27,7,1,12.88,1813.29,Maues,AM,Norte
7327,1049,SKU-046,2026-03-29,3,2,5.14,2873.52,Piracicaba,SP,Sudeste
7328,7,SKU-193,2025-04-14,12,4,6.82,9911.4,Serra Talhada,PE,Nordeste
7329,602,SKU-051,2025-06-01,2,2,29.41,456.9,Campinas,SP,Sudeste
7330,227,SKU-216,2026-06-07,13,1,7.63,1101.36,Gravata,PE,Nordeste
7331,4,SKU-226,2026-04-21,14,2,33.88,1636.28,Parintins,AM,Norte
7332,509,SKU-227,2026-01-11,9,1,18.64,1364.27,Uberlandia,MG,Sudeste
7333,1316,SKU-143,2025-01-19,11,4,17.58,3678.28,Salvador,BA,Nordeste
7334,180,SKU-093,2026-01-15,13,2,13.39,698.32,Sao Paulo,SP,Sudeste
7335,41,SKU-175,2026-05-20,13,1,17.36,2593.48,Juazeiro do Norte,CE,Nordeste
7336,328,SKU-082,2025-08-28,12,3,12.77,2291.01,Caxias do Sul,RS,Sul
7337,604,SKU-167,2026-03-15,10,1,30.09,1463.51,Tefe,AM,Norte
7338,416,SKU-227,2025-10-13,6,2,24.56,2728.54,Cabo Frio,RJ,Sudeste
7339,513,SKU-146,2025-09-05,10,1,33.05,2387.47,Cascavel,PR,Sul
7340,39,SKU-232,2025-09-30,8,4,28.92,6781.76,Presidente Figueiredo,AM,Norte
7341,255,SKU-027,2026-02-22,6,4,28.28,8300.48,Cabo Frio,RJ,Sudeste
7342,336,SKU-191,2025-02-20,1,1,29.93,326.91,Taguatinga,DF,Centro-Oeste
7343,1303,SKU-205,2026-05-02,6,2,18.29,788.36,Garanhuns,PE,Nordeste
7344,207,SKU-231,2026-04-30,3,1,23.25,1994.03,Teixeira de Freitas,BA,Nordeste
7345,496,SKU-049,2025-09-29,13,1,24.59,101.6,Tefe,AM,Norte
7346,160,SKU-119,2026-01-29,3,4,34.3,551.16,Passo Fundo,RS,Sul
7347,962,SKU-044,2025-12-19,10,1,16.95,1503.55,Gravatai,RS,Sul
7348,735,SKU-031,2025-06-10,1,1,25.94,988.93,Rio de Janeiro,RJ,Sudeste
7349,564,SKU-249,2025-04-21,3,2,23.74,1406.9,Sobradinho,DF,Centro-Oeste
7350,1453,SKU-209,2025-10-07,1,4,7.82,7940.96,Niteroi,RJ,Sudeste
7351,63,SKU-084,2025-01-27,15,4,18.96,5874.0,Rio de Janeiro,RJ,Sudeste
7352,536,SKU-043,2025-03-01,9,3,26.54,1266.12,Samambaia,DF,Centro-Oeste
7353,354,SKU-093,2026-01-21,4,2,20.65,698.32,Foz do Iguacu,PR,Sul
7354,172,SKU-071,2026-02-05,14,1,23.6,1619.81,Olinda,PE,Nordeste
7355,65,SKU-209,2025-02-18,7,1,10.71,1985.24,Maracanau,CE,Nordeste
7356,67,SKU-200,2025-12-19,2,4,32.97,11817.04,Osasco,SP,Sudeste
7357,177,SKU-178,2025-01-13,4,4,19.85,8941.16,Manacapuru,AM,Norte
7358,902,SKU-135,2025-07-09,5,4,6.91,7724.8,Guarapuava,PR,Sul
7359,1225,SKU-214,2025-12-30,1,3,18.45,2228.61,Caxias do Sul,RS,Sul
7360,1195,SKU-240,2025-05-20,12,4,30.98,1466.84,Presidente Figueiredo,AM,Norte
7361,309,SKU-218,2025-07-07,9,4,14.57,1875.92,Duque de Caxias,RJ,Sudeste
7362,546,SKU-017,2025-06-30,11,3,15.49,1376.22,Ceilandia,DF,Centro-Oeste
7363,260,SKU-052,2026-05-23,2,3,13.27,5076.63,Curitiba,PR,Sul
7364,680,SKU-185,2025-12-08,14,4,29.57,2011.2,Gravata,PE,Nordeste
7365,1108,SKU-237,2025-06-25,6,4,29.07,11974.88,Ilheus,BA,Nordeste
7366,1086,SKU-044,2025-07-13,1,2,13.23,3007.1,Contagem,MG,Sudeste
7367,1431,SKU-189,2025-03-16,4,2,9.86,2238.6,Planaltina,DF,Centro-Oeste
7368,582,SKU-027,2025-11-17,10,1,8.21,2075.12,Contagem,MG,Sudeste
7369,146,SKU-080,2025-05-14,1,1,6.85,1642.04,Planaltina,DF,Centro-Oeste
7370,29,SKU-212,2026-05-10,3,3,23.72,7834.35,Teresopolis,RJ,Sudeste
7371,1293,SKU-052,2025-05-24,1,3,21.99,5076.63,Niteroi,RJ,Sudeste
7372,537,SKU-110,2026-04-08,10,1,25.49,459.21,Betim,MG,Sudeste
7373,10,SKU-193,2026-03-01,13,2,28.84,4955.7,Caninde,CE,Nordeste
7374,322,SKU-107,2025-05-27,10,4,13.19,6550.24,Igarassu,PE,Nordeste
7375,75,SKU-001,2026-04-18,3,2,8.54,2446.56,Caninde,CE,Nordeste
7376,12,SKU-150,2025-05-20,7,4,23.11,4563.56,Sao Paulo,SP,Sudeste
7377,834,SKU-167,2025-09-17,4,4,13.72,5854.04,Maues,AM,Norte
7378,148,SKU-170,2026-03-29,14,4,10.72,6755.8,Camacari,BA,Nordeste
7379,809,SKU-050,2025-04-10,5,1,7.56,1989.79,Gravatai,RS,Sul
7380,807,SKU-047,2025-11-18,13,4,19.09,894.28,Porto Seguro,BA,Nordeste
7381,1366,SKU-075,2025-11-16,2,2,8.6,5256.02,Pocos de Caldas,MG,Sudeste
7382,1151,SKU-096,2026-01-31,4,1,11.09,1306.51,Itacoatiara,AM,Norte
7383,1164,SKU-170,2025-05-29,14,1,26.25,1688.95,Recife,PE,Nordeste
7384,416,SKU-075,2026-01-31,3,4,34.24,10512.04,Guarulhos,SP,Sudeste
7385,136,SKU-199,2025-02-16,10,1,20.41,1970.86,Recanto das Emas,DF,Centro-Oeste
7386,365,SKU-201,2026-05-15,2,1,21.22,1400.02,Colombo,PR,Sul
7387,165,SKU-179,2025-06-13,6,4,18.55,3000.84,Niteroi,RJ,Sudeste
7388,821,SKU-042,2026-05-21,13,3,26.07,6333.96,Maracanau,CE,Nordeste
7389,286,SKU-218,2025-09-02,14,2,6.07,937.96,Sao Bernardo do Campo,SP,Sudeste
7390,105,SKU-042,2025-06-24,11,2,16.62,4222.64,Parintins,AM,Norte
7391,1072,SKU-189,2026-04-13,1,1,28.99,1119.3,Nova Iguacu,RJ,Sudeste
7392,353,SKU-108,2026-02-01,8,1,28.94,2375.08,Aguas Claras,DF,Centro-Oeste
7393,1215,SKU-149,2026-03-27,9,4,28.61,11520.28,Guara,DF,Centro-Oeste
7394,11,SKU-045,2026-02-15,7,4,19.69,6359.08,Londrina,PR,Sul
7395,958,SKU-045,2026-02-21,8,3,22.42,4769.31,Sao Paulo,SP,Sudeste
7396,79,SKU-042,2025-04-24,13,2,18.56,4222.64,Uberlandia,MG,Sudeste
7397,202,SKU-198,2026-03-31,8,1,23.2,1433.8,Olinda,PE,Nordeste
7398,82,SKU-204,2026-03-16,10,4,11.1,3921.0,Sao Jose dos Pinhais,PR,Sul
7399,41,SKU-215,2025-09-23,12,2,17.94,4341.46,Tefe,AM,Norte
7400,18,SKU-115,2026-05-28,6,3,5.28,5183.46,Colombo,PR,Sul
7401,1287,SKU-167,2025-04-26,12,2,5.52,2927.02,Petropolis,RJ,Sudeste
7402,227,SKU-210,2026-05-03,5,2,19.1,849.44,Duque de Caxias,RJ,Sudeste
7403,588,SKU-218,2026-05-30,11,4,19.52,1875.92,Camacari,BA,Nordeste
7404,1112,SKU-156,2025-05-09,11,4,21.64,5446.52,Petropolis,RJ,Sudeste
7405,205,SKU-130,2025-08-28,2,2,26.54,111.96,Recanto das Emas,DF,Centro-Oeste
7406,538,SKU-228,2025-08-08,2,4,20.04,9652.4,Maringa,PR,Sul
7407,162,SKU-021,2025-05-17,12,4,7.0,5496.88,Piracicaba,SP,Sudeste
7408,11,SKU-035,2025-06-04,4,4,19.62,11108.76,Paulista,PE,Nordeste
7409,566,SKU-205,2025-08-06,13,4,17.84,1576.72,Maracanau,CE,Nordeste
7410,45,SKU-194,2025-11-11,8,2,18.07,5030.88,Igarassu,PE,Nordeste
7411,77,SKU-023,2025-09-26,8,2,29.6,2287.0,Vitoria da Conquista,BA,Nordeste
7412,696,SKU-173,2025-10-02,12,2,13.48,2931.38,Caucaia,CE,Nordeste
7413,836,SKU-192,2026-02-20,7,2,28.02,61.26,Iguatu,CE,Nordeste
7414,112,SKU-136,2025-11-11,5,4,5.84,126.8,Porto Seguro,BA,Nordeste
7415,1470,SKU-031,2025-08-23,7,1,26.25,988.93,Garanhuns,PE,Nordeste
7416,1251,SKU-012,2025-06-07,2,4,9.31,10057.24,Foz do Iguacu,PR,Sul
7417,71,SKU-187,2025-12-30,2,4,5.19,5211.08,Brasilia,DF,Centro-Oeste
7418,661,SKU-204,2025-01-15,11,4,21.64,3921.0,Sao Bernardo do Campo,SP,Sudeste
7419,185,SKU-152,2026-01-09,11,1,33.83,1552.31,Caruaru,PE,Nordeste
7420,926,SKU-111,2025-06-25,12,2,19.24,4741.14,Sorocaba,SP,Sudeste
7421,1064,SKU-076,2025-08-03,3,2,33.64,5448.88,Recife,PE,Nordeste
7422,362,SKU-071,2026-02-03,15,2,13.5,3239.62,Sao Bernardo do Campo,SP,Sudeste
7423,723,SKU-053,2026-04-08,9,3,22.85,6742.59,Foz do Iguacu,PR,Sul
7424,365,SKU-179,2025-02-25,11,2,11.41,1500.42,Guarulhos,SP,Sudeste
7425,952,SKU-012,2025-12-03,8,4,14.17,10057.24,Sao Bernardo do Campo,SP,Sudeste
7426,1334,SKU-028,2026-01-17,5,4,19.86,4634.0,Vitoria da Conquista,BA,Nordeste
7427,801,SKU-163,2026-05-23,15,3,30.09,2788.92,Juazeiro,BA,Nordeste
7428,2,SKU-085,2026-05-19,11,4,12.76,4175.84,Aguas Claras,DF,Centro-Oeste
7429,103,SKU-199,2025-07-07,7,1,14.13,1970.86,Teresopolis,RJ,Sudeste
7430,157,SKU-218,2025-10-10,6,1,30.73,468.98,Novo Hamburgo,RS,Sul
7431,139,SKU-083,2025-03-23,1,1,26.37,2665.2,Recife,PE,Nordeste
7432,629,SKU-182,2025-05-22,8,2,17.81,5629.3,Porto Seguro,BA,Nordeste
7433,1159,SKU-159,2025-06-10,14,4,16.26,9378.16,Ponta Grossa,PR,Sul
7434,128,SKU-184,2025-04-10,9,4,28.63,10211.48,Duque de Caxias,RJ,Sudeste
7435,701,SKU-011,2026-02-03,2,3,33.85,6413.91,Tefe,AM,Norte
7436,146,SKU-157,2025-06-05,14,1,25.76,1876.66,Samambaia,DF,Centro-Oeste
7437,706,SKU-138,2026-04-21,15,3,19.37,4247.58,Petropolis,RJ,Sudeste
7438,54,SKU-131,2026-04-30,5,4,19.57,9782.08,Cascavel,PR,Sul
7439,1293,SKU-206,2025-03-14,15,4,21.94,2612.08,Nova Iguacu,RJ,Sudeste
7440,559,SKU-066,2025-02-07,12,1,20.23,2619.46,Olinda,PE,Nordeste
7441,816,SKU-195,2025-08-26,2,3,26.84,668.64,Teixeira de Freitas,BA,Nordeste
7442,131,SKU-120,2025-02-02,12,2,32.72,4260.2,Ceilandia,DF,Centro-Oeste
7443,59,SKU-181,2025-03-07,4,2,15.06,2627.08,Gama,DF,Centro-Oeste
7444,1356,SKU-055,2025-05-18,7,3,8.58,4816.92,Garanhuns,PE,Nordeste
7445,741,SKU-245,2025-02-16,7,4,21.85,11894.44,Porto Seguro,BA,Nordeste
7446,928,SKU-235,2025-02-14,6,1,26.24,1982.65,Autazes,AM,Norte
7447,958,SKU-018,2025-03-13,2,1,26.45,2274.73,Belo Horizonte,MG,Sudeste
7448,206,SKU-040,2026-01-20,14,1,30.84,1148.86,Juazeiro,BA,Nordeste
7449,955,SKU-185,2025-06-04,11,4,34.49,2011.2,Caucaia,CE,Nordeste
7450,123,SKU-229,2025-02-23,9,3,32.52,4560.6,Pocos de Caldas,MG,Sudeste
7451,348,SKU-075,2026-03-19,12,1,29.19,2628.01,Brasilia,DF,Centro-Oeste
7452,711,SKU-238,2025-11-25,12,2,16.42,5897.92,Feira de Santana,BA,Nordeste
7453,835,SKU-246,2026-01-13,2,3,27.01,7694.73,Petrolina,PE,Nordeste
7454,1134,SKU-125,2025-05-29,2,1,8.16,1657.38,Contagem,MG,Sudeste
7455,150,SKU-143,2026-02-20,3,2,17.46,1839.14,Manaus,AM,Norte
7456,569,SKU-095,2025-10-02,8,3,27.66,1082.85,Recanto das Emas,DF,Centro-Oeste
7457,175,SKU-208,2025-07-08,14,4,15.4,10254.44,Fortaleza,CE,Nordeste
7458,8,SKU-106,2025-05-23,10,3,13.51,1429.95,Pelotas,RS,Sul
7459,631,SKU-182,2025-04-01,3,1,17.78,2814.65,Aguas Claras,DF,Centro-Oeste
7460,581,SKU-064,2025-12-01,6,4,7.74,8750.76,Jaboatao dos Guararapes,PE,Nordeste
7461,953,SKU-003,2025-01-08,2,2,19.87,5770.64,Taguatinga,DF,Centro-Oeste
7462,965,SKU-003,2026-03-06,14,4,6.09,11541.28,Quixada,CE,Nordeste
7463,715,SKU-115,2025-04-06,3,3,15.86,5183.46,Porto Seguro,BA,Nordeste
7464,1485,SKU-049,2025-10-18,2,4,17.48,406.4,Serra Talhada,PE,Nordeste
7465,825,SKU-214,2025-12-12,14,4,20.31,2971.48,Lauro de Freitas,BA,Nordeste
7466,745,SKU-170,2025-01-08,10,3,8.6,5066.85,Manaus,AM,Norte
7467,159,SKU-159,2025-03-04,7,3,16.28,7033.62,Pelotas,RS,Sul
7468,1066,SKU-215,2026-02-20,1,2,26.83,4341.46,Feira de Santana,BA,Nordeste
7469,92,SKU-094,2025-09-12,4,1,20.28,2069.57,Sao Jose dos Campos,SP,Sudeste
7470,1,SKU-243,2025-06-16,11,3,17.31,8509.41,Iguatu,CE,Nordeste
7471,598,SKU-108,2026-04-02,1,1,17.75,2375.08,Londrina,PR,Sul
7472,401,SKU-160,2025-03-09,10,1,19.1,2800.85,Uberaba,MG,Sudeste
7473,819,SKU-127,2025-06-25,6,2,13.51,4650.64,Tabatinga,AM,Norte
7474,26,SKU-217,2026-04-04,5,1,33.16,38.13,Ponta Grossa,PR,Sul
7475,953,SKU-024,2026-03-26,11,1,24.92,1855.97,Sao Jose dos Campos,SP,Sudeste
7476,603,SKU-088,2026-05-20,11,1,15.04,2806.21,Manacapuru,AM,Norte
7477,82,SKU-239,2025-11-12,8,3,12.33,677.91,Sobral,CE,Nordeste
7478,224,SKU-110,2025-08-02,10,4,31.99,1836.84,Itabuna,BA,Nordeste
7479,597,SKU-231,2025-07-08,11,4,26.65,7976.12,Serra Talhada,PE,Nordeste
7480,716,SKU-237,2025-08-27,13,3,34.48,8981.16,Niteroi,RJ,Sudeste
7481,212,SKU-092,2026-03-05,1,3,28.73,7229.58,Paulista,PE,Nordeste
7482,293,SKU-216,2025-10-31,5,2,26.18,2202.72,Sorocaba,SP,Sudeste
7483,9,SKU-186,2026-02-18,3,4,16.09,1095.28,Colombo,PR,Sul
7484,236,SKU-224,2025-06-30,15,4,9.24,10037.44,Caruaru,PE,Nordeste
7485,599,SKU-010,2025-03-05,14,2,31.75,5610.96,Betim,MG,Sudeste
7486,910,SKU-024,2026-05-01,7,4,8.55,7423.88,Itabuna,BA,Nordeste
7487,1327,SKU-062,2025-04-26,2,4,28.81,9956.36,Uberlandia,MG,Sudeste
7488,189,SKU-027,2025-06-12,1,4,27.37,8300.48,Novo Hamburgo,RS,Sul
7489,515,SKU-127,2025-02-10,6,4,10.71,9301.28,Recanto das Emas,DF,Centro-Oeste
7490,212,SKU-060,2025-04-06,7,1,28.93,1554.75,Sobradinho,DF,Centro-Oeste
7491,899,SKU-134,2026-03-16,3,2,14.99,1519.98,Londrina,PR,Sul
7492,86,SKU-172,2026-04-29,6,3,16.36,5381.22,Sobral,CE,Nordeste
7493,104,SKU-243,2026-05-17,3,1,23.22,2836.47,Maringa,PR,Sul
7494,216,SKU-054,2026-06-05,2,3,7.04,7111.86,Sao Jose dos Campos,SP,Sudeste
7495,44,SKU-199,2025-03-25,15,3,12.94,5912.58,Bento Goncalves,RS,Sul
7496,14,SKU-085,2025-10-10,2,1,12.35,1043.96,Sobral,CE,Nordeste
7497,189,SKU-111,2025-09-15,3,2,9.66,4741.14,Lauro de Freitas,BA,Nordeste
7498,1146,SKU-128,2025-03-17,5,2,34.25,797.38,Guarulhos,SP,Sudeste
7499,125,SKU-172,2025-04-19,10,3,25.22,5381.22,Olinda,PE,Nordeste
7500,1029,SKU-184,2026-05-14,6,2,34.51,5105.74,Coari,AM,Norte
7501,65,SKU-030,2025-06-19,13,1,32.18,1158.16,Garanhuns,PE,Nordeste
7502,8,SKU-069,2025-01-13,15,1,27.14,1934.96,Presidente Figueiredo,AM,Norte
7503,86,SKU-109,2026-04-05,6,1,6.99,1537.45,Uberlandia,MG,Sudeste
7504,735,SKU-137,2025-09-28,13,4,33.88,9080.6,Cascavel,PR,Sul
7505,5,SKU-016,2025-11-22,11,3,25.62,95.31,Caxias do Sul,RS,Sul
7506,47,SKU-042,2026-03-04,3,3,22.49,6333.96,Contagem,MG,Sudeste
7507,308,SKU-077,2025-11-12,10,3,31.2,7447.29,Bento Goncalves,RS,Sul
7508,1215,SKU-078,2026-05-08,6,4,24.61,7221.4,Recanto das Emas,DF,Centro-Oeste
7509,59,SKU-231,2025-07-12,8,2,30.45,3988.06,Passo Fundo,RS,Sul
7510,638,SKU-199,2025-07-04,7,2,24.22,3941.72,Caucaia,CE,Nordeste
7511,136,SKU-066,2025-09-05,12,3,8.65,7858.38,Ilheus,BA,Nordeste
7512,692,SKU-035,2026-02-04,6,1,14.69,2777.19,Bento Goncalves,RS,Sul
7513,1203,SKU-090,2026-05-28,12,3,34.55,8836.92,Ceilandia,DF,Centro-Oeste
7514,1225,SKU-163,2025-03-05,11,2,32.93,1859.28,Quixada,CE,Nordeste
7515,1310,SKU-071,2025-12-24,2,3,11.35,4859.43,Ceilandia,DF,Centro-Oeste
7516,862,SKU-204,2025-03-13,3,2,31.3,1960.5,Manacapuru,AM,Norte
7517,825,SKU-236,2025-03-25,15,2,8.14,1272.32,Jaboatao dos Guararapes,PE,Nordeste
7518,1270,SKU-195,2026-04-09,8,4,9.18,891.52,Teresopolis,RJ,Sudeste
7519,74,SKU-174,2025-04-13,11,1,9.44,2919.1,Sobradinho,DF,Centro-Oeste
7520,1005,SKU-056,2025-04-07,2,2,18.11,5529.14,Pocos de Caldas,MG,Sudeste
7521,1,SKU-015,2026-04-01,9,3,29.05,5827.17,Sobradinho,DF,Centro-Oeste
7522,668,SKU-138,2026-05-06,9,1,31.99,1415.86,Ilheus,BA,Nordeste
7523,140,SKU-071,2025-09-09,7,1,6.72,1619.81,Garanhuns,PE,Nordeste
7524,177,SKU-245,2025-03-21,7,3,30.45,8920.83,Samambaia,DF,Centro-Oeste
7525,44,SKU-225,2025-09-05,5,2,33.06,5121.86,Novo Hamburgo,RS,Sul
7526,908,SKU-147,2025-12-24,15,3,22.02,8141.64,Guarapuava,PR,Sul
7527,207,SKU-239,2025-05-27,9,1,15.88,225.97,Autazes,AM,Norte
7528,210,SKU-120,2025-08-06,7,2,16.05,4260.2,Ceilandia,DF,Centro-Oeste
7529,60,SKU-165,2025-02-28,10,4,31.99,6619.04,Governador Valadares,MG,Sudeste
7530,32,SKU-048,2025-08-04,7,2,6.19,2443.88,Aguas Claras,DF,Centro-Oeste
7531,40,SKU-229,2025-05-17,2,3,28.68,4560.6,Fortaleza,CE,Nordeste
7532,34,SKU-010,2025-01-13,9,3,6.37,8416.44,Camacari,BA,Nordeste
7533,47,SKU-038,2026-05-06,10,2,25.38,711.46,Tabatinga,AM,Norte
7534,585,SKU-226,2025-03-06,8,4,20.42,3272.56,Camacari,BA,Nordeste
7535,397,SKU-170,2026-05-11,9,2,13.19,3377.9,Itabuna,BA,Nordeste
7536,249,SKU-123,2026-02-18,14,4,18.67,4984.44,Sao Jose dos Campos,SP,Sudeste
7537,361,SKU-162,2025-07-14,14,4,21.97,7448.48,Igarassu,PE,Nordeste
7538,37,SKU-213,2025-02-10,15,2,17.26,2952.16,Teresopolis,RJ,Sudeste
7539,513,SKU-065,2026-02-18,4,3,29.78,8175.9,Petropolis,RJ,Sudeste
7540,1475,SKU-124,2025-05-30,15,2,10.91,608.08,Planaltina,DF,Centro-Oeste
7541,575,SKU-119,2025-02-07,7,2,14.18,275.58,Olinda,PE,Nordeste
7542,37,SKU-095,2025-08-26,9,4,14.37,1443.8,Duque de Caxias,RJ,Sudeste
7543,1101,SKU-204,2026-05-17,10,4,32.97,3921.0,Foz do Iguacu,PR,Sul
7544,816,SKU-071,2025-05-05,10,2,16.37,3239.62,Osasco,SP,Sudeste
7545,1023,SKU-236,2025-03-05,7,2,9.99,1272.32,Itapipoca,CE,Nordeste
7546,134,SKU-186,2025-03-08,14,4,29.94,1095.28,Vitoria da Conquista,BA,Nordeste
7547,182,SKU-182,2025-08-24,3,1,23.79,2814.65,Juazeiro,BA,Nordeste
7548,1262,SKU-008,2025-01-29,15,2,6.52,4177.7,Guara,DF,Centro-Oeste
7549,70,SKU-188,2026-05-03,9,4,6.52,144.8,Ipatinga,MG,Sudeste
7550,351,SKU-245,2025-07-23,14,2,9.0,5947.22,Volta Redonda,RJ,Sudeste
7551,1273,SKU-198,2025-08-03,3,4,11.25,5735.2,Erechim,RS,Sul
7552,406,SKU-089,2026-03-16,1,4,34.33,6861.36,Novo Hamburgo,RS,Sul
7553,140,SKU-176,2025-08-29,15,2,16.77,4713.86,Parintins,AM,Norte
7554,1478,SKU-188,2025-11-21,5,1,18.0,36.2,Piracicaba,SP,Sudeste
7555,777,SKU-119,2025-03-08,11,1,25.24,137.79,Serra Talhada,PE,Nordeste
7556,725,SKU-019,2025-08-27,10,1,22.56,597.29,Maringa,PR,Sul
7557,262,SKU-052,2025-01-16,12,4,12.59,6768.84,Tefe,AM,Norte
7558,72,SKU-250,2026-01-22,15,3,16.66,6958.17,Rio de Janeiro,RJ,Sudeste
7559,1414,SKU-117,2025-04-12,10,2,18.54,2128.48,Planaltina,DF,Centro-Oeste
7560,29,SKU-109,2025-11-30,9,3,33.64,4612.35,Sobradinho,DF,Centro-Oeste
7561,32,SKU-229,2025-03-08,5,4,26.52,6080.8,Fortaleza,CE,Nordeste
7562,599,SKU-073,2025-05-02,4,3,17.48,3093.33,Contagem,MG,Sudeste
7563,1228,SKU-137,2025-08-31,1,1,17.04,2270.15,Uberaba,MG,Sudeste
7564,4,SKU-116,2025-05-24,11,3,24.25,6542.43,Piracicaba,SP,Sudeste
7565,108,SKU-186,2026-01-02,6,1,10.87,273.82,Sobral,CE,Nordeste
7566,216,SKU-241,2025-02-05,11,1,10.94,392.63,Taguatinga,DF,Centro-Oeste
7567,2,SKU-094,2026-05-05,11,1,30.61,2069.57,Erechim,RS,Sul
7568,33,SKU-169,2025-06-08,1,4,12.26,8767.72,Sao Jose dos Campos,SP,Sudeste
7569,384,SKU-220,2025-08-28,3,4,6.99,9264.16,Petrolina,PE,Nordeste
7570,805,SKU-071,2026-02-17,10,1,9.4,1619.81,Teixeira de Freitas,BA,Nordeste
7571,1163,SKU-170,2025-05-06,1,2,10.66,3377.9,Campos dos Goytacazes,RJ,Sudeste
7572,1032,SKU-014,2025-07-09,5,3,17.08,3725.28,Niteroi,RJ,Sudeste
7573,1234,SKU-220,2025-06-24,13,1,15.49,2316.04,Osasco,SP,Sudeste
7574,2,SKU-073,2025-02-26,8,2,18.77,2062.22,Jaboatao dos Guararapes,PE,Nordeste
7575,1200,SKU-140,2025-04-14,4,2,29.8,1553.5,Presidente Figueiredo,AM,Norte
7576,101,SKU-057,2025-10-10,11,3,12.7,6006.57,Contagem,MG,Sudeste
7577,667,SKU-192,2026-05-04,13,4,20.51,122.52,Olinda,PE,Nordeste
7578,25,SKU-071,2025-06-13,8,4,17.45,6479.24,Paulista,PE,Nordeste
7579,1045,SKU-123,2026-03-11,7,2,7.03,2492.22,Londrina,PR,Sul
7580,82,SKU-081,2025-02-26,15,2,6.93,3149.46,Uberlandia,MG,Sudeste
7581,3,SKU-167,2025-05-04,12,1,30.57,1463.51,Rio de Janeiro,RJ,Sudeste
7582,1480,SKU-246,2025-10-17,1,3,15.12,7694.73,Itacoatiara,AM,Norte
7583,3,SKU-147,2025-09-18,6,1,25.77,2713.88,Cascavel,PR,Sul
7584,30,SKU-025,2025-11-11,10,4,14.98,3917.24,Fortaleza,CE,Nordeste
7585,42,SKU-191,2026-06-08,13,4,23.24,1307.64,Manacapuru,AM,Norte
7586,1353,SKU-161,2025-08-17,8,2,27.59,4351.9,Novo Hamburgo,RS,Sul
7587,304,SKU-007,2026-01-15,12,2,31.01,4804.48,Montes Claros,MG,Sudeste
7588,909,SKU-128,2025-03-03,9,1,10.76,398.69,Camacari,BA,Nordeste
7589,1101,SKU-174,2025-06-10,5,1,16.2,2919.1,Vitoria da Conquista,BA,Nordeste
7590,483,SKU-159,2025-09-13,2,1,31.25,2344.54,Maues,AM,Norte
7591,72,SKU-195,2025-04-15,1,4,7.75,891.52,Autazes,AM,Norte
7592,155,SKU-242,2025-03-12,11,1,26.09,2373.33,Uberlandia,MG,Sudeste
7593,32,SKU-032,2025-02-21,12,1,17.75,1852.74,Rio de Janeiro,RJ,Sudeste
7594,940,SKU-186,2026-02-04,8,4,13.02,1095.28,Serra Talhada,PE,Nordeste
7595,303,SKU-007,2025-07-18,7,3,22.14,7206.72,Caxias do Sul,RS,Sul
7596,967,SKU-185,2025-08-09,8,3,21.31,1508.4,Juazeiro,BA,Nordeste
7597,158,SKU-008,2025-12-16,8,4,13.99,8355.4,Caucaia,CE,Nordeste
7598,308,SKU-082,2025-12-09,5,4,13.75,3054.68,Aguas Claras,DF,Centro-Oeste
7599,94,SKU-039,2025-09-26,13,4,22.62,5847.88,Caxias do Sul,RS,Sul
7600,442,SKU-163,2025-04-14,7,3,32.61,2788.92,Recanto das Emas,DF,Centro-Oeste
7601,1,SKU-158,2025-07-21,1,2,16.64,4565.44,Ponta Grossa,PR,Sul
7602,552,SKU-111,2025-06-11,5,1,29.39,2370.57,Itacoatiara,AM,Norte
7603,2,SKU-207,2025-12-22,2,2,7.11,2381.32,Bento Goncalves,RS,Sul
7604,7,SKU-169,2026-04-01,13,2,27.26,4383.86,Betim,MG,Sudeste
7605,356,SKU-088,2025-06-16,15,3,21.71,8418.63,Recanto das Emas,DF,Centro-Oeste
7606,567,SKU-181,2026-02-13,1,4,31.39,5254.16,Erechim,RS,Sul
7607,63,SKU-194,2026-02-02,9,4,28.33,10061.76,Parintins,AM,Norte
7608,909,SKU-131,2026-01-14,4,3,6.12,7336.56,Santa Maria,RS,Sul
7609,15,SKU-006,2025-12-30,10,4,26.01,4178.8,Guarapuava,PR,Sul
7610,1410,SKU-194,2026-03-22,8,4,15.19,10061.76,Presidente Figueiredo,AM,Norte
7611,9,SKU-085,2025-10-21,1,2,31.68,2087.92,Ipatinga,MG,Sudeste
7612,591,SKU-233,2026-01-12,15,3,19.27,6194.1,Belo Horizonte,MG,Sudeste
7613,1111,SKU-013,2025-11-25,12,2,17.45,3961.94,Autazes,AM,Norte
7614,917,SKU-014,2026-03-19,3,3,11.62,3725.28,Bento Goncalves,RS,Sul
7615,4,SKU-139,2026-04-26,14,4,17.39,7313.56,Petropolis,RJ,Sudeste
7616,934,SKU-069,2025-09-16,11,1,31.74,1934.96,Itabuna,BA,Nordeste
7617,1,SKU-158,2025-04-21,4,2,26.08,4565.44,Guarulhos,SP,Sudeste
7618,1208,SKU-103,2025-07-02,8,1,34.18,348.94,Olinda,PE,Nordeste
7619,30,SKU-246,2025-10-13,13,4,32.94,10259.64,Recanto das Emas,DF,Centro-Oeste
7620,1360,SKU-121,2025-09-24,3,3,5.41,796.17,Campos dos Goytacazes,RJ,Sudeste
7621,92,SKU-040,2026-01-01,6,2,18.05,2297.72,Juazeiro,BA,Nordeste
7622,730,SKU-114,2025-12-13,2,4,17.23,8407.28,Parintins,AM,Norte
7623,48,SKU-219,2025-01-08,11,1,31.1,1190.35,Paulista,PE,Nordeste
7624,163,SKU-240,2025-09-07,8,1,27.49,366.71,Curitiba,PR,Sul
7625,965,SKU-072,2025-07-23,14,2,20.92,2957.46,Ipatinga,MG,Sudeste
7626,1,SKU-168,2026-01-06,5,2,11.82,2991.28,Taguatinga,DF,Centro-Oeste
7627,50,SKU-143,2025-11-03,12,3,21.62,2758.71,Contagem,MG,Sudeste
7628,42,SKU-151,2025-01-13,7,1,27.32,2620.18,Rio de Janeiro,RJ,Sudeste
7629,70,SKU-135,2025-03-19,13,1,21.37,1931.2,Presidente Figueiredo,AM,Norte
7630,99,SKU-055,2025-12-18,12,3,10.73,4816.92,Teixeira de Freitas,BA,Nordeste
7631,727,SKU-035,2025-10-19,13,1,29.27,2777.19,Coari,AM,Norte
7632,10,SKU-095,2026-04-21,10,1,12.55,360.95,Ceilandia,DF,Centro-Oeste
7633,68,SKU-030,2026-04-18,2,2,8.89,2316.32,Gravatai,RS,Sul
7634,496,SKU-085,2025-02-23,5,4,33.92,4175.84,Canoas,RS,Sul
7635,124,SKU-173,2026-01-08,9,2,33.31,2931.38,Presidente Figueiredo,AM,Norte
7636,93,SKU-248,2025-07-21,4,2,18.37,3749.18,Maues,AM,Norte
7637,683,SKU-059,2025-12-01,10,1,14.79,2011.23,Itacoatiara,AM,Norte
7638,607,SKU-208,2025-12-14,1,1,13.49,2563.61,Autazes,AM,Norte
7639,170,SKU-158,2025-12-09,5,1,15.5,2282.72,Igarassu,PE,Nordeste
7640,258,SKU-035,2025-07-07,4,4,10.97,11108.76,Sao Bernardo do Campo,SP,Sudeste
7641,244,SKU-119,2025-02-09,5,3,29.14,413.37,Fortaleza,CE,Nordeste
7642,1053,SKU-136,2025-02-15,2,3,32.81,95.1,Presidente Figueiredo,AM,Norte
7643,561,SKU-159,2025-10-26,11,3,18.29,7033.62,Canoas,RS,Sul
7644,664,SKU-126,2025-09-03,2,1,32.89,81.03,Fortaleza,CE,Nordeste
7645,100,SKU-003,2025-07-23,10,4,17.9,11541.28,Ribeirao Preto,SP,Sudeste
7646,24,SKU-230,2025-04-11,13,4,22.84,7250.92,Fortaleza,CE,Nordeste
7647,178,SKU-149,2026-04-04,12,2,7.99,5760.14,Manaus,AM,Norte
7648,54,SKU-191,2025-03-13,15,2,33.54,653.82,Juiz de Fora,MG,Sudeste
7649,164,SKU-125,2025-10-17,3,1,34.98,1657.38,Sao Jose dos Campos,SP,Sudeste
7650,31,SKU-019,2025-04-30,7,2,29.74,1194.58,Autazes,AM,Norte
7651,583,SKU-234,2025-03-11,1,4,18.0,365.8,Guarulhos,SP,Sudeste
7652,582,SKU-079,2025-03-23,13,3,34.52,6949.89,Juazeiro do Norte,CE,Nordeste
7653,107,SKU-237,2026-02-25,12,3,27.26,8981.16,Foz do Iguacu,PR,Sul
7654,958,SKU-186,2026-02-04,12,1,23.78,273.82,Itabuna,BA,Nordeste
7655,1148,SKU-003,2026-01-08,3,2,13.82,5770.64,Sao Jose dos Pinhais,PR,Sul
7656,1213,SKU-164,2025-08-06,8,1,25.62,605.18,Rio de Janeiro,RJ,Sudeste
7657,800,SKU-150,2025-08-26,14,3,15.62,3422.67,Feira de Santana,BA,Nordeste
7658,86,SKU-171,2025-01-28,8,4,33.93,8019.52,Governador Valadares,MG,Sudeste
7659,1042,SKU-219,2025-11-27,3,2,26.96,2380.7,Aguas Claras,DF,Centro-Oeste
7660,163,SKU-147,2025-03-22,8,4,31.14,10855.52,Santos,SP,Sudeste
7661,20,SKU-048,2025-05-23,15,4,12.04,4887.76,Juiz de Fora,MG,Sudeste
7662,271,SKU-231,2026-03-09,7,1,33.05,1994.03,Caucaia,CE,Nordeste
7663,488,SKU-050,2025-07-14,2,3,20.77,5969.37,Caninde,CE,Nordeste
7664,3,SKU-092,2025-06-07,4,3,24.32,7229.58,Salvador,BA,Nordeste
7665,160,SKU-241,2025-08-05,15,3,14.32,1177.89,Niteroi,RJ,Sudeste
7666,757,SKU-052,2025-12-13,5,4,23.55,6768.84,Jaboatao dos Guararapes,PE,Nordeste
7667,1390,SKU-076,2025-01-24,8,1,14.86,2724.44,Recanto das Emas,DF,Centro-Oeste
7668,562,SKU-078,2025-08-14,8,1,31.45,1805.35,Juiz de Fora,MG,Sudeste
7669,770,SKU-160,2025-03-28,7,1,5.39,2800.85,Sobral,CE,Nordeste
7670,198,SKU-240,2025-02-11,3,4,16.08,1466.84,Porto Alegre,RS,Sul
7671,655,SKU-222,2025-01-07,11,1,17.71,874.92,Paulista,PE,Nordeste
7672,48,SKU-041,2025-02-21,3,3,9.08,6175.83,Ribeirao Preto,SP,Sudeste
7673,40,SKU-072,2026-04-22,9,1,12.85,1478.73,Coari,AM,Norte
7674,1447,SKU-013,2025-03-19,6,2,17.1,3961.94,Betim,MG,Sudeste
7675,2,SKU-158,2025-08-31,6,2,26.67,4565.44,Osasco,SP,Sudeste
7676,1207,SKU-177,2026-03-30,3,3,9.34,8341.11,Samambaia,DF,Centro-Oeste
7677,234,SKU-077,2025-10-11,3,4,14.19,9929.72,Rio de Janeiro,RJ,Sudeste
7678,533,SKU-190,2025-05-18,15,1,21.92,1728.83,Paulista,PE,Nordeste
7679,419,SKU-162,2026-01-03,13,4,8.42,7448.48,Caninde,CE,Nordeste
7680,283,SKU-004,2025-06-26,4,4,22.36,11105.68,Itapipoca,CE,Nordeste
7681,105,SKU-055,2025-06-28,3,3,20.59,4816.92,Sobral,CE,Nordeste
7682,256,SKU-160,2025-01-10,8,1,18.42,2800.85,Campinas,SP,Sudeste
7683,357,SKU-072,2026-04-08,15,3,5.97,4436.19,Campos dos Goytacazes,RJ,Sudeste
7684,614,SKU-178,2025-05-06,5,3,18.73,6705.87,Garanhuns,PE,Nordeste
7685,803,SKU-172,2026-03-04,4,1,8.47,1793.74,Sao Paulo,SP,Sudeste
7686,495,SKU-247,2025-05-05,7,4,26.88,6207.56,Paranagua,PR,Sul
7687,185,SKU-160,2025-12-07,9,3,31.22,8402.55,Curitiba,PR,Sul
7688,452,SKU-129,2025-12-10,2,1,10.92,561.4,Juazeiro do Norte,CE,Nordeste
7689,1265,SKU-147,2025-07-29,13,1,14.21,2713.88,Cabo Frio,RJ,Sudeste
7690,2,SKU-168,2025-11-02,12,2,22.58,2991.28,Recife,PE,Nordeste
7691,771,SKU-108,2025-06-10,4,1,29.36,2375.08,Maues,AM,Norte
7692,1097,SKU-079,2025-08-14,4,2,10.04,4633.26,Porto Seguro,BA,Nordeste
7693,944,SKU-076,2025-07-23,11,4,17.62,10897.76,Itacoatiara,AM,Norte
7694,197,SKU-211,2025-09-07,5,1,15.29,964.92,Paranagua,PR,Sul
7695,1261,SKU-181,2025-06-25,6,3,33.74,3940.62,Crato,CE,Nordeste
7696,95,SKU-216,2025-08-23,2,3,5.94,3304.08,Ilheus,BA,Nordeste
7697,63,SKU-148,2025-01-31,4,4,24.2,5646.64,Cascavel,PR,Sul
7698,31,SKU-125,2025-05-16,2,1,10.57,1657.38,Juiz de Fora,MG,Sudeste
7699,905,SKU-061,2026-04-09,9,1,24.72,1892.01,Juiz de Fora,MG,Sudeste
7700,392,SKU-137,2026-05-01,1,1,25.34,2270.15,Recife,PE,Nordeste
7701,618,SKU-036,2025-03-04,13,4,30.4,1517.92,Rio de Janeiro,RJ,Sudeste
7702,1058,SKU-074,2025-04-22,15,1,29.28,1565.48,Serra Talhada,PE,Nordeste
7703,663,SKU-127,2026-05-01,9,4,15.12,9301.28,Contagem,MG,Sudeste
7704,245,SKU-171,2026-05-11,3,4,11.17,8019.52,Petrolina,PE,Nordeste
7705,27,SKU-140,2025-12-09,12,4,9.81,3107.0,Pocos de Caldas,MG,Sudeste
7706,676,SKU-005,2025-10-01,12,2,16.88,2100.12,Angra dos Reis,RJ,Sudeste
7707,142,SKU-214,2025-07-11,7,2,21.63,1485.74,Osasco,SP,Sudeste
7708,559,SKU-023,2025-03-26,15,1,22.2,1143.5,Parintins,AM,Norte
7709,352,SKU-082,2025-12-04,8,2,26.42,1527.34,Itabuna,BA,Nordeste
7710,1117,SKU-228,2025-01-25,12,3,32.88,7239.3,Santos,SP,Sudeste
7711,70,SKU-217,2026-01-31,2,2,21.84,76.26,Londrina,PR,Sul
7712,244,SKU-155,2025-05-09,9,4,19.14,413.24,Sao Jose dos Campos,SP,Sudeste
7713,544,SKU-174,2025-03-14,10,2,33.53,5838.2,Petrolina,PE,Nordeste
7714,2,SKU-063,2026-03-19,9,3,18.51,7847.67,Gravata,PE,Nordeste
7715,549,SKU-038,2025-08-15,15,1,23.02,355.73,Rio de Janeiro,RJ,Sudeste
7716,15,SKU-090,2025-12-28,5,3,5.34,8836.92,Sobral,CE,Nordeste
7717,414,SKU-223,2025-01-24,2,2,31.88,4987.54,Angra dos Reis,RJ,Sudeste
7718,365,SKU-069,2026-05-11,10,3,23.03,5804.88,Guarulhos,SP,Sudeste
7719,59,SKU-037,2026-01-14,7,2,12.04,5130.12,Maracanau,CE,Nordeste
7720,40,SKU-007,2025-12-05,3,4,17.04,9608.96,Guarulhos,SP,Sudeste
7721,237,SKU-105,2025-09-06,13,1,31.42,328.09,Camacari,BA,Nordeste
7722,186,SKU-244,2025-04-14,6,4,9.26,2048.04,Erechim,RS,Sul
7723,1296,SKU-055,2025-09-28,4,4,13.46,6422.56,Betim,MG,Sudeste
7724,808,SKU-150,2025-02-28,13,2,28.96,2281.78,Governador Valadares,MG,Sudeste
7725,894,SKU-199,2025-06-10,5,4,11.65,7883.44,Cascavel,PR,Sul
7726,486,SKU-002,2025-09-15,6,1,32.21,2448.26,Ilheus,BA,Nordeste
7727,658,SKU-245,2026-02-04,8,1,7.11,2973.61,Passo Fundo,RS,Sul
7728,934,SKU-044,2026-02-03,12,4,14.51,6014.2,Garanhuns,PE,Nordeste
7729,447,SKU-007,2026-05-19,1,2,14.29,4804.48,Caucaia,CE,Nordeste
7730,337,SKU-118,2025-01-23,3,4,34.88,1998.2,Salvador,BA,Nordeste
7731,288,SKU-122,2025-05-18,11,2,11.05,901.3,Guarapuava,PR,Sul
7732,141,SKU-040,2025-02-17,6,2,5.38,2297.72,Iguatu,CE,Nordeste
7733,1470,SKU-147,2026-03-17,2,4,27.68,10855.52,Camacari,BA,Nordeste
7734,728,SKU-077,2025-08-22,14,3,25.79,7447.29,Quixada,CE,Nordeste
7735,834,SKU-192,2025-06-22,7,2,16.9,61.26,Aguas Claras,DF,Centro-Oeste
7736,692,SKU-115,2026-03-14,6,1,10.45,1727.82,Ribeirao Preto,SP,Sudeste
7737,1456,SKU-127,2026-05-24,5,4,19.46,9301.28,Curitiba,PR,Sul
7738,589,SKU-235,2025-02-01,6,4,28.65,7930.6,Taguatinga,DF,Centro-Oeste
7739,1041,SKU-192,2025-05-08,6,1,15.41,30.63,Porto Seguro,BA,Nordeste
7740,1415,SKU-206,2025-07-01,11,2,18.65,1306.04,Parintins,AM,Norte
7741,63,SKU-037,2025-09-22,8,1,28.16,2565.06,Guarapuava,PR,Sul
7742,345,SKU-156,2025-08-13,13,2,21.68,2723.26,Gama,DF,Centro-Oeste
7743,811,SKU-039,2026-04-20,4,4,33.83,5847.88,Governador Valadares,MG,Sudeste
7744,1082,SKU-223,2025-04-21,12,3,32.41,7481.31,Gravatai,RS,Sul
7745,1410,SKU-050,2026-04-07,1,3,7.44,5969.37,Petropolis,RJ,Sudeste
7746,1073,SKU-018,2025-03-17,14,1,16.55,2274.73,Maracanau,CE,Nordeste
7747,276,SKU-082,2025-06-29,7,2,18.64,1527.34,Paranagua,PR,Sul
7748,29,SKU-086,2025-12-17,9,3,22.52,8701.65,Maracanau,CE,Nordeste
7749,1152,SKU-003,2025-01-04,14,1,7.25,2885.32,Sorocaba,SP,Sudeste
7750,37,SKU-043,2025-09-28,12,1,25.0,422.04,Iguatu,CE,Nordeste
7751,269,SKU-134,2026-01-23,5,1,23.42,759.99,Garanhuns,PE,Nordeste
7752,200,SKU-063,2025-07-24,13,4,11.81,10463.56,Rio de Janeiro,RJ,Sudeste
7753,303,SKU-162,2025-11-05,1,4,17.0,7448.48,Caxias do Sul,RS,Sul
7754,345,SKU-118,2025-07-15,5,3,12.4,1498.65,Aguas Claras,DF,Centro-Oeste
7755,14,SKU-232,2025-11-13,14,1,9.94,1695.44,Teixeira de Freitas,BA,Nordeste
7756,1048,SKU-138,2025-01-15,10,2,18.73,2831.72,Belo Horizonte,MG,Sudeste
7757,571,SKU-176,2025-07-21,3,3,9.92,7070.79,Feira de Santana,BA,Nordeste
7758,1,SKU-159,2026-04-10,14,3,15.22,7033.62,Igarassu,PE,Nordeste
7759,785,SKU-003,2025-10-21,1,4,15.61,11541.28,Maues,AM,Norte
7760,1017,SKU-026,2025-05-16,4,1,34.53,2399.56,Fortaleza,CE,Nordeste
7761,124,SKU-238,2025-05-04,1,4,10.88,11795.84,Jaboatao dos Guararapes,PE,Nordeste
7762,18,SKU-136,2025-07-24,13,1,8.1,31.7,Gravatai,RS,Sul
7763,1307,SKU-163,2025-05-22,13,4,34.24,3718.56,Sao Paulo,SP,Sudeste
7764,804,SKU-105,2025-02-08,2,4,10.78,1312.36,Coari,AM,Norte
7765,556,SKU-099,2025-05-24,5,3,29.33,4916.64,Planaltina,DF,Centro-Oeste
7766,303,SKU-100,2025-01-30,3,3,19.87,6687.45,Contagem,MG,Sudeste
7767,672,SKU-017,2025-07-22,4,3,19.43,1376.22,Tabatinga,AM,Norte
7768,434,SKU-060,2025-07-14,10,3,16.26,4664.25,Londrina,PR,Sul
7769,194,SKU-120,2026-02-16,8,2,7.98,4260.2,Taguatinga,DF,Centro-Oeste
7770,417,SKU-159,2026-01-10,15,4,20.38,9378.16,Aguas Claras,DF,Centro-Oeste
7771,734,SKU-180,2025-07-27,7,4,25.64,3849.8,Gama,DF,Centro-Oeste
7772,443,SKU-207,2025-02-03,7,3,27.17,3571.98,Aguas Claras,DF,Centro-Oeste
7773,196,SKU-031,2026-01-26,8,2,34.58,1977.86,Colombo,PR,Sul
7774,472,SKU-210,2026-01-23,2,3,34.98,1274.16,Manaus,AM,Norte
7775,7,SKU-238,2025-04-30,15,1,20.17,2948.96,Governador Valadares,MG,Sudeste
7776,151,SKU-190,2025-01-05,9,2,9.39,3457.66,Sorocaba,SP,Sudeste
7777,97,SKU-149,2025-11-27,12,4,28.15,11520.28,Manaus,AM,Norte
7778,440,SKU-089,2025-05-18,15,4,30.7,6861.36,Maracanau,CE,Nordeste
7779,675,SKU-138,2025-07-04,12,4,16.89,5663.44,Sao Bernardo do Campo,SP,Sudeste
7780,736,SKU-010,2026-02-12,2,2,15.98,5610.96,Piracicaba,SP,Sudeste
7781,1155,SKU-121,2025-06-21,12,4,34.15,1061.56,Teresopolis,RJ,Sudeste
7782,450,SKU-243,2025-03-04,11,3,32.35,8509.41,Sao Bernardo do Campo,SP,Sudeste
7783,507,SKU-061,2025-07-05,8,2,9.15,3784.02,Novo Hamburgo,RS,Sul
7784,733,SKU-062,2026-02-14,13,3,25.6,7467.27,Campinas,SP,Sudeste
7785,489,SKU-188,2026-05-04,1,2,8.58,72.4,Petropolis,RJ,Sudeste
7786,1078,SKU-037,2026-04-21,2,2,10.34,5130.12,Caruaru,PE,Nordeste
7787,372,SKU-172,2025-04-08,11,2,34.94,3587.48,Taguatinga,DF,Centro-Oeste
7788,318,SKU-058,2025-10-13,7,1,23.18,1181.94,Camacari,BA,Nordeste
7789,100,SKU-075,2026-03-24,13,2,12.49,5256.02,Governador Valadares,MG,Sudeste
7790,963,SKU-110,2025-05-23,15,3,9.57,1377.63,Aguas Claras,DF,Centro-Oeste
7791,1418,SKU-210,2025-08-17,3,1,31.05,424.72,Sobral,CE,Nordeste
7792,670,SKU-109,2025-07-28,3,2,20.05,3074.9,Ceilandia,DF,Centro-Oeste
7793,40,SKU-225,2025-01-28,1,1,10.56,2560.93,Passo Fundo,RS,Sul
7794,613,SKU-212,2026-02-24,5,1,23.72,2611.45,Caxias do Sul,RS,Sul
7795,11,SKU-172,2025-09-09,10,2,16.69,3587.48,Contagem,MG,Sudeste
7796,81,SKU-141,2025-04-04,15,3,15.3,7261.11,Sao Jose dos Pinhais,PR,Sul
7797,307,SKU-210,2025-03-25,9,3,9.73,1274.16,Tabatinga,AM,Norte
7798,510,SKU-039,2025-12-23,12,1,33.83,1461.97,Igarassu,PE,Nordeste
7799,13,SKU-037,2025-05-17,1,2,18.51,5130.12,Piracicaba,SP,Sudeste
7800,1178,SKU-027,2025-09-03,15,3,32.87,6225.36,Cascavel,PR,Sul
7801,88,SKU-003,2025-03-27,10,3,25.28,8655.96,Canoas,RS,Sul
7802,1202,SKU-144,2025-08-18,1,2,25.77,155.28,Paulista,PE,Nordeste
7803,1026,SKU-004,2025-05-01,5,2,34.99,5552.84,Cabo Frio,RJ,Sudeste
7804,651,SKU-137,2025-08-16,4,4,13.99,9080.6,Brasilia,DF,Centro-Oeste
7805,1151,SKU-173,2025-02-23,2,1,16.62,1465.69,Recanto das Emas,DF,Centro-Oeste
7806,652,SKU-226,2025-07-27,11,3,17.25,2454.42,Sao Bernardo do Campo,SP,Sudeste
7807,968,SKU-099,2025-12-22,14,4,6.94,6555.52,Angra dos Reis,RJ,Sudeste
7808,158,SKU-036,2026-02-27,7,4,10.4,1517.92,Curitiba,PR,Sul
7809,451,SKU-236,2026-03-27,9,4,9.47,2544.64,Itabuna,BA,Nordeste
7810,276,SKU-141,2026-05-13,11,1,34.59,2420.37,Santa Maria,RS,Sul
7811,1491,SKU-027,2025-01-17,3,2,8.26,4150.24,Sobradinho,DF,Centro-Oeste
7812,1178,SKU-219,2025-07-24,4,4,22.29,4761.4,Gama,DF,Centro-Oeste
7813,1410,SKU-078,2025-05-17,1,1,14.88,1805.35,Gravata,PE,Nordeste
7814,1391,SKU-058,2026-01-03,6,2,16.88,2363.88,Porto Seguro,BA,Nordeste
7815,1171,SKU-160,2025-01-08,7,3,12.29,8402.55,Sao Jose dos Campos,SP,Sudeste
7816,27,SKU-209,2025-01-17,2,3,23.81,5955.72,Sorocaba,SP,Sudeste
7817,1,SKU-006,2025-04-10,12,3,5.1,3134.1,Sobradinho,DF,Centro-Oeste
7818,345,SKU-102,2025-10-05,15,4,9.3,7362.12,Campos dos Goytacazes,RJ,Sudeste
7819,326,SKU-205,2025-05-14,14,1,15.84,394.18,Gravatai,RS,Sul
7820,115,SKU-095,2026-05-25,3,2,12.05,721.9,Sobral,CE,Nordeste
7821,106,SKU-119,2025-10-17,2,2,24.5,275.58,Presidente Figueiredo,AM,Norte
7822,598,SKU-149,2025-11-20,2,4,27.62,11520.28,Paulista,PE,Nordeste
7823,509,SKU-076,2026-03-10,1,3,16.36,8173.32,Campos dos Goytacazes,RJ,Sudeste
7824,954,SKU-048,2026-06-08,9,3,25.13,3665.82,Guara,DF,Centro-Oeste
7825,1037,SKU-157,2025-11-07,7,1,25.82,1876.66,Juazeiro do Norte,CE,Nordeste
7826,889,SKU-178,2025-12-31,1,2,20.57,4470.58,Pocos de Caldas,MG,Sudeste
7827,704,SKU-136,2025-06-14,11,2,7.92,63.4,Porto Alegre,RS,Sul
7828,1401,SKU-090,2025-06-02,13,1,5.35,2945.64,Uberaba,MG,Sudeste
7829,729,SKU-133,2025-02-01,12,3,9.85,7767.63,Serra Talhada,PE,Nordeste
7830,464,SKU-139,2026-05-05,7,2,31.56,3656.78,Santa Maria,RS,Sul
7831,382,SKU-001,2026-03-31,7,3,24.51,3669.84,Jaboatao dos Guararapes,PE,Nordeste
7832,11,SKU-031,2025-06-04,11,1,18.78,988.93,Autazes,AM,Norte
7833,795,SKU-137,2025-03-30,15,4,24.37,9080.6,Garanhuns,PE,Nordeste
7834,257,SKU-131,2026-05-03,15,3,27.68,7336.56,Juiz de Fora,MG,Sudeste
7835,94,SKU-236,2025-08-22,2,3,14.14,1908.48,Guarapuava,PR,Sul
7836,18,SKU-146,2025-11-21,14,3,22.82,7162.41,Teixeira de Freitas,BA,Nordeste
7837,11,SKU-247,2025-03-27,5,4,28.39,6207.56,Sao Jose dos Pinhais,PR,Sul
7838,635,SKU-080,2025-03-14,5,3,32.97,4926.12,Jaboatao dos Guararapes,PE,Nordeste
7839,181,SKU-019,2025-08-12,2,1,32.43,597.29,Pelotas,RS,Sul
7840,1061,SKU-135,2025-04-23,14,4,29.08,7724.8,Ribeirao Preto,SP,Sudeste
7841,524,SKU-235,2026-01-04,15,4,30.05,7930.6,Sao Paulo,SP,Sudeste
7842,370,SKU-111,2025-03-05,2,4,33.2,9482.28,Tabatinga,AM,Norte
7843,280,SKU-242,2025-10-26,1,1,24.22,2373.33,Petrolina,PE,Nordeste
7844,1495,SKU-014,2025-12-11,12,3,33.69,3725.28,Feira de Santana,BA,Nordeste
7845,975,SKU-129,2025-06-25,5,4,28.44,2245.6,Uberaba,MG,Sudeste
7846,954,SKU-229,2025-03-19,13,1,30.34,1520.2,Petrolina,PE,Nordeste
7847,1148,SKU-122,2025-06-16,6,3,20.74,1351.95,Pelotas,RS,Sul
7848,961,SKU-083,2026-05-23,2,3,25.98,7995.6,Lauro de Freitas,BA,Nordeste
7849,862,SKU-250,2025-08-13,10,2,32.45,4638.78,Lauro de Freitas,BA,Nordeste
7850,904,SKU-058,2025-09-19,9,3,28.62,3545.82,Contagem,MG,Sudeste
7851,441,SKU-129,2026-05-16,12,1,16.92,561.4,Guarapuava,PR,Sul
7852,303,SKU-089,2026-03-19,11,2,27.51,3430.68,Betim,MG,Sudeste
7853,966,SKU-105,2025-02-02,8,4,9.09,1312.36,Itapipoca,CE,Nordeste
7854,204,SKU-162,2025-03-16,4,2,7.79,3724.24,Guarapuava,PR,Sul
7855,283,SKU-168,2026-03-09,7,2,8.12,2991.28,Recife,PE,Nordeste
7856,40,SKU-073,2025-10-10,3,3,18.95,3093.33,Ipatinga,MG,Sudeste
7857,158,SKU-083,2026-05-14,13,4,22.99,10660.8,Sobradinho,DF,Centro-Oeste
7858,1251,SKU-081,2025-03-10,14,1,23.73,1574.73,Presidente Figueiredo,AM,Norte
7859,104,SKU-052,2025-08-16,10,4,27.57,6768.84,Erechim,RS,Sul
7860,1009,SKU-111,2025-01-31,2,1,14.36,2370.57,Paranagua,PR,Sul
7861,213,SKU-176,2026-04-15,5,4,24.75,9427.72,Teresopolis,RJ,Sudeste
7862,1293,SKU-070,2025-12-03,2,3,34.9,5883.0,Aguas Claras,DF,Centro-Oeste
7863,115,SKU-225,2026-04-11,5,4,29.54,10243.72,Cabo Frio,RJ,Sudeste
7864,22,SKU-230,2025-05-26,14,4,12.56,7250.92,Sorocaba,SP,Sudeste
7865,1201,SKU-247,2026-01-06,3,2,34.39,3103.78,Pelotas,RS,Sul
7866,1483,SKU-104,2026-05-13,13,2,25.87,5173.72,Sorocaba,SP,Sudeste
7867,325,SKU-031,2026-06-07,11,4,13.37,3955.72,Pelotas,RS,Sul
7868,299,SKU-212,2026-02-16,10,1,19.06,2611.45,Sao Jose dos Pinhais,PR,Sul
7869,84,SKU-182,2025-10-12,12,3,24.28,8443.95,Ipatinga,MG,Sudeste
7870,1358,SKU-204,2025-04-13,1,1,15.63,980.25,Paranagua,PR,Sul
7871,8,SKU-221,2026-03-02,13,4,33.87,7140.8,Santos,SP,Sudeste
7872,489,SKU-168,2025-05-13,4,1,29.49,1495.64,Caruaru,PE,Nordeste
7873,1274,SKU-220,2025-09-23,3,1,28.15,2316.04,Iguatu,CE,Nordeste
7874,860,SKU-223,2025-06-14,9,4,7.55,9975.08,Pocos de Caldas,MG,Sudeste
7875,55,SKU-194,2026-02-25,13,2,8.68,5030.88,Aguas Claras,DF,Centro-Oeste
7876,462,SKU-233,2025-06-26,8,3,33.66,6194.1,Curitiba,PR,Sul
7877,379,SKU-189,2025-09-16,3,1,33.83,1119.3,Gravata,PE,Nordeste
7878,1306,SKU-072,2025-08-10,8,2,30.19,2957.46,Petropolis,RJ,Sudeste
7879,368,SKU-029,2026-04-12,9,4,13.88,3115.6,Ipatinga,MG,Sudeste
7880,562,SKU-165,2025-09-29,3,2,19.35,3309.52,Maues,AM,Norte
7881,121,SKU-119,2025-12-24,14,1,13.18,137.79,Paulista,PE,Nordeste
7882,8,SKU-085,2025-01-09,8,3,11.43,3131.88,Petrolina,PE,Nordeste
7883,6,SKU-157,2025-09-27,8,4,15.15,7506.64,Curitiba,PR,Sul
7884,637,SKU-161,2025-08-10,7,2,21.13,4351.9,Foz do Iguacu,PR,Sul
7885,1028,SKU-131,2025-08-29,11,2,9.16,4891.04,Parintins,AM,Norte
7886,1244,SKU-023,2025-02-06,10,2,9.29,2287.0,Parintins,AM,Norte
7887,119,SKU-055,2025-07-27,6,3,22.06,4816.92,Quixada,CE,Nordeste
7888,1461,SKU-162,2025-09-11,6,2,16.52,3724.24,Manacapuru,AM,Norte
7889,411,SKU-218,2025-10-16,7,3,13.22,1406.94,Osasco,SP,Sudeste
7890,372,SKU-222,2025-04-07,12,2,20.1,1749.84,Contagem,MG,Sudeste
7891,727,SKU-223,2025-04-12,11,4,29.28,9975.08,Iguatu,CE,Nordeste
7892,130,SKU-081,2025-09-13,9,2,15.68,3149.46,Caruaru,PE,Nordeste
7893,413,SKU-231,2025-06-20,15,2,10.43,3988.06,Sao Bernardo do Campo,SP,Sudeste
7894,703,SKU-162,2026-04-29,9,4,18.68,7448.48,Porto Alegre,RS,Sul
7895,1003,SKU-047,2026-06-02,1,3,32.24,670.71,Quixada,CE,Nordeste
7896,621,SKU-055,2026-03-19,13,1,25.16,1605.64,Guarapuava,PR,Sul
7897,91,SKU-171,2025-09-08,14,2,27.31,4009.76,Volta Redonda,RJ,Sudeste
7898,146,SKU-019,2025-05-14,12,1,12.68,597.29,Ceilandia,DF,Centro-Oeste
7899,55,SKU-047,2026-03-01,12,4,10.68,894.28,Planaltina,DF,Centro-Oeste
7900,28,SKU-164,2025-09-20,2,2,24.34,1210.36,Feira de Santana,BA,Nordeste
7901,438,SKU-180,2026-06-01,11,1,30.21,962.45,Santos,SP,Sudeste
7902,78,SKU-083,2025-06-20,10,1,25.02,2665.2,Manaus,AM,Norte
7903,1318,SKU-018,2025-06-09,2,3,32.73,6824.19,Belo Horizonte,MG,Sudeste
7904,467,SKU-209,2025-11-01,13,2,14.74,3970.48,Guara,DF,Centro-Oeste
7905,86,SKU-198,2025-02-25,15,4,14.58,5735.2,Ipatinga,MG,Sudeste
7906,62,SKU-013,2025-04-16,14,4,25.93,7923.88,Coari,AM,Norte
7907,209,SKU-050,2025-07-06,12,3,30.02,5969.37,Curitiba,PR,Sul
7908,207,SKU-111,2025-01-01,13,4,14.82,9482.28,Parintins,AM,Norte
7909,167,SKU-161,2025-01-09,12,3,25.53,6527.85,Angra dos Reis,RJ,Sudeste
7910,349,SKU-163,2026-03-24,4,2,32.86,1859.28,Taguatinga,DF,Centro-Oeste
7911,795,SKU-073,2026-02-27,7,4,8.21,4124.44,Cascavel,PR,Sul
7912,13,SKU-113,2025-07-14,11,2,18.58,3626.58,Porto Alegre,RS,Sul
7913,310,SKU-186,2026-01-29,1,4,30.45,1095.28,Curitiba,PR,Sul
7914,20,SKU-133,2025-11-04,10,4,28.98,10356.84,Garanhuns,PE,Nordeste
7915,551,SKU-191,2026-01-10,8,2,15.33,653.82,Recife,PE,Nordeste
7916,1387,SKU-038,2025-10-08,7,1,21.5,355.73,Paranagua,PR,Sul
7917,206,SKU-040,2025-01-30,13,3,16.45,3446.58,Betim,MG,Sudeste
7918,324,SKU-137,2025-03-02,14,2,34.13,4540.3,Autazes,AM,Norte
7919,12,SKU-161,2025-10-25,12,2,18.69,4351.9,Ribeirao Preto,SP,Sudeste
7920,1182,SKU-165,2025-07-11,15,4,6.8,6619.04,Recife,PE,Nordeste
7921,1346,SKU-187,2026-04-11,6,3,6.65,3908.31,Guara,DF,Centro-Oeste
7922,917,SKU-244,2025-05-29,1,2,29.39,1024.02,Caninde,CE,Nordeste
7923,269,SKU-127,2026-03-31,10,3,30.53,6975.96,Cabo Frio,RJ,Sudeste
7924,1441,SKU-003,2025-03-10,5,4,11.09,11541.28,Gravata,PE,Nordeste
7925,30,SKU-217,2026-03-11,9,2,32.82,76.26,Jaboatao dos Guararapes,PE,Nordeste
7926,1107,SKU-025,2025-09-01,6,3,15.22,2937.93,Aguas Claras,DF,Centro-Oeste
7927,328,SKU-120,2025-05-29,13,4,29.85,8520.4,Cabo Frio,RJ,Sudeste
7928,1228,SKU-173,2025-04-28,13,3,30.66,4397.07,Olinda,PE,Nordeste
7929,938,SKU-061,2026-06-06,13,1,9.73,1892.01,Fortaleza,CE,Nordeste
7930,1093,SKU-075,2026-02-21,2,1,21.72,2628.01,Quixada,CE,Nordeste
7931,1165,SKU-105,2025-10-13,1,1,20.57,328.09,Guarapuava,PR,Sul
7932,109,SKU-170,2025-03-31,15,2,22.58,3377.9,Novo Hamburgo,RS,Sul
7933,69,SKU-038,2025-05-31,8,1,31.95,355.73,Uberaba,MG,Sudeste
7934,556,SKU-131,2025-01-05,3,1,11.37,2445.52,Paranagua,PR,Sul
7935,849,SKU-011,2026-03-21,7,4,32.25,8551.88,Tefe,AM,Norte
7936,364,SKU-018,2026-03-18,1,3,11.29,6824.19,Igarassu,PE,Nordeste
7937,99,SKU-160,2025-06-27,5,4,14.05,11203.4,Ceilandia,DF,Centro-Oeste
7938,91,SKU-140,2025-08-31,15,4,25.22,3107.0,Sorocaba,SP,Sudeste
7939,82,SKU-141,2025-07-16,5,2,29.78,4840.74,Campinas,SP,Sudeste
7940,291,SKU-214,2026-05-17,11,1,15.51,742.87,Cabo Frio,RJ,Sudeste
7941,486,SKU-143,2025-07-08,5,4,6.57,3678.28,Juiz de Fora,MG,Sudeste
7942,794,SKU-157,2025-03-07,8,2,16.3,3753.32,Ponta Grossa,PR,Sul
7943,119,SKU-095,2026-04-05,14,4,18.09,1443.8,Erechim,RS,Sul
7944,150,SKU-138,2025-03-29,12,2,19.9,2831.72,Coari,AM,Norte
7945,422,SKU-041,2026-05-16,10,4,16.07,8234.44,Paranagua,PR,Sul
7946,61,SKU-044,2026-04-21,5,1,7.49,1503.55,Taguatinga,DF,Centro-Oeste
7947,653,SKU-119,2025-12-30,4,3,19.52,413.37,Aguas Claras,DF,Centro-Oeste
7948,102,SKU-031,2025-03-15,9,2,14.58,1977.86,Fortaleza,CE,Nordeste
7949,326,SKU-029,2026-03-03,1,3,6.59,2336.7,Angra dos Reis,RJ,Sudeste
7950,72,SKU-175,2026-03-26,5,4,7.05,10373.92,Vitoria da Conquista,BA,Nordeste
7951,43,SKU-248,2025-04-16,4,4,22.41,7498.36,Foz do Iguacu,PR,Sul
7952,977,SKU-182,2025-09-23,3,3,15.3,8443.95,Ipatinga,MG,Sudeste
7953,128,SKU-164,2026-03-25,8,3,27.79,1815.54,Sobradinho,DF,Centro-Oeste
7954,609,SKU-150,2025-05-17,15,1,7.69,1140.89,Itacoatiara,AM,Norte
7955,575,SKU-051,2026-05-10,7,2,16.02,456.9,Recanto das Emas,DF,Centro-Oeste
7956,442,SKU-249,2025-11-26,14,1,16.39,703.45,Campinas,SP,Sudeste
7957,1286,SKU-103,2025-12-20,2,3,20.78,1046.82,Paulista,PE,Nordeste
7958,15,SKU-250,2025-01-30,2,2,14.72,4638.78,Camacari,BA,Nordeste
7959,973,SKU-140,2025-02-27,7,1,17.48,776.75,Sorocaba,SP,Sudeste
7960,1088,SKU-195,2026-05-11,4,4,24.75,891.52,Uberlandia,MG,Sudeste
7961,1395,SKU-005,2025-02-11,1,3,27.0,3150.18,Bento Goncalves,RS,Sul
7962,1266,SKU-232,2026-03-12,8,2,26.62,3390.88,Samambaia,DF,Centro-Oeste
7963,435,SKU-200,2025-09-07,10,4,22.55,11817.04,Rio de Janeiro,RJ,Sudeste
7964,705,SKU-186,2026-05-27,2,4,10.07,1095.28,Teresopolis,RJ,Sudeste
7965,995,SKU-051,2025-01-07,9,1,17.96,228.45,Campos dos Goytacazes,RJ,Sudeste
7966,5,SKU-070,2026-05-09,8,2,8.05,3922.0,Gravatai,RS,Sul
7967,1193,SKU-009,2025-01-21,8,2,14.91,3291.34,Caucaia,CE,Nordeste
7968,1237,SKU-231,2025-07-10,11,1,6.58,1994.03,Juazeiro,BA,Nordeste
7969,213,SKU-168,2025-04-22,15,4,33.28,5982.56,Brasilia,DF,Centro-Oeste
7970,1487,SKU-168,2025-11-29,4,2,22.68,2991.28,Maringa,PR,Sul
7971,33,SKU-089,2025-09-29,3,2,24.39,3430.68,Sao Jose dos Pinhais,PR,Sul
7972,719,SKU-054,2025-06-28,13,1,32.68,2370.62,Ponta Grossa,PR,Sul
7973,1,SKU-085,2025-07-27,11,2,25.77,2087.92,Novo Hamburgo,RS,Sul
7974,12,SKU-035,2025-05-24,15,4,31.81,11108.76,Brasilia,DF,Centro-Oeste
7975,109,SKU-167,2026-05-11,10,3,13.94,4390.53,Porto Alegre,RS,Sul
7976,614,SKU-132,2025-04-15,1,1,30.16,430.8,Caninde,CE,Nordeste
7977,987,SKU-214,2026-05-15,5,4,29.75,2971.48,Caninde,CE,Nordeste
7978,186,SKU-238,2025-07-22,6,3,24.14,8846.88,Canoas,RS,Sul
7979,703,SKU-118,2026-06-09,11,3,11.57,1498.65,Campinas,SP,Sudeste
7980,12,SKU-195,2025-02-16,4,2,10.93,445.76,Jaboatao dos Guararapes,PE,Nordeste
7981,244,SKU-124,2025-12-01,4,1,17.65,304.04,Salvador,BA,Nordeste
7982,100,SKU-185,2026-01-19,4,1,31.95,502.8,Campos dos Goytacazes,RJ,Sudeste
7983,968,SKU-187,2026-05-06,11,3,34.41,3908.31,Teixeira de Freitas,BA,Nordeste
7984,1371,SKU-106,2025-06-22,4,3,31.63,1429.95,Porto Alegre,RS,Sul
7985,119,SKU-167,2025-05-09,8,4,28.53,5854.04,Santos,SP,Sudeste
7986,1056,SKU-048,2025-05-12,15,4,31.67,4887.76,Taguatinga,DF,Centro-Oeste
7987,318,SKU-163,2026-04-21,12,1,8.9,929.64,Planaltina,DF,Centro-Oeste
7988,2,SKU-151,2026-05-16,13,3,7.44,7860.54,Rio de Janeiro,RJ,Sudeste
7989,61,SKU-061,2025-09-28,6,1,22.24,1892.01,Aguas Claras,DF,Centro-Oeste
7990,276,SKU-219,2026-01-02,11,4,13.24,4761.4,Lauro de Freitas,BA,Nordeste
7991,1341,SKU-169,2025-04-04,3,4,6.92,8767.72,Sao Jose dos Campos,SP,Sudeste
7992,1201,SKU-038,2025-10-26,4,3,10.21,1067.19,Uberlandia,MG,Sudeste
7993,460,SKU-189,2025-07-28,13,2,8.83,2238.6,Canoas,RS,Sul
7994,5,SKU-016,2025-02-21,6,3,26.96,95.31,Uberaba,MG,Sudeste
7995,225,SKU-049,2025-01-30,6,2,22.89,203.2,Piracicaba,SP,Sudeste
7996,1144,SKU-126,2025-07-07,3,1,10.09,81.03,Crato,CE,Nordeste
7997,7,SKU-215,2025-06-26,2,3,15.72,6512.19,Samambaia,DF,Centro-Oeste
7998,407,SKU-111,2025-01-08,5,4,26.19,9482.28,Caxias do Sul,RS,Sul
7999,98,SKU-123,2025-10-16,6,3,11.93,3738.33,Porto Alegre,RS,Sul
8000,88,SKU-091,2026-03-06,1,2,33.31,1920.06,Caruaru,PE,Nordeste
